IoU,AvgIOU,TP,FP,FN,Precision,Recall,F1,file,folder,model,,TP,FP,FN,Precision,Recall,F1
0.2,0.844622585,20,0,0,1,1,1,MIT_1,train,best.pt,,,,,,,
0.25,0.844622585,20,0,0,1,1,1,MIT_1,train,best.pt,,,,,,,
0.3,0.844622585,20,0,0,1,1,1,MIT_1,train,best.pt,,,,,,,
0.35,0.844622585,20,0,0,1,1,1,MIT_1,train,best.pt,,,,,,,
0.4,0.844622585,20,0,0,1,1,1,MIT_1,train,best.pt,,,,,,,
0.45,0.844622585,20,0,0,1,1,1,MIT_1,train,best.pt,,,,,,,
0.5,0.844622585,20,0,0,1,1,1,MIT_1,train,best.pt,,204992,864,1305,0.995802891,0.993674169,0.994737391
0.2,0.782202168,20,0,0,1,1,1,MIT_100,train,best.pt,,,,,,,
0.25,0.782202168,20,0,0,1,1,1,MIT_100,train,best.pt,,,,,,,
0.3,0.782202168,20,0,0,1,1,1,MIT_100,train,best.pt,,,,,,,
0.35,0.782202168,20,0,0,1,1,1,MIT_100,train,best.pt,,,,,,,
0.4,0.782202168,20,0,0,1,1,1,MIT_100,train,best.pt,,,,,,,
0.45,0.782202168,20,0,0,1,1,1,MIT_100,train,best.pt,,,,,,,
0.5,0.782202168,20,0,0,1,1,1,MIT_100,train,best.pt,,,,,,,
0.2,0.864173814,20,0,0,1,1,1,MIT_102,train,best.pt,,,,,,,
0.25,0.864173814,20,0,0,1,1,1,MIT_102,train,best.pt,,,,,,,
0.3,0.864173814,20,0,0,1,1,1,MIT_102,train,best.pt,,,,,,,
0.35,0.864173814,20,0,0,1,1,1,MIT_102,train,best.pt,,,,,,,
0.4,0.864173814,20,0,0,1,1,1,MIT_102,train,best.pt,,,,,,,
0.45,0.864173814,20,0,0,1,1,1,MIT_102,train,best.pt,,,,,,,
0.5,0.864173814,20,0,0,1,1,1,MIT_102,train,best.pt,,,,,,,
0.2,0.839827428,20,0,0,1,1,1,MIT_103,train,best.pt,,,,,,,
0.25,0.839827428,20,0,0,1,1,1,MIT_103,train,best.pt,,,,,,,
0.3,0.839827428,20,0,0,1,1,1,MIT_103,train,best.pt,,,,,,,
0.35,0.839827428,20,0,0,1,1,1,MIT_103,train,best.pt,,,,,,,
0.4,0.839827428,20,0,0,1,1,1,MIT_103,train,best.pt,,,,,,,
0.45,0.839827428,20,0,0,1,1,1,MIT_103,train,best.pt,,,,,,,
0.5,0.839827428,20,0,0,1,1,1,MIT_103,train,best.pt,,,,,,,
0.2,0.858401854,20,0,0,1,1,1,MIT_104,train,best.pt,,,,,,,
0.25,0.858401854,20,0,0,1,1,1,MIT_104,train,best.pt,,,,,,,
0.3,0.858401854,20,0,0,1,1,1,MIT_104,train,best.pt,,,,,,,
0.35,0.858401854,20,0,0,1,1,1,MIT_104,train,best.pt,,,,,,,
0.4,0.858401854,20,0,0,1,1,1,MIT_104,train,best.pt,,,,,,,
0.45,0.858401854,20,0,0,1,1,1,MIT_104,train,best.pt,,,,,,,
0.5,0.858401854,20,0,0,1,1,1,MIT_104,train,best.pt,,,,,,,
0.2,0.857101215,20,0,0,1,1,1,MIT_105,train,best.pt,,,,,,,
0.25,0.857101215,20,0,0,1,1,1,MIT_105,train,best.pt,,,,,,,
0.3,0.857101215,20,0,0,1,1,1,MIT_105,train,best.pt,,,,,,,
0.35,0.857101215,20,0,0,1,1,1,MIT_105,train,best.pt,,,,,,,
0.4,0.857101215,20,0,0,1,1,1,MIT_105,train,best.pt,,,,,,,
0.45,0.857101215,20,0,0,1,1,1,MIT_105,train,best.pt,,,,,,,
0.5,0.857101215,20,0,0,1,1,1,MIT_105,train,best.pt,,,,,,,
0.2,0.763594009,20,0,0,1,1,1,MIT_107,train,best.pt,,,,,,,
0.25,0.763594009,20,0,0,1,1,1,MIT_107,train,best.pt,,,,,,,
0.3,0.763594009,20,0,0,1,1,1,MIT_107,train,best.pt,,,,,,,
0.35,0.763594009,20,0,0,1,1,1,MIT_107,train,best.pt,,,,,,,
0.4,0.763594009,20,0,0,1,1,1,MIT_107,train,best.pt,,,,,,,
0.45,0.763594009,20,0,0,1,1,1,MIT_107,train,best.pt,,,,,,,
0.5,0.763594009,20,0,0,1,1,1,MIT_107,train,best.pt,,,,,,,
0.2,0.83729628,20,0,0,1,1,1,MIT_108,train,best.pt,,,,,,,
0.25,0.83729628,20,0,0,1,1,1,MIT_108,train,best.pt,,,,,,,
0.3,0.83729628,20,0,0,1,1,1,MIT_108,train,best.pt,,,,,,,
0.35,0.83729628,20,0,0,1,1,1,MIT_108,train,best.pt,,,,,,,
0.4,0.83729628,20,0,0,1,1,1,MIT_108,train,best.pt,,,,,,,
0.45,0.83729628,20,0,0,1,1,1,MIT_108,train,best.pt,,,,,,,
0.5,0.83729628,20,0,0,1,1,1,MIT_108,train,best.pt,,,,,,,
0.2,0.795638727,20,0,0,1,1,1,MIT_112,train,best.pt,,,,,,,
0.25,0.795638727,20,0,0,1,1,1,MIT_112,train,best.pt,,,,,,,
0.3,0.795638727,20,0,0,1,1,1,MIT_112,train,best.pt,,,,,,,
0.35,0.795638727,20,0,0,1,1,1,MIT_112,train,best.pt,,,,,,,
0.4,0.795638727,20,0,0,1,1,1,MIT_112,train,best.pt,,,,,,,
0.45,0.795638727,20,0,0,1,1,1,MIT_112,train,best.pt,,,,,,,
0.5,0.795638727,20,0,0,1,1,1,MIT_112,train,best.pt,,,,,,,
0.2,0.811051589,17,1,0,0.94,1,0.97,MIT_113,train,best.pt,,,,,,,
0.25,0.811051589,17,1,0,0.94,1,0.97,MIT_113,train,best.pt,,,,,,,
0.3,0.811051589,17,1,0,0.94,1,0.97,MIT_113,train,best.pt,,,,,,,
0.35,0.811051589,17,1,0,0.94,1,0.97,MIT_113,train,best.pt,,,,,,,
0.4,0.811051589,17,1,0,0.94,1,0.97,MIT_113,train,best.pt,,,,,,,
0.45,0.811051589,17,1,0,0.94,1,0.97,MIT_113,train,best.pt,,,,,,,
0.5,0.811051589,17,1,0,0.94,1,0.97,MIT_113,train,best.pt,,,,,,,
0.2,0.833651049,20,0,0,1,1,1,MIT_114,train,best.pt,,,,,,,
0.25,0.833651049,20,0,0,1,1,1,MIT_114,train,best.pt,,,,,,,
0.3,0.833651049,20,0,0,1,1,1,MIT_114,train,best.pt,,,,,,,
0.35,0.833651049,20,0,0,1,1,1,MIT_114,train,best.pt,,,,,,,
0.4,0.833651049,20,0,0,1,1,1,MIT_114,train,best.pt,,,,,,,
0.45,0.833651049,20,0,0,1,1,1,MIT_114,train,best.pt,,,,,,,
0.5,0.833651049,20,0,0,1,1,1,MIT_114,train,best.pt,,,,,,,
0.2,0.846476133,20,0,0,1,1,1,MIT_115,train,best.pt,,,,,,,
0.25,0.846476133,20,0,0,1,1,1,MIT_115,train,best.pt,,,,,,,
0.3,0.846476133,20,0,0,1,1,1,MIT_115,train,best.pt,,,,,,,
0.35,0.846476133,20,0,0,1,1,1,MIT_115,train,best.pt,,,,,,,
0.4,0.846476133,20,0,0,1,1,1,MIT_115,train,best.pt,,,,,,,
0.45,0.846476133,20,0,0,1,1,1,MIT_115,train,best.pt,,,,,,,
0.5,0.846476133,20,0,0,1,1,1,MIT_115,train,best.pt,,,,,,,
0.2,0.816893576,20,0,0,1,1,1,MIT_116,train,best.pt,,,,,,,
0.25,0.816893576,20,0,0,1,1,1,MIT_116,train,best.pt,,,,,,,
0.3,0.816893576,20,0,0,1,1,1,MIT_116,train,best.pt,,,,,,,
0.35,0.816893576,20,0,0,1,1,1,MIT_116,train,best.pt,,,,,,,
0.4,0.816893576,20,0,0,1,1,1,MIT_116,train,best.pt,,,,,,,
0.45,0.816893576,20,0,0,1,1,1,MIT_116,train,best.pt,,,,,,,
0.5,0.816893576,20,0,0,1,1,1,MIT_116,train,best.pt,,,,,,,
0.2,0.845190956,21,0,0,1,1,1,MIT_118,train,best.pt,,,,,,,
0.25,0.845190956,21,0,0,1,1,1,MIT_118,train,best.pt,,,,,,,
0.3,0.845190956,21,0,0,1,1,1,MIT_118,train,best.pt,,,,,,,
0.35,0.845190956,21,0,0,1,1,1,MIT_118,train,best.pt,,,,,,,
0.4,0.845190956,21,0,0,1,1,1,MIT_118,train,best.pt,,,,,,,
0.45,0.845190956,21,0,0,1,1,1,MIT_118,train,best.pt,,,,,,,
0.5,0.845190956,21,0,0,1,1,1,MIT_118,train,best.pt,,,,,,,
0.2,0.874924331,20,0,0,1,1,1,MIT_12,train,best.pt,,,,,,,
0.25,0.874924331,20,0,0,1,1,1,MIT_12,train,best.pt,,,,,,,
0.3,0.874924331,20,0,0,1,1,1,MIT_12,train,best.pt,,,,,,,
0.35,0.874924331,20,0,0,1,1,1,MIT_12,train,best.pt,,,,,,,
0.4,0.874924331,20,0,0,1,1,1,MIT_12,train,best.pt,,,,,,,
0.45,0.874924331,20,0,0,1,1,1,MIT_12,train,best.pt,,,,,,,
0.5,0.874924331,20,0,0,1,1,1,MIT_12,train,best.pt,,,,,,,
0.2,0.861351149,20,0,0,1,1,1,MIT_123,train,best.pt,,,,,,,
0.25,0.861351149,20,0,0,1,1,1,MIT_123,train,best.pt,,,,,,,
0.3,0.861351149,20,0,0,1,1,1,MIT_123,train,best.pt,,,,,,,
0.35,0.861351149,20,0,0,1,1,1,MIT_123,train,best.pt,,,,,,,
0.4,0.861351149,20,0,0,1,1,1,MIT_123,train,best.pt,,,,,,,
0.45,0.861351149,20,0,0,1,1,1,MIT_123,train,best.pt,,,,,,,
0.5,0.861351149,20,0,0,1,1,1,MIT_123,train,best.pt,,,,,,,
0.2,0.801520219,20,0,0,1,1,1,MIT_124,train,best.pt,,,,,,,
0.25,0.801520219,20,0,0,1,1,1,MIT_124,train,best.pt,,,,,,,
0.3,0.801520219,20,0,0,1,1,1,MIT_124,train,best.pt,,,,,,,
0.35,0.801520219,20,0,0,1,1,1,MIT_124,train,best.pt,,,,,,,
0.4,0.801520219,20,0,0,1,1,1,MIT_124,train,best.pt,,,,,,,
0.45,0.801520219,20,0,0,1,1,1,MIT_124,train,best.pt,,,,,,,
0.5,0.801520219,20,0,0,1,1,1,MIT_124,train,best.pt,,,,,,,
0.2,0.843619092,20,0,0,1,1,1,MIT_125,train,best.pt,,,,,,,
0.25,0.843619092,20,0,0,1,1,1,MIT_125,train,best.pt,,,,,,,
0.3,0.843619092,20,0,0,1,1,1,MIT_125,train,best.pt,,,,,,,
0.35,0.843619092,20,0,0,1,1,1,MIT_125,train,best.pt,,,,,,,
0.4,0.843619092,20,0,0,1,1,1,MIT_125,train,best.pt,,,,,,,
0.45,0.843619092,20,0,0,1,1,1,MIT_125,train,best.pt,,,,,,,
0.5,0.843619092,20,0,0,1,1,1,MIT_125,train,best.pt,,,,,,,
0.2,0.842621212,20,0,0,1,1,1,MIT_126,train,best.pt,,,,,,,
0.25,0.842621212,20,0,0,1,1,1,MIT_126,train,best.pt,,,,,,,
0.3,0.842621212,20,0,0,1,1,1,MIT_126,train,best.pt,,,,,,,
0.35,0.842621212,20,0,0,1,1,1,MIT_126,train,best.pt,,,,,,,
0.4,0.842621212,20,0,0,1,1,1,MIT_126,train,best.pt,,,,,,,
0.45,0.842621212,20,0,0,1,1,1,MIT_126,train,best.pt,,,,,,,
0.5,0.842621212,20,0,0,1,1,1,MIT_126,train,best.pt,,,,,,,
0.2,0.75820012,20,0,0,1,1,1,MIT_127,train,best.pt,,,,,,,
0.25,0.75820012,20,0,0,1,1,1,MIT_127,train,best.pt,,,,,,,
0.3,0.75820012,20,0,0,1,1,1,MIT_127,train,best.pt,,,,,,,
0.35,0.75820012,20,0,0,1,1,1,MIT_127,train,best.pt,,,,,,,
0.4,0.75820012,20,0,0,1,1,1,MIT_127,train,best.pt,,,,,,,
0.45,0.75820012,20,0,0,1,1,1,MIT_127,train,best.pt,,,,,,,
0.5,0.75820012,20,0,0,1,1,1,MIT_127,train,best.pt,,,,,,,
0.2,0.828227993,19,0,0,1,1,1,MIT_130,train,best.pt,,,,,,,
0.25,0.828227993,19,0,0,1,1,1,MIT_130,train,best.pt,,,,,,,
0.3,0.828227993,19,0,0,1,1,1,MIT_130,train,best.pt,,,,,,,
0.35,0.828227993,19,0,0,1,1,1,MIT_130,train,best.pt,,,,,,,
0.4,0.828227993,19,0,0,1,1,1,MIT_130,train,best.pt,,,,,,,
0.45,0.828227993,19,0,0,1,1,1,MIT_130,train,best.pt,,,,,,,
0.5,0.828227993,19,0,0,1,1,1,MIT_130,train,best.pt,,,,,,,
0.2,0.870173919,20,0,0,1,1,1,MIT_132,train,best.pt,,,,,,,
0.25,0.870173919,20,0,0,1,1,1,MIT_132,train,best.pt,,,,,,,
0.3,0.870173919,20,0,0,1,1,1,MIT_132,train,best.pt,,,,,,,
0.35,0.870173919,20,0,0,1,1,1,MIT_132,train,best.pt,,,,,,,
0.4,0.870173919,20,0,0,1,1,1,MIT_132,train,best.pt,,,,,,,
0.45,0.870173919,20,0,0,1,1,1,MIT_132,train,best.pt,,,,,,,
0.5,0.870173919,20,0,0,1,1,1,MIT_132,train,best.pt,,,,,,,
0.2,0.856763019,20,0,0,1,1,1,MIT_134,train,best.pt,,,,,,,
0.25,0.856763019,20,0,0,1,1,1,MIT_134,train,best.pt,,,,,,,
0.3,0.856763019,20,0,0,1,1,1,MIT_134,train,best.pt,,,,,,,
0.35,0.856763019,20,0,0,1,1,1,MIT_134,train,best.pt,,,,,,,
0.4,0.856763019,20,0,0,1,1,1,MIT_134,train,best.pt,,,,,,,
0.45,0.856763019,20,0,0,1,1,1,MIT_134,train,best.pt,,,,,,,
0.5,0.856763019,20,0,0,1,1,1,MIT_134,train,best.pt,,,,,,,
0.2,0.82172727,20,0,0,1,1,1,MIT_136,train,best.pt,,,,,,,
0.25,0.82172727,20,0,0,1,1,1,MIT_136,train,best.pt,,,,,,,
0.3,0.82172727,20,0,0,1,1,1,MIT_136,train,best.pt,,,,,,,
0.35,0.82172727,20,0,0,1,1,1,MIT_136,train,best.pt,,,,,,,
0.4,0.82172727,20,0,0,1,1,1,MIT_136,train,best.pt,,,,,,,
0.45,0.82172727,20,0,0,1,1,1,MIT_136,train,best.pt,,,,,,,
0.5,0.82172727,20,0,0,1,1,1,MIT_136,train,best.pt,,,,,,,
0.2,0.830257748,20,0,0,1,1,1,MIT_137,train,best.pt,,,,,,,
0.25,0.830257748,20,0,0,1,1,1,MIT_137,train,best.pt,,,,,,,
0.3,0.830257748,20,0,0,1,1,1,MIT_137,train,best.pt,,,,,,,
0.35,0.830257748,20,0,0,1,1,1,MIT_137,train,best.pt,,,,,,,
0.4,0.830257748,20,0,0,1,1,1,MIT_137,train,best.pt,,,,,,,
0.45,0.830257748,20,0,0,1,1,1,MIT_137,train,best.pt,,,,,,,
0.5,0.830257748,20,0,0,1,1,1,MIT_137,train,best.pt,,,,,,,
0.2,0.83491274,21,0,0,1,1,1,MIT_138,train,best.pt,,,,,,,
0.25,0.83491274,21,0,0,1,1,1,MIT_138,train,best.pt,,,,,,,
0.3,0.83491274,21,0,0,1,1,1,MIT_138,train,best.pt,,,,,,,
0.35,0.83491274,21,0,0,1,1,1,MIT_138,train,best.pt,,,,,,,
0.4,0.83491274,21,0,0,1,1,1,MIT_138,train,best.pt,,,,,,,
0.45,0.83491274,21,0,0,1,1,1,MIT_138,train,best.pt,,,,,,,
0.5,0.83491274,21,0,0,1,1,1,MIT_138,train,best.pt,,,,,,,
0.2,0.785949753,19,0,1,1,0.95,0.97,MIT_139,train,best.pt,,,,,,,
0.25,0.785949753,19,0,1,1,0.95,0.97,MIT_139,train,best.pt,,,,,,,
0.3,0.785949753,19,0,1,1,0.95,0.97,MIT_139,train,best.pt,,,,,,,
0.35,0.785949753,19,0,1,1,0.95,0.97,MIT_139,train,best.pt,,,,,,,
0.4,0.785949753,19,0,1,1,0.95,0.97,MIT_139,train,best.pt,,,,,,,
0.45,0.785949753,19,0,1,1,0.95,0.97,MIT_139,train,best.pt,,,,,,,
0.5,0.785949753,19,0,1,1,0.95,0.97,MIT_139,train,best.pt,,,,,,,
0.2,0.845411522,20,0,0,1,1,1,MIT_14,train,best.pt,,,,,,,
0.25,0.845411522,20,0,0,1,1,1,MIT_14,train,best.pt,,,,,,,
0.3,0.845411522,20,0,0,1,1,1,MIT_14,train,best.pt,,,,,,,
0.35,0.845411522,20,0,0,1,1,1,MIT_14,train,best.pt,,,,,,,
0.4,0.845411522,20,0,0,1,1,1,MIT_14,train,best.pt,,,,,,,
0.45,0.845411522,20,0,0,1,1,1,MIT_14,train,best.pt,,,,,,,
0.5,0.845411522,20,0,0,1,1,1,MIT_14,train,best.pt,,,,,,,
0.2,0.840727504,20,0,0,1,1,1,MIT_140,train,best.pt,,,,,,,
0.25,0.840727504,20,0,0,1,1,1,MIT_140,train,best.pt,,,,,,,
0.3,0.840727504,20,0,0,1,1,1,MIT_140,train,best.pt,,,,,,,
0.35,0.840727504,20,0,0,1,1,1,MIT_140,train,best.pt,,,,,,,
0.4,0.840727504,20,0,0,1,1,1,MIT_140,train,best.pt,,,,,,,
0.45,0.840727504,20,0,0,1,1,1,MIT_140,train,best.pt,,,,,,,
0.5,0.840727504,20,0,0,1,1,1,MIT_140,train,best.pt,,,,,,,
0.2,0.845396844,20,0,0,1,1,1,MIT_141,train,best.pt,,,,,,,
0.25,0.845396844,20,0,0,1,1,1,MIT_141,train,best.pt,,,,,,,
0.3,0.845396844,20,0,0,1,1,1,MIT_141,train,best.pt,,,,,,,
0.35,0.845396844,20,0,0,1,1,1,MIT_141,train,best.pt,,,,,,,
0.4,0.845396844,20,0,0,1,1,1,MIT_141,train,best.pt,,,,,,,
0.45,0.845396844,20,0,0,1,1,1,MIT_141,train,best.pt,,,,,,,
0.5,0.845396844,20,0,0,1,1,1,MIT_141,train,best.pt,,,,,,,
0.2,0.856815562,21,0,0,1,1,1,MIT_143,train,best.pt,,,,,,,
0.25,0.856815562,21,0,0,1,1,1,MIT_143,train,best.pt,,,,,,,
0.3,0.856815562,21,0,0,1,1,1,MIT_143,train,best.pt,,,,,,,
0.35,0.856815562,21,0,0,1,1,1,MIT_143,train,best.pt,,,,,,,
0.4,0.856815562,21,0,0,1,1,1,MIT_143,train,best.pt,,,,,,,
0.45,0.856815562,21,0,0,1,1,1,MIT_143,train,best.pt,,,,,,,
0.5,0.856815562,21,0,0,1,1,1,MIT_143,train,best.pt,,,,,,,
0.2,0.846097912,20,0,0,1,1,1,MIT_144,train,best.pt,,,,,,,
0.25,0.846097912,20,0,0,1,1,1,MIT_144,train,best.pt,,,,,,,
0.3,0.846097912,20,0,0,1,1,1,MIT_144,train,best.pt,,,,,,,
0.35,0.846097912,20,0,0,1,1,1,MIT_144,train,best.pt,,,,,,,
0.4,0.846097912,20,0,0,1,1,1,MIT_144,train,best.pt,,,,,,,
0.45,0.846097912,20,0,0,1,1,1,MIT_144,train,best.pt,,,,,,,
0.5,0.846097912,20,0,0,1,1,1,MIT_144,train,best.pt,,,,,,,
0.2,0.832884063,20,0,0,1,1,1,MIT_146,train,best.pt,,,,,,,
0.25,0.832884063,20,0,0,1,1,1,MIT_146,train,best.pt,,,,,,,
0.3,0.832884063,20,0,0,1,1,1,MIT_146,train,best.pt,,,,,,,
0.35,0.832884063,20,0,0,1,1,1,MIT_146,train,best.pt,,,,,,,
0.4,0.832884063,20,0,0,1,1,1,MIT_146,train,best.pt,,,,,,,
0.45,0.832884063,20,0,0,1,1,1,MIT_146,train,best.pt,,,,,,,
0.5,0.832884063,20,0,0,1,1,1,MIT_146,train,best.pt,,,,,,,
0.2,0.839504725,20,0,0,1,1,1,MIT_149,train,best.pt,,,,,,,
0.25,0.839504725,20,0,0,1,1,1,MIT_149,train,best.pt,,,,,,,
0.3,0.839504725,20,0,0,1,1,1,MIT_149,train,best.pt,,,,,,,
0.35,0.839504725,20,0,0,1,1,1,MIT_149,train,best.pt,,,,,,,
0.4,0.839504725,20,0,0,1,1,1,MIT_149,train,best.pt,,,,,,,
0.45,0.839504725,20,0,0,1,1,1,MIT_149,train,best.pt,,,,,,,
0.5,0.839504725,20,0,0,1,1,1,MIT_149,train,best.pt,,,,,,,
0.2,0.838535652,20,0,0,1,1,1,MIT_15,train,best.pt,,,,,,,
0.25,0.838535652,20,0,0,1,1,1,MIT_15,train,best.pt,,,,,,,
0.3,0.838535652,20,0,0,1,1,1,MIT_15,train,best.pt,,,,,,,
0.35,0.838535652,20,0,0,1,1,1,MIT_15,train,best.pt,,,,,,,
0.4,0.838535652,20,0,0,1,1,1,MIT_15,train,best.pt,,,,,,,
0.45,0.838535652,20,0,0,1,1,1,MIT_15,train,best.pt,,,,,,,
0.5,0.838535652,20,0,0,1,1,1,MIT_15,train,best.pt,,,,,,,
0.2,0.860959812,20,0,0,1,1,1,MIT_150,train,best.pt,,,,,,,
0.25,0.860959812,20,0,0,1,1,1,MIT_150,train,best.pt,,,,,,,
0.3,0.860959812,20,0,0,1,1,1,MIT_150,train,best.pt,,,,,,,
0.35,0.860959812,20,0,0,1,1,1,MIT_150,train,best.pt,,,,,,,
0.4,0.860959812,20,0,0,1,1,1,MIT_150,train,best.pt,,,,,,,
0.45,0.860959812,20,0,0,1,1,1,MIT_150,train,best.pt,,,,,,,
0.5,0.860959812,20,0,0,1,1,1,MIT_150,train,best.pt,,,,,,,
0.2,0.772304193,19,0,1,1,0.95,0.97,MIT_152,train,best.pt,,,,,,,
0.25,0.772304193,19,0,1,1,0.95,0.97,MIT_152,train,best.pt,,,,,,,
0.3,0.772304193,19,0,1,1,0.95,0.97,MIT_152,train,best.pt,,,,,,,
0.35,0.772304193,19,0,1,1,0.95,0.97,MIT_152,train,best.pt,,,,,,,
0.4,0.772304193,19,0,1,1,0.95,0.97,MIT_152,train,best.pt,,,,,,,
0.45,0.772304193,19,0,1,1,0.95,0.97,MIT_152,train,best.pt,,,,,,,
0.5,0.772304193,19,0,1,1,0.95,0.97,MIT_152,train,best.pt,,,,,,,
0.2,0.826622811,19,0,0,1,1,1,MIT_153,train,best.pt,,,,,,,
0.25,0.826622811,19,0,0,1,1,1,MIT_153,train,best.pt,,,,,,,
0.3,0.826622811,19,0,0,1,1,1,MIT_153,train,best.pt,,,,,,,
0.35,0.826622811,19,0,0,1,1,1,MIT_153,train,best.pt,,,,,,,
0.4,0.826622811,19,0,0,1,1,1,MIT_153,train,best.pt,,,,,,,
0.45,0.826622811,19,0,0,1,1,1,MIT_153,train,best.pt,,,,,,,
0.5,0.826622811,19,0,0,1,1,1,MIT_153,train,best.pt,,,,,,,
0.2,0.836371665,20,0,0,1,1,1,MIT_154,train,best.pt,,,,,,,
0.25,0.836371665,20,0,0,1,1,1,MIT_154,train,best.pt,,,,,,,
0.3,0.836371665,20,0,0,1,1,1,MIT_154,train,best.pt,,,,,,,
0.35,0.836371665,20,0,0,1,1,1,MIT_154,train,best.pt,,,,,,,
0.4,0.836371665,20,0,0,1,1,1,MIT_154,train,best.pt,,,,,,,
0.45,0.836371665,20,0,0,1,1,1,MIT_154,train,best.pt,,,,,,,
0.5,0.836371665,20,0,0,1,1,1,MIT_154,train,best.pt,,,,,,,
0.2,0.831756266,20,0,0,1,1,1,MIT_156,train,best.pt,,,,,,,
0.25,0.831756266,20,0,0,1,1,1,MIT_156,train,best.pt,,,,,,,
0.3,0.831756266,20,0,0,1,1,1,MIT_156,train,best.pt,,,,,,,
0.35,0.831756266,20,0,0,1,1,1,MIT_156,train,best.pt,,,,,,,
0.4,0.831756266,20,0,0,1,1,1,MIT_156,train,best.pt,,,,,,,
0.45,0.831756266,20,0,0,1,1,1,MIT_156,train,best.pt,,,,,,,
0.5,0.831756266,20,0,0,1,1,1,MIT_156,train,best.pt,,,,,,,
0.2,0.817665369,20,0,0,1,1,1,MIT_157,train,best.pt,,,,,,,
0.25,0.817665369,20,0,0,1,1,1,MIT_157,train,best.pt,,,,,,,
0.3,0.817665369,20,0,0,1,1,1,MIT_157,train,best.pt,,,,,,,
0.35,0.817665369,20,0,0,1,1,1,MIT_157,train,best.pt,,,,,,,
0.4,0.817665369,20,0,0,1,1,1,MIT_157,train,best.pt,,,,,,,
0.45,0.817665369,20,0,0,1,1,1,MIT_157,train,best.pt,,,,,,,
0.5,0.817665369,20,0,0,1,1,1,MIT_157,train,best.pt,,,,,,,
0.2,0.838547384,20,0,0,1,1,1,MIT_158,train,best.pt,,,,,,,
0.25,0.838547384,20,0,0,1,1,1,MIT_158,train,best.pt,,,,,,,
0.3,0.838547384,20,0,0,1,1,1,MIT_158,train,best.pt,,,,,,,
0.35,0.838547384,20,0,0,1,1,1,MIT_158,train,best.pt,,,,,,,
0.4,0.838547384,20,0,0,1,1,1,MIT_158,train,best.pt,,,,,,,
0.45,0.838547384,20,0,0,1,1,1,MIT_158,train,best.pt,,,,,,,
0.5,0.838547384,20,0,0,1,1,1,MIT_158,train,best.pt,,,,,,,
0.2,0.759611137,18,0,0,1,1,1,MIT_159,train,best.pt,,,,,,,
0.25,0.759611137,18,0,0,1,1,1,MIT_159,train,best.pt,,,,,,,
0.3,0.759611137,18,0,0,1,1,1,MIT_159,train,best.pt,,,,,,,
0.35,0.759611137,18,0,0,1,1,1,MIT_159,train,best.pt,,,,,,,
0.4,0.759611137,18,0,0,1,1,1,MIT_159,train,best.pt,,,,,,,
0.45,0.759611137,18,0,0,1,1,1,MIT_159,train,best.pt,,,,,,,
0.5,0.759611137,18,0,0,1,1,1,MIT_159,train,best.pt,,,,,,,
0.2,0.782479834,20,0,0,1,1,1,MIT_160,train,best.pt,,,,,,,
0.25,0.782479834,20,0,0,1,1,1,MIT_160,train,best.pt,,,,,,,
0.3,0.782479834,20,0,0,1,1,1,MIT_160,train,best.pt,,,,,,,
0.35,0.782479834,20,0,0,1,1,1,MIT_160,train,best.pt,,,,,,,
0.4,0.782479834,20,0,0,1,1,1,MIT_160,train,best.pt,,,,,,,
0.45,0.782479834,20,0,0,1,1,1,MIT_160,train,best.pt,,,,,,,
0.5,0.782479834,20,0,0,1,1,1,MIT_160,train,best.pt,,,,,,,
0.2,0.818058257,20,0,0,1,1,1,MIT_161,train,best.pt,,,,,,,
0.25,0.818058257,20,0,0,1,1,1,MIT_161,train,best.pt,,,,,,,
0.3,0.818058257,20,0,0,1,1,1,MIT_161,train,best.pt,,,,,,,
0.35,0.818058257,20,0,0,1,1,1,MIT_161,train,best.pt,,,,,,,
0.4,0.818058257,20,0,0,1,1,1,MIT_161,train,best.pt,,,,,,,
0.45,0.818058257,20,0,0,1,1,1,MIT_161,train,best.pt,,,,,,,
0.5,0.818058257,20,0,0,1,1,1,MIT_161,train,best.pt,,,,,,,
0.2,0.799576056,20,0,0,1,1,1,MIT_164,train,best.pt,,,,,,,
0.25,0.799576056,20,0,0,1,1,1,MIT_164,train,best.pt,,,,,,,
0.3,0.799576056,20,0,0,1,1,1,MIT_164,train,best.pt,,,,,,,
0.35,0.799576056,20,0,0,1,1,1,MIT_164,train,best.pt,,,,,,,
0.4,0.799576056,20,0,0,1,1,1,MIT_164,train,best.pt,,,,,,,
0.45,0.799576056,20,0,0,1,1,1,MIT_164,train,best.pt,,,,,,,
0.5,0.799576056,20,0,0,1,1,1,MIT_164,train,best.pt,,,,,,,
0.2,0.823107666,20,0,0,1,1,1,MIT_166,train,best.pt,,,,,,,
0.25,0.823107666,20,0,0,1,1,1,MIT_166,train,best.pt,,,,,,,
0.3,0.823107666,20,0,0,1,1,1,MIT_166,train,best.pt,,,,,,,
0.35,0.823107666,20,0,0,1,1,1,MIT_166,train,best.pt,,,,,,,
0.4,0.823107666,20,0,0,1,1,1,MIT_166,train,best.pt,,,,,,,
0.45,0.823107666,20,0,0,1,1,1,MIT_166,train,best.pt,,,,,,,
0.5,0.823107666,20,0,0,1,1,1,MIT_166,train,best.pt,,,,,,,
0.2,0.802666942,20,0,0,1,1,1,MIT_168,train,best.pt,,,,,,,
0.25,0.802666942,20,0,0,1,1,1,MIT_168,train,best.pt,,,,,,,
0.3,0.802666942,20,0,0,1,1,1,MIT_168,train,best.pt,,,,,,,
0.35,0.802666942,20,0,0,1,1,1,MIT_168,train,best.pt,,,,,,,
0.4,0.802666942,20,0,0,1,1,1,MIT_168,train,best.pt,,,,,,,
0.45,0.802666942,20,0,0,1,1,1,MIT_168,train,best.pt,,,,,,,
0.5,0.802666942,20,0,0,1,1,1,MIT_168,train,best.pt,,,,,,,
0.2,0.869395837,20,0,0,1,1,1,MIT_17,train,best.pt,,,,,,,
0.25,0.869395837,20,0,0,1,1,1,MIT_17,train,best.pt,,,,,,,
0.3,0.869395837,20,0,0,1,1,1,MIT_17,train,best.pt,,,,,,,
0.35,0.869395837,20,0,0,1,1,1,MIT_17,train,best.pt,,,,,,,
0.4,0.869395837,20,0,0,1,1,1,MIT_17,train,best.pt,,,,,,,
0.45,0.869395837,20,0,0,1,1,1,MIT_17,train,best.pt,,,,,,,
0.5,0.869395837,20,0,0,1,1,1,MIT_17,train,best.pt,,,,,,,
0.2,0.832537766,20,0,0,1,1,1,MIT_170,train,best.pt,,,,,,,
0.25,0.832537766,20,0,0,1,1,1,MIT_170,train,best.pt,,,,,,,
0.3,0.832537766,20,0,0,1,1,1,MIT_170,train,best.pt,,,,,,,
0.35,0.832537766,20,0,0,1,1,1,MIT_170,train,best.pt,,,,,,,
0.4,0.832537766,20,0,0,1,1,1,MIT_170,train,best.pt,,,,,,,
0.45,0.832537766,20,0,0,1,1,1,MIT_170,train,best.pt,,,,,,,
0.5,0.832537766,20,0,0,1,1,1,MIT_170,train,best.pt,,,,,,,
0.2,0.849452293,20,0,0,1,1,1,MIT_171,train,best.pt,,,,,,,
0.25,0.849452293,20,0,0,1,1,1,MIT_171,train,best.pt,,,,,,,
0.3,0.849452293,20,0,0,1,1,1,MIT_171,train,best.pt,,,,,,,
0.35,0.849452293,20,0,0,1,1,1,MIT_171,train,best.pt,,,,,,,
0.4,0.849452293,20,0,0,1,1,1,MIT_171,train,best.pt,,,,,,,
0.45,0.849452293,20,0,0,1,1,1,MIT_171,train,best.pt,,,,,,,
0.5,0.849452293,20,0,0,1,1,1,MIT_171,train,best.pt,,,,,,,
0.2,0.830555366,20,0,0,1,1,1,MIT_172,train,best.pt,,,,,,,
0.25,0.830555366,20,0,0,1,1,1,MIT_172,train,best.pt,,,,,,,
0.3,0.830555366,20,0,0,1,1,1,MIT_172,train,best.pt,,,,,,,
0.35,0.830555366,20,0,0,1,1,1,MIT_172,train,best.pt,,,,,,,
0.4,0.830555366,20,0,0,1,1,1,MIT_172,train,best.pt,,,,,,,
0.45,0.830555366,20,0,0,1,1,1,MIT_172,train,best.pt,,,,,,,
0.5,0.830555366,20,0,0,1,1,1,MIT_172,train,best.pt,,,,,,,
0.2,0.801995449,21,0,0,1,1,1,MIT_175,train,best.pt,,,,,,,
0.25,0.801995449,21,0,0,1,1,1,MIT_175,train,best.pt,,,,,,,
0.3,0.801995449,21,0,0,1,1,1,MIT_175,train,best.pt,,,,,,,
0.35,0.801995449,21,0,0,1,1,1,MIT_175,train,best.pt,,,,,,,
0.4,0.801995449,21,0,0,1,1,1,MIT_175,train,best.pt,,,,,,,
0.45,0.801995449,21,0,0,1,1,1,MIT_175,train,best.pt,,,,,,,
0.5,0.801995449,21,0,0,1,1,1,MIT_175,train,best.pt,,,,,,,
0.2,0.784172271,20,0,0,1,1,1,MIT_176,train,best.pt,,,,,,,
0.25,0.784172271,20,0,0,1,1,1,MIT_176,train,best.pt,,,,,,,
0.3,0.784172271,20,0,0,1,1,1,MIT_176,train,best.pt,,,,,,,
0.35,0.784172271,20,0,0,1,1,1,MIT_176,train,best.pt,,,,,,,
0.4,0.784172271,20,0,0,1,1,1,MIT_176,train,best.pt,,,,,,,
0.45,0.784172271,20,0,0,1,1,1,MIT_176,train,best.pt,,,,,,,
0.5,0.784172271,20,0,0,1,1,1,MIT_176,train,best.pt,,,,,,,
0.2,0.786400454,20,0,0,1,1,1,MIT_178,train,best.pt,,,,,,,
0.25,0.786400454,20,0,0,1,1,1,MIT_178,train,best.pt,,,,,,,
0.3,0.786400454,20,0,0,1,1,1,MIT_178,train,best.pt,,,,,,,
0.35,0.786400454,20,0,0,1,1,1,MIT_178,train,best.pt,,,,,,,
0.4,0.786400454,20,0,0,1,1,1,MIT_178,train,best.pt,,,,,,,
0.45,0.786400454,20,0,0,1,1,1,MIT_178,train,best.pt,,,,,,,
0.5,0.786400454,20,0,0,1,1,1,MIT_178,train,best.pt,,,,,,,
0.2,0.822084195,20,0,0,1,1,1,MIT_179,train,best.pt,,,,,,,
0.25,0.822084195,20,0,0,1,1,1,MIT_179,train,best.pt,,,,,,,
0.3,0.822084195,20,0,0,1,1,1,MIT_179,train,best.pt,,,,,,,
0.35,0.822084195,20,0,0,1,1,1,MIT_179,train,best.pt,,,,,,,
0.4,0.822084195,20,0,0,1,1,1,MIT_179,train,best.pt,,,,,,,
0.45,0.822084195,20,0,0,1,1,1,MIT_179,train,best.pt,,,,,,,
0.5,0.822084195,20,0,0,1,1,1,MIT_179,train,best.pt,,,,,,,
0.2,0.798310947,20,0,0,1,1,1,MIT_180,train,best.pt,,,,,,,
0.25,0.798310947,20,0,0,1,1,1,MIT_180,train,best.pt,,,,,,,
0.3,0.798310947,20,0,0,1,1,1,MIT_180,train,best.pt,,,,,,,
0.35,0.798310947,20,0,0,1,1,1,MIT_180,train,best.pt,,,,,,,
0.4,0.798310947,20,0,0,1,1,1,MIT_180,train,best.pt,,,,,,,
0.45,0.798310947,20,0,0,1,1,1,MIT_180,train,best.pt,,,,,,,
0.5,0.798310947,20,0,0,1,1,1,MIT_180,train,best.pt,,,,,,,
0.2,0.837159392,20,0,0,1,1,1,MIT_181,train,best.pt,,,,,,,
0.25,0.837159392,20,0,0,1,1,1,MIT_181,train,best.pt,,,,,,,
0.3,0.837159392,20,0,0,1,1,1,MIT_181,train,best.pt,,,,,,,
0.35,0.837159392,20,0,0,1,1,1,MIT_181,train,best.pt,,,,,,,
0.4,0.837159392,20,0,0,1,1,1,MIT_181,train,best.pt,,,,,,,
0.45,0.837159392,20,0,0,1,1,1,MIT_181,train,best.pt,,,,,,,
0.5,0.837159392,20,0,0,1,1,1,MIT_181,train,best.pt,,,,,,,
0.2,0.796141147,20,0,0,1,1,1,MIT_182,train,best.pt,,,,,,,
0.25,0.796141147,20,0,0,1,1,1,MIT_182,train,best.pt,,,,,,,
0.3,0.796141147,20,0,0,1,1,1,MIT_182,train,best.pt,,,,,,,
0.35,0.796141147,20,0,0,1,1,1,MIT_182,train,best.pt,,,,,,,
0.4,0.796141147,20,0,0,1,1,1,MIT_182,train,best.pt,,,,,,,
0.45,0.796141147,20,0,0,1,1,1,MIT_182,train,best.pt,,,,,,,
0.5,0.796141147,20,0,0,1,1,1,MIT_182,train,best.pt,,,,,,,
0.2,0.833458151,20,0,0,1,1,1,MIT_184,train,best.pt,,,,,,,
0.25,0.833458151,20,0,0,1,1,1,MIT_184,train,best.pt,,,,,,,
0.3,0.833458151,20,0,0,1,1,1,MIT_184,train,best.pt,,,,,,,
0.35,0.833458151,20,0,0,1,1,1,MIT_184,train,best.pt,,,,,,,
0.4,0.833458151,20,0,0,1,1,1,MIT_184,train,best.pt,,,,,,,
0.45,0.833458151,20,0,0,1,1,1,MIT_184,train,best.pt,,,,,,,
0.5,0.833458151,20,0,0,1,1,1,MIT_184,train,best.pt,,,,,,,
0.2,0.786794883,20,0,0,1,1,1,MIT_188,train,best.pt,,,,,,,
0.25,0.786794883,20,0,0,1,1,1,MIT_188,train,best.pt,,,,,,,
0.3,0.786794883,20,0,0,1,1,1,MIT_188,train,best.pt,,,,,,,
0.35,0.786794883,20,0,0,1,1,1,MIT_188,train,best.pt,,,,,,,
0.4,0.786794883,20,0,0,1,1,1,MIT_188,train,best.pt,,,,,,,
0.45,0.786794883,20,0,0,1,1,1,MIT_188,train,best.pt,,,,,,,
0.5,0.786794883,20,0,0,1,1,1,MIT_188,train,best.pt,,,,,,,
0.2,0.838898937,20,0,0,1,1,1,MIT_189,train,best.pt,,,,,,,
0.25,0.838898937,20,0,0,1,1,1,MIT_189,train,best.pt,,,,,,,
0.3,0.838898937,20,0,0,1,1,1,MIT_189,train,best.pt,,,,,,,
0.35,0.838898937,20,0,0,1,1,1,MIT_189,train,best.pt,,,,,,,
0.4,0.838898937,20,0,0,1,1,1,MIT_189,train,best.pt,,,,,,,
0.45,0.838898937,20,0,0,1,1,1,MIT_189,train,best.pt,,,,,,,
0.5,0.838898937,20,0,0,1,1,1,MIT_189,train,best.pt,,,,,,,
0.2,0.816882868,20,0,0,1,1,1,MIT_190,train,best.pt,,,,,,,
0.25,0.816882868,20,0,0,1,1,1,MIT_190,train,best.pt,,,,,,,
0.3,0.816882868,20,0,0,1,1,1,MIT_190,train,best.pt,,,,,,,
0.35,0.816882868,20,0,0,1,1,1,MIT_190,train,best.pt,,,,,,,
0.4,0.816882868,20,0,0,1,1,1,MIT_190,train,best.pt,,,,,,,
0.45,0.816882868,20,0,0,1,1,1,MIT_190,train,best.pt,,,,,,,
0.5,0.816882868,20,0,0,1,1,1,MIT_190,train,best.pt,,,,,,,
0.2,0.801212639,20,0,0,1,1,1,MIT_192,train,best.pt,,,,,,,
0.25,0.801212639,20,0,0,1,1,1,MIT_192,train,best.pt,,,,,,,
0.3,0.801212639,20,0,0,1,1,1,MIT_192,train,best.pt,,,,,,,
0.35,0.801212639,20,0,0,1,1,1,MIT_192,train,best.pt,,,,,,,
0.4,0.801212639,20,0,0,1,1,1,MIT_192,train,best.pt,,,,,,,
0.45,0.801212639,20,0,0,1,1,1,MIT_192,train,best.pt,,,,,,,
0.5,0.801212639,20,0,0,1,1,1,MIT_192,train,best.pt,,,,,,,
0.2,0.82776309,21,0,0,1,1,1,MIT_193,train,best.pt,,,,,,,
0.25,0.82776309,21,0,0,1,1,1,MIT_193,train,best.pt,,,,,,,
0.3,0.82776309,21,0,0,1,1,1,MIT_193,train,best.pt,,,,,,,
0.35,0.82776309,21,0,0,1,1,1,MIT_193,train,best.pt,,,,,,,
0.4,0.82776309,21,0,0,1,1,1,MIT_193,train,best.pt,,,,,,,
0.45,0.82776309,21,0,0,1,1,1,MIT_193,train,best.pt,,,,,,,
0.5,0.82776309,21,0,0,1,1,1,MIT_193,train,best.pt,,,,,,,
0.2,0.86611646,20,0,0,1,1,1,MIT_195,train,best.pt,,,,,,,
0.25,0.86611646,20,0,0,1,1,1,MIT_195,train,best.pt,,,,,,,
0.3,0.86611646,20,0,0,1,1,1,MIT_195,train,best.pt,,,,,,,
0.35,0.86611646,20,0,0,1,1,1,MIT_195,train,best.pt,,,,,,,
0.4,0.86611646,20,0,0,1,1,1,MIT_195,train,best.pt,,,,,,,
0.45,0.86611646,20,0,0,1,1,1,MIT_195,train,best.pt,,,,,,,
0.5,0.86611646,20,0,0,1,1,1,MIT_195,train,best.pt,,,,,,,
0.2,0.801414991,20,0,0,1,1,1,MIT_197,train,best.pt,,,,,,,
0.25,0.801414991,20,0,0,1,1,1,MIT_197,train,best.pt,,,,,,,
0.3,0.801414991,20,0,0,1,1,1,MIT_197,train,best.pt,,,,,,,
0.35,0.801414991,20,0,0,1,1,1,MIT_197,train,best.pt,,,,,,,
0.4,0.801414991,20,0,0,1,1,1,MIT_197,train,best.pt,,,,,,,
0.45,0.801414991,20,0,0,1,1,1,MIT_197,train,best.pt,,,,,,,
0.5,0.801414991,20,0,0,1,1,1,MIT_197,train,best.pt,,,,,,,
0.2,0.83434752,20,0,0,1,1,1,MIT_198,train,best.pt,,,,,,,
0.25,0.83434752,20,0,0,1,1,1,MIT_198,train,best.pt,,,,,,,
0.3,0.83434752,20,0,0,1,1,1,MIT_198,train,best.pt,,,,,,,
0.35,0.83434752,20,0,0,1,1,1,MIT_198,train,best.pt,,,,,,,
0.4,0.83434752,20,0,0,1,1,1,MIT_198,train,best.pt,,,,,,,
0.45,0.83434752,20,0,0,1,1,1,MIT_198,train,best.pt,,,,,,,
0.5,0.83434752,20,0,0,1,1,1,MIT_198,train,best.pt,,,,,,,
0.2,0.83183864,20,0,0,1,1,1,MIT_201,train,best.pt,,,,,,,
0.25,0.83183864,20,0,0,1,1,1,MIT_201,train,best.pt,,,,,,,
0.3,0.83183864,20,0,0,1,1,1,MIT_201,train,best.pt,,,,,,,
0.35,0.83183864,20,0,0,1,1,1,MIT_201,train,best.pt,,,,,,,
0.4,0.83183864,20,0,0,1,1,1,MIT_201,train,best.pt,,,,,,,
0.45,0.83183864,20,0,0,1,1,1,MIT_201,train,best.pt,,,,,,,
0.5,0.83183864,20,0,0,1,1,1,MIT_201,train,best.pt,,,,,,,
0.2,0.866244919,20,0,0,1,1,1,MIT_202,train,best.pt,,,,,,,
0.25,0.866244919,20,0,0,1,1,1,MIT_202,train,best.pt,,,,,,,
0.3,0.866244919,20,0,0,1,1,1,MIT_202,train,best.pt,,,,,,,
0.35,0.866244919,20,0,0,1,1,1,MIT_202,train,best.pt,,,,,,,
0.4,0.866244919,20,0,0,1,1,1,MIT_202,train,best.pt,,,,,,,
0.45,0.866244919,20,0,0,1,1,1,MIT_202,train,best.pt,,,,,,,
0.5,0.866244919,20,0,0,1,1,1,MIT_202,train,best.pt,,,,,,,
0.2,0.861087572,18,0,0,1,1,1,MIT_204,train,best.pt,,,,,,,
0.25,0.861087572,18,0,0,1,1,1,MIT_204,train,best.pt,,,,,,,
0.3,0.861087572,18,0,0,1,1,1,MIT_204,train,best.pt,,,,,,,
0.35,0.861087572,18,0,0,1,1,1,MIT_204,train,best.pt,,,,,,,
0.4,0.861087572,18,0,0,1,1,1,MIT_204,train,best.pt,,,,,,,
0.45,0.861087572,18,0,0,1,1,1,MIT_204,train,best.pt,,,,,,,
0.5,0.861087572,18,0,0,1,1,1,MIT_204,train,best.pt,,,,,,,
0.2,0.826521365,20,0,0,1,1,1,MIT_205,train,best.pt,,,,,,,
0.25,0.826521365,20,0,0,1,1,1,MIT_205,train,best.pt,,,,,,,
0.3,0.826521365,20,0,0,1,1,1,MIT_205,train,best.pt,,,,,,,
0.35,0.826521365,20,0,0,1,1,1,MIT_205,train,best.pt,,,,,,,
0.4,0.826521365,20,0,0,1,1,1,MIT_205,train,best.pt,,,,,,,
0.45,0.826521365,20,0,0,1,1,1,MIT_205,train,best.pt,,,,,,,
0.5,0.826521365,20,0,0,1,1,1,MIT_205,train,best.pt,,,,,,,
0.2,0.816229026,20,0,0,1,1,1,MIT_206,train,best.pt,,,,,,,
0.25,0.816229026,20,0,0,1,1,1,MIT_206,train,best.pt,,,,,,,
0.3,0.816229026,20,0,0,1,1,1,MIT_206,train,best.pt,,,,,,,
0.35,0.816229026,20,0,0,1,1,1,MIT_206,train,best.pt,,,,,,,
0.4,0.816229026,20,0,0,1,1,1,MIT_206,train,best.pt,,,,,,,
0.45,0.816229026,20,0,0,1,1,1,MIT_206,train,best.pt,,,,,,,
0.5,0.816229026,20,0,0,1,1,1,MIT_206,train,best.pt,,,,,,,
0.2,0.800514233,20,0,0,1,1,1,MIT_208,train,best.pt,,,,,,,
0.25,0.800514233,20,0,0,1,1,1,MIT_208,train,best.pt,,,,,,,
0.3,0.800514233,20,0,0,1,1,1,MIT_208,train,best.pt,,,,,,,
0.35,0.800514233,20,0,0,1,1,1,MIT_208,train,best.pt,,,,,,,
0.4,0.800514233,20,0,0,1,1,1,MIT_208,train,best.pt,,,,,,,
0.45,0.800514233,20,0,0,1,1,1,MIT_208,train,best.pt,,,,,,,
0.5,0.800514233,20,0,0,1,1,1,MIT_208,train,best.pt,,,,,,,
0.2,0.817644662,20,0,0,1,1,1,MIT_209,train,best.pt,,,,,,,
0.25,0.817644662,20,0,0,1,1,1,MIT_209,train,best.pt,,,,,,,
0.3,0.817644662,20,0,0,1,1,1,MIT_209,train,best.pt,,,,,,,
0.35,0.817644662,20,0,0,1,1,1,MIT_209,train,best.pt,,,,,,,
0.4,0.817644662,20,0,0,1,1,1,MIT_209,train,best.pt,,,,,,,
0.45,0.817644662,20,0,0,1,1,1,MIT_209,train,best.pt,,,,,,,
0.5,0.817644662,20,0,0,1,1,1,MIT_209,train,best.pt,,,,,,,
0.2,0.866841223,20,0,0,1,1,1,MIT_21,train,best.pt,,,,,,,
0.25,0.866841223,20,0,0,1,1,1,MIT_21,train,best.pt,,,,,,,
0.3,0.866841223,20,0,0,1,1,1,MIT_21,train,best.pt,,,,,,,
0.35,0.866841223,20,0,0,1,1,1,MIT_21,train,best.pt,,,,,,,
0.4,0.866841223,20,0,0,1,1,1,MIT_21,train,best.pt,,,,,,,
0.45,0.866841223,20,0,0,1,1,1,MIT_21,train,best.pt,,,,,,,
0.5,0.866841223,20,0,0,1,1,1,MIT_21,train,best.pt,,,,,,,
0.2,0.827207511,20,0,0,1,1,1,MIT_210,train,best.pt,,,,,,,
0.25,0.827207511,20,0,0,1,1,1,MIT_210,train,best.pt,,,,,,,
0.3,0.827207511,20,0,0,1,1,1,MIT_210,train,best.pt,,,,,,,
0.35,0.827207511,20,0,0,1,1,1,MIT_210,train,best.pt,,,,,,,
0.4,0.827207511,20,0,0,1,1,1,MIT_210,train,best.pt,,,,,,,
0.45,0.827207511,20,0,0,1,1,1,MIT_210,train,best.pt,,,,,,,
0.5,0.827207511,20,0,0,1,1,1,MIT_210,train,best.pt,,,,,,,
0.2,0.835720084,20,0,0,1,1,1,MIT_211,train,best.pt,,,,,,,
0.25,0.835720084,20,0,0,1,1,1,MIT_211,train,best.pt,,,,,,,
0.3,0.835720084,20,0,0,1,1,1,MIT_211,train,best.pt,,,,,,,
0.35,0.835720084,20,0,0,1,1,1,MIT_211,train,best.pt,,,,,,,
0.4,0.835720084,20,0,0,1,1,1,MIT_211,train,best.pt,,,,,,,
0.45,0.835720084,20,0,0,1,1,1,MIT_211,train,best.pt,,,,,,,
0.5,0.835720084,20,0,0,1,1,1,MIT_211,train,best.pt,,,,,,,
0.2,0.813414781,20,0,0,1,1,1,MIT_212,train,best.pt,,,,,,,
0.25,0.813414781,20,0,0,1,1,1,MIT_212,train,best.pt,,,,,,,
0.3,0.813414781,20,0,0,1,1,1,MIT_212,train,best.pt,,,,,,,
0.35,0.813414781,20,0,0,1,1,1,MIT_212,train,best.pt,,,,,,,
0.4,0.813414781,20,0,0,1,1,1,MIT_212,train,best.pt,,,,,,,
0.45,0.813414781,20,0,0,1,1,1,MIT_212,train,best.pt,,,,,,,
0.5,0.813414781,20,0,0,1,1,1,MIT_212,train,best.pt,,,,,,,
0.2,0.810102482,20,0,0,1,1,1,MIT_213,train,best.pt,,,,,,,
0.25,0.810102482,20,0,0,1,1,1,MIT_213,train,best.pt,,,,,,,
0.3,0.810102482,20,0,0,1,1,1,MIT_213,train,best.pt,,,,,,,
0.35,0.810102482,20,0,0,1,1,1,MIT_213,train,best.pt,,,,,,,
0.4,0.810102482,20,0,0,1,1,1,MIT_213,train,best.pt,,,,,,,
0.45,0.810102482,20,0,0,1,1,1,MIT_213,train,best.pt,,,,,,,
0.5,0.810102482,20,0,0,1,1,1,MIT_213,train,best.pt,,,,,,,
0.2,0.854257725,19,0,0,1,1,1,MIT_214,train,best.pt,,,,,,,
0.25,0.854257725,19,0,0,1,1,1,MIT_214,train,best.pt,,,,,,,
0.3,0.854257725,19,0,0,1,1,1,MIT_214,train,best.pt,,,,,,,
0.35,0.854257725,19,0,0,1,1,1,MIT_214,train,best.pt,,,,,,,
0.4,0.854257725,19,0,0,1,1,1,MIT_214,train,best.pt,,,,,,,
0.45,0.854257725,19,0,0,1,1,1,MIT_214,train,best.pt,,,,,,,
0.5,0.854257725,19,0,0,1,1,1,MIT_214,train,best.pt,,,,,,,
0.2,0.827806615,20,0,0,1,1,1,MIT_215,train,best.pt,,,,,,,
0.25,0.827806615,20,0,0,1,1,1,MIT_215,train,best.pt,,,,,,,
0.3,0.827806615,20,0,0,1,1,1,MIT_215,train,best.pt,,,,,,,
0.35,0.827806615,20,0,0,1,1,1,MIT_215,train,best.pt,,,,,,,
0.4,0.827806615,20,0,0,1,1,1,MIT_215,train,best.pt,,,,,,,
0.45,0.827806615,20,0,0,1,1,1,MIT_215,train,best.pt,,,,,,,
0.5,0.827806615,20,0,0,1,1,1,MIT_215,train,best.pt,,,,,,,
0.2,0.828840221,20,0,0,1,1,1,MIT_216,train,best.pt,,,,,,,
0.25,0.828840221,20,0,0,1,1,1,MIT_216,train,best.pt,,,,,,,
0.3,0.828840221,20,0,0,1,1,1,MIT_216,train,best.pt,,,,,,,
0.35,0.828840221,20,0,0,1,1,1,MIT_216,train,best.pt,,,,,,,
0.4,0.828840221,20,0,0,1,1,1,MIT_216,train,best.pt,,,,,,,
0.45,0.828840221,20,0,0,1,1,1,MIT_216,train,best.pt,,,,,,,
0.5,0.828840221,20,0,0,1,1,1,MIT_216,train,best.pt,,,,,,,
0.2,0.837389509,20,0,0,1,1,1,MIT_217,train,best.pt,,,,,,,
0.25,0.837389509,20,0,0,1,1,1,MIT_217,train,best.pt,,,,,,,
0.3,0.837389509,20,0,0,1,1,1,MIT_217,train,best.pt,,,,,,,
0.35,0.837389509,20,0,0,1,1,1,MIT_217,train,best.pt,,,,,,,
0.4,0.837389509,20,0,0,1,1,1,MIT_217,train,best.pt,,,,,,,
0.45,0.837389509,20,0,0,1,1,1,MIT_217,train,best.pt,,,,,,,
0.5,0.837389509,20,0,0,1,1,1,MIT_217,train,best.pt,,,,,,,
0.2,0.84235006,20,0,0,1,1,1,MIT_219,train,best.pt,,,,,,,
0.25,0.84235006,20,0,0,1,1,1,MIT_219,train,best.pt,,,,,,,
0.3,0.84235006,20,0,0,1,1,1,MIT_219,train,best.pt,,,,,,,
0.35,0.84235006,20,0,0,1,1,1,MIT_219,train,best.pt,,,,,,,
0.4,0.84235006,20,0,0,1,1,1,MIT_219,train,best.pt,,,,,,,
0.45,0.84235006,20,0,0,1,1,1,MIT_219,train,best.pt,,,,,,,
0.5,0.84235006,20,0,0,1,1,1,MIT_219,train,best.pt,,,,,,,
0.2,0.78916073,21,0,0,1,1,1,MIT_22,train,best.pt,,,,,,,
0.25,0.78916073,21,0,0,1,1,1,MIT_22,train,best.pt,,,,,,,
0.3,0.78916073,21,0,0,1,1,1,MIT_22,train,best.pt,,,,,,,
0.35,0.78916073,21,0,0,1,1,1,MIT_22,train,best.pt,,,,,,,
0.4,0.78916073,21,0,0,1,1,1,MIT_22,train,best.pt,,,,,,,
0.45,0.78916073,21,0,0,1,1,1,MIT_22,train,best.pt,,,,,,,
0.5,0.78916073,21,0,0,1,1,1,MIT_22,train,best.pt,,,,,,,
0.2,0.820195991,20,0,0,1,1,1,MIT_221,train,best.pt,,,,,,,
0.25,0.820195991,20,0,0,1,1,1,MIT_221,train,best.pt,,,,,,,
0.3,0.820195991,20,0,0,1,1,1,MIT_221,train,best.pt,,,,,,,
0.35,0.820195991,20,0,0,1,1,1,MIT_221,train,best.pt,,,,,,,
0.4,0.820195991,20,0,0,1,1,1,MIT_221,train,best.pt,,,,,,,
0.45,0.820195991,20,0,0,1,1,1,MIT_221,train,best.pt,,,,,,,
0.5,0.820195991,20,0,0,1,1,1,MIT_221,train,best.pt,,,,,,,
0.2,0.8227943,20,0,0,1,1,1,MIT_222,train,best.pt,,,,,,,
0.25,0.8227943,20,0,0,1,1,1,MIT_222,train,best.pt,,,,,,,
0.3,0.8227943,20,0,0,1,1,1,MIT_222,train,best.pt,,,,,,,
0.35,0.8227943,20,0,0,1,1,1,MIT_222,train,best.pt,,,,,,,
0.4,0.8227943,20,0,0,1,1,1,MIT_222,train,best.pt,,,,,,,
0.45,0.8227943,20,0,0,1,1,1,MIT_222,train,best.pt,,,,,,,
0.5,0.8227943,20,0,0,1,1,1,MIT_222,train,best.pt,,,,,,,
0.2,0.856380706,20,0,0,1,1,1,MIT_223,train,best.pt,,,,,,,
0.25,0.856380706,20,0,0,1,1,1,MIT_223,train,best.pt,,,,,,,
0.3,0.856380706,20,0,0,1,1,1,MIT_223,train,best.pt,,,,,,,
0.35,0.856380706,20,0,0,1,1,1,MIT_223,train,best.pt,,,,,,,
0.4,0.856380706,20,0,0,1,1,1,MIT_223,train,best.pt,,,,,,,
0.45,0.856380706,20,0,0,1,1,1,MIT_223,train,best.pt,,,,,,,
0.5,0.856380706,20,0,0,1,1,1,MIT_223,train,best.pt,,,,,,,
0.2,0.800909861,20,0,0,1,1,1,MIT_225,train,best.pt,,,,,,,
0.25,0.800909861,20,0,0,1,1,1,MIT_225,train,best.pt,,,,,,,
0.3,0.800909861,20,0,0,1,1,1,MIT_225,train,best.pt,,,,,,,
0.35,0.800909861,20,0,0,1,1,1,MIT_225,train,best.pt,,,,,,,
0.4,0.800909861,20,0,0,1,1,1,MIT_225,train,best.pt,,,,,,,
0.45,0.800909861,20,0,0,1,1,1,MIT_225,train,best.pt,,,,,,,
0.5,0.800909861,20,0,0,1,1,1,MIT_225,train,best.pt,,,,,,,
0.2,0.806599628,20,0,0,1,1,1,MIT_226,train,best.pt,,,,,,,
0.25,0.806599628,20,0,0,1,1,1,MIT_226,train,best.pt,,,,,,,
0.3,0.806599628,20,0,0,1,1,1,MIT_226,train,best.pt,,,,,,,
0.35,0.806599628,20,0,0,1,1,1,MIT_226,train,best.pt,,,,,,,
0.4,0.806599628,20,0,0,1,1,1,MIT_226,train,best.pt,,,,,,,
0.45,0.806599628,20,0,0,1,1,1,MIT_226,train,best.pt,,,,,,,
0.5,0.806599628,20,0,0,1,1,1,MIT_226,train,best.pt,,,,,,,
0.2,0.821101592,19,1,0,0.95,1,0.97,MIT_227,train,best.pt,,,,,,,
0.25,0.821101592,19,1,0,0.95,1,0.97,MIT_227,train,best.pt,,,,,,,
0.3,0.821101592,19,1,0,0.95,1,0.97,MIT_227,train,best.pt,,,,,,,
0.35,0.821101592,19,1,0,0.95,1,0.97,MIT_227,train,best.pt,,,,,,,
0.4,0.821101592,19,1,0,0.95,1,0.97,MIT_227,train,best.pt,,,,,,,
0.45,0.821101592,19,1,0,0.95,1,0.97,MIT_227,train,best.pt,,,,,,,
0.5,0.821101592,19,1,0,0.95,1,0.97,MIT_227,train,best.pt,,,,,,,
0.2,0.806624499,21,0,0,1,1,1,MIT_228,train,best.pt,,,,,,,
0.25,0.806624499,21,0,0,1,1,1,MIT_228,train,best.pt,,,,,,,
0.3,0.806624499,21,0,0,1,1,1,MIT_228,train,best.pt,,,,,,,
0.35,0.806624499,21,0,0,1,1,1,MIT_228,train,best.pt,,,,,,,
0.4,0.806624499,21,0,0,1,1,1,MIT_228,train,best.pt,,,,,,,
0.45,0.806624499,21,0,0,1,1,1,MIT_228,train,best.pt,,,,,,,
0.5,0.806624499,21,0,0,1,1,1,MIT_228,train,best.pt,,,,,,,
0.2,0.826915277,20,0,0,1,1,1,MIT_229,train,best.pt,,,,,,,
0.25,0.826915277,20,0,0,1,1,1,MIT_229,train,best.pt,,,,,,,
0.3,0.826915277,20,0,0,1,1,1,MIT_229,train,best.pt,,,,,,,
0.35,0.826915277,20,0,0,1,1,1,MIT_229,train,best.pt,,,,,,,
0.4,0.826915277,20,0,0,1,1,1,MIT_229,train,best.pt,,,,,,,
0.45,0.826915277,20,0,0,1,1,1,MIT_229,train,best.pt,,,,,,,
0.5,0.826915277,20,0,0,1,1,1,MIT_229,train,best.pt,,,,,,,
0.2,0.855332488,20,0,0,1,1,1,MIT_23,train,best.pt,,,,,,,
0.25,0.855332488,20,0,0,1,1,1,MIT_23,train,best.pt,,,,,,,
0.3,0.855332488,20,0,0,1,1,1,MIT_23,train,best.pt,,,,,,,
0.35,0.855332488,20,0,0,1,1,1,MIT_23,train,best.pt,,,,,,,
0.4,0.855332488,20,0,0,1,1,1,MIT_23,train,best.pt,,,,,,,
0.45,0.855332488,20,0,0,1,1,1,MIT_23,train,best.pt,,,,,,,
0.5,0.855332488,20,0,0,1,1,1,MIT_23,train,best.pt,,,,,,,
0.2,0.842195117,20,0,0,1,1,1,MIT_230,train,best.pt,,,,,,,
0.25,0.842195117,20,0,0,1,1,1,MIT_230,train,best.pt,,,,,,,
0.3,0.842195117,20,0,0,1,1,1,MIT_230,train,best.pt,,,,,,,
0.35,0.842195117,20,0,0,1,1,1,MIT_230,train,best.pt,,,,,,,
0.4,0.842195117,20,0,0,1,1,1,MIT_230,train,best.pt,,,,,,,
0.45,0.842195117,20,0,0,1,1,1,MIT_230,train,best.pt,,,,,,,
0.5,0.842195117,20,0,0,1,1,1,MIT_230,train,best.pt,,,,,,,
0.2,0.832474788,20,0,0,1,1,1,MIT_231,train,best.pt,,,,,,,
0.25,0.832474788,20,0,0,1,1,1,MIT_231,train,best.pt,,,,,,,
0.3,0.832474788,20,0,0,1,1,1,MIT_231,train,best.pt,,,,,,,
0.35,0.832474788,20,0,0,1,1,1,MIT_231,train,best.pt,,,,,,,
0.4,0.832474788,20,0,0,1,1,1,MIT_231,train,best.pt,,,,,,,
0.45,0.832474788,20,0,0,1,1,1,MIT_231,train,best.pt,,,,,,,
0.5,0.832474788,20,0,0,1,1,1,MIT_231,train,best.pt,,,,,,,
0.2,0.784409071,20,0,0,1,1,1,MIT_232,train,best.pt,,,,,,,
0.25,0.784409071,20,0,0,1,1,1,MIT_232,train,best.pt,,,,,,,
0.3,0.784409071,20,0,0,1,1,1,MIT_232,train,best.pt,,,,,,,
0.35,0.784409071,20,0,0,1,1,1,MIT_232,train,best.pt,,,,,,,
0.4,0.784409071,20,0,0,1,1,1,MIT_232,train,best.pt,,,,,,,
0.45,0.784409071,20,0,0,1,1,1,MIT_232,train,best.pt,,,,,,,
0.5,0.784409071,20,0,0,1,1,1,MIT_232,train,best.pt,,,,,,,
0.2,0.765059535,20,0,0,1,1,1,MIT_236,train,best.pt,,,,,,,
0.25,0.765059535,20,0,0,1,1,1,MIT_236,train,best.pt,,,,,,,
0.3,0.765059535,20,0,0,1,1,1,MIT_236,train,best.pt,,,,,,,
0.35,0.72862813,19,1,1,0.95,0.95,0.95,MIT_236,train,best.pt,,,,,,,
0.4,0.72862813,19,1,1,0.95,0.95,0.95,MIT_236,train,best.pt,,,,,,,
0.45,0.72862813,19,1,1,0.95,0.95,0.95,MIT_236,train,best.pt,,,,,,,
0.5,0.72862813,19,1,1,0.95,0.95,0.95,MIT_236,train,best.pt,,,,,,,
0.2,0.811585031,20,0,0,1,1,1,MIT_237,train,best.pt,,,,,,,
0.25,0.811585031,20,0,0,1,1,1,MIT_237,train,best.pt,,,,,,,
0.3,0.811585031,20,0,0,1,1,1,MIT_237,train,best.pt,,,,,,,
0.35,0.811585031,20,0,0,1,1,1,MIT_237,train,best.pt,,,,,,,
0.4,0.811585031,20,0,0,1,1,1,MIT_237,train,best.pt,,,,,,,
0.45,0.811585031,20,0,0,1,1,1,MIT_237,train,best.pt,,,,,,,
0.5,0.811585031,20,0,0,1,1,1,MIT_237,train,best.pt,,,,,,,
0.2,0.825587164,20,0,0,1,1,1,MIT_239,train,best.pt,,,,,,,
0.25,0.825587164,20,0,0,1,1,1,MIT_239,train,best.pt,,,,,,,
0.3,0.825587164,20,0,0,1,1,1,MIT_239,train,best.pt,,,,,,,
0.35,0.825587164,20,0,0,1,1,1,MIT_239,train,best.pt,,,,,,,
0.4,0.825587164,20,0,0,1,1,1,MIT_239,train,best.pt,,,,,,,
0.45,0.825587164,20,0,0,1,1,1,MIT_239,train,best.pt,,,,,,,
0.5,0.825587164,20,0,0,1,1,1,MIT_239,train,best.pt,,,,,,,
0.2,0.849902197,20,0,0,1,1,1,MIT_24,train,best.pt,,,,,,,
0.25,0.849902197,20,0,0,1,1,1,MIT_24,train,best.pt,,,,,,,
0.3,0.849902197,20,0,0,1,1,1,MIT_24,train,best.pt,,,,,,,
0.35,0.849902197,20,0,0,1,1,1,MIT_24,train,best.pt,,,,,,,
0.4,0.849902197,20,0,0,1,1,1,MIT_24,train,best.pt,,,,,,,
0.45,0.849902197,20,0,0,1,1,1,MIT_24,train,best.pt,,,,,,,
0.5,0.849902197,20,0,0,1,1,1,MIT_24,train,best.pt,,,,,,,
0.2,0.834457649,20,0,0,1,1,1,MIT_240,train,best.pt,,,,,,,
0.25,0.834457649,20,0,0,1,1,1,MIT_240,train,best.pt,,,,,,,
0.3,0.834457649,20,0,0,1,1,1,MIT_240,train,best.pt,,,,,,,
0.35,0.834457649,20,0,0,1,1,1,MIT_240,train,best.pt,,,,,,,
0.4,0.834457649,20,0,0,1,1,1,MIT_240,train,best.pt,,,,,,,
0.45,0.834457649,20,0,0,1,1,1,MIT_240,train,best.pt,,,,,,,
0.5,0.834457649,20,0,0,1,1,1,MIT_240,train,best.pt,,,,,,,
0.2,0.804304995,20,0,0,1,1,1,MIT_241,train,best.pt,,,,,,,
0.25,0.804304995,20,0,0,1,1,1,MIT_241,train,best.pt,,,,,,,
0.3,0.804304995,20,0,0,1,1,1,MIT_241,train,best.pt,,,,,,,
0.35,0.804304995,20,0,0,1,1,1,MIT_241,train,best.pt,,,,,,,
0.4,0.804304995,20,0,0,1,1,1,MIT_241,train,best.pt,,,,,,,
0.45,0.804304995,20,0,0,1,1,1,MIT_241,train,best.pt,,,,,,,
0.5,0.804304995,20,0,0,1,1,1,MIT_241,train,best.pt,,,,,,,
0.2,0.833245604,20,0,0,1,1,1,MIT_242,train,best.pt,,,,,,,
0.25,0.833245604,20,0,0,1,1,1,MIT_242,train,best.pt,,,,,,,
0.3,0.833245604,20,0,0,1,1,1,MIT_242,train,best.pt,,,,,,,
0.35,0.833245604,20,0,0,1,1,1,MIT_242,train,best.pt,,,,,,,
0.4,0.833245604,20,0,0,1,1,1,MIT_242,train,best.pt,,,,,,,
0.45,0.833245604,20,0,0,1,1,1,MIT_242,train,best.pt,,,,,,,
0.5,0.833245604,20,0,0,1,1,1,MIT_242,train,best.pt,,,,,,,
0.2,0.796766582,21,0,0,1,1,1,MIT_243,train,best.pt,,,,,,,
0.25,0.796766582,21,0,0,1,1,1,MIT_243,train,best.pt,,,,,,,
0.3,0.796766582,21,0,0,1,1,1,MIT_243,train,best.pt,,,,,,,
0.35,0.796766582,21,0,0,1,1,1,MIT_243,train,best.pt,,,,,,,
0.4,0.796766582,21,0,0,1,1,1,MIT_243,train,best.pt,,,,,,,
0.45,0.796766582,21,0,0,1,1,1,MIT_243,train,best.pt,,,,,,,
0.5,0.796766582,21,0,0,1,1,1,MIT_243,train,best.pt,,,,,,,
0.2,0.807883415,21,0,0,1,1,1,MIT_244,train,best.pt,,,,,,,
0.25,0.807883415,21,0,0,1,1,1,MIT_244,train,best.pt,,,,,,,
0.3,0.807883415,21,0,0,1,1,1,MIT_244,train,best.pt,,,,,,,
0.35,0.807883415,21,0,0,1,1,1,MIT_244,train,best.pt,,,,,,,
0.4,0.807883415,21,0,0,1,1,1,MIT_244,train,best.pt,,,,,,,
0.45,0.807883415,21,0,0,1,1,1,MIT_244,train,best.pt,,,,,,,
0.5,0.807883415,21,0,0,1,1,1,MIT_244,train,best.pt,,,,,,,
0.2,0.788972017,19,0,0,1,1,1,MIT_246,train,best.pt,,,,,,,
0.25,0.788972017,19,0,0,1,1,1,MIT_246,train,best.pt,,,,,,,
0.3,0.788972017,19,0,0,1,1,1,MIT_246,train,best.pt,,,,,,,
0.35,0.788972017,19,0,0,1,1,1,MIT_246,train,best.pt,,,,,,,
0.4,0.788972017,19,0,0,1,1,1,MIT_246,train,best.pt,,,,,,,
0.45,0.788972017,19,0,0,1,1,1,MIT_246,train,best.pt,,,,,,,
0.5,0.788972017,19,0,0,1,1,1,MIT_246,train,best.pt,,,,,,,
0.2,0.806715311,20,0,0,1,1,1,MIT_247,train,best.pt,,,,,,,
0.25,0.806715311,20,0,0,1,1,1,MIT_247,train,best.pt,,,,,,,
0.3,0.806715311,20,0,0,1,1,1,MIT_247,train,best.pt,,,,,,,
0.35,0.806715311,20,0,0,1,1,1,MIT_247,train,best.pt,,,,,,,
0.4,0.806715311,20,0,0,1,1,1,MIT_247,train,best.pt,,,,,,,
0.45,0.806715311,20,0,0,1,1,1,MIT_247,train,best.pt,,,,,,,
0.5,0.806715311,20,0,0,1,1,1,MIT_247,train,best.pt,,,,,,,
0.2,0.806548223,20,0,0,1,1,1,MIT_249,train,best.pt,,,,,,,
0.25,0.806548223,20,0,0,1,1,1,MIT_249,train,best.pt,,,,,,,
0.3,0.806548223,20,0,0,1,1,1,MIT_249,train,best.pt,,,,,,,
0.35,0.806548223,20,0,0,1,1,1,MIT_249,train,best.pt,,,,,,,
0.4,0.806548223,20,0,0,1,1,1,MIT_249,train,best.pt,,,,,,,
0.45,0.806548223,20,0,0,1,1,1,MIT_249,train,best.pt,,,,,,,
0.5,0.806548223,20,0,0,1,1,1,MIT_249,train,best.pt,,,,,,,
0.2,0.827707255,20,0,0,1,1,1,MIT_251,train,best.pt,,,,,,,
0.25,0.827707255,20,0,0,1,1,1,MIT_251,train,best.pt,,,,,,,
0.3,0.827707255,20,0,0,1,1,1,MIT_251,train,best.pt,,,,,,,
0.35,0.827707255,20,0,0,1,1,1,MIT_251,train,best.pt,,,,,,,
0.4,0.827707255,20,0,0,1,1,1,MIT_251,train,best.pt,,,,,,,
0.45,0.827707255,20,0,0,1,1,1,MIT_251,train,best.pt,,,,,,,
0.5,0.827707255,20,0,0,1,1,1,MIT_251,train,best.pt,,,,,,,
0.2,0.748915269,19,1,0,0.95,1,0.97,MIT_252,train,best.pt,,,,,,,
0.25,0.748915269,19,1,0,0.95,1,0.97,MIT_252,train,best.pt,,,,,,,
0.3,0.748915269,19,1,0,0.95,1,0.97,MIT_252,train,best.pt,,,,,,,
0.35,0.748915269,19,1,0,0.95,1,0.97,MIT_252,train,best.pt,,,,,,,
0.4,0.748915269,19,1,0,0.95,1,0.97,MIT_252,train,best.pt,,,,,,,
0.45,0.713252639,18,2,1,0.9,0.95,0.92,MIT_252,train,best.pt,,,,,,,
0.5,0.713252639,18,2,1,0.9,0.95,0.92,MIT_252,train,best.pt,,,,,,,
0.2,0.841627,20,0,0,1,1,1,MIT_254,train,best.pt,,,,,,,
0.25,0.841627,20,0,0,1,1,1,MIT_254,train,best.pt,,,,,,,
0.3,0.841627,20,0,0,1,1,1,MIT_254,train,best.pt,,,,,,,
0.35,0.841627,20,0,0,1,1,1,MIT_254,train,best.pt,,,,,,,
0.4,0.841627,20,0,0,1,1,1,MIT_254,train,best.pt,,,,,,,
0.45,0.841627,20,0,0,1,1,1,MIT_254,train,best.pt,,,,,,,
0.5,0.841627,20,0,0,1,1,1,MIT_254,train,best.pt,,,,,,,
0.2,0.796181363,20,0,0,1,1,1,MIT_255,train,best.pt,,,,,,,
0.25,0.796181363,20,0,0,1,1,1,MIT_255,train,best.pt,,,,,,,
0.3,0.796181363,20,0,0,1,1,1,MIT_255,train,best.pt,,,,,,,
0.35,0.796181363,20,0,0,1,1,1,MIT_255,train,best.pt,,,,,,,
0.4,0.796181363,20,0,0,1,1,1,MIT_255,train,best.pt,,,,,,,
0.45,0.796181363,20,0,0,1,1,1,MIT_255,train,best.pt,,,,,,,
0.5,0.796181363,20,0,0,1,1,1,MIT_255,train,best.pt,,,,,,,
0.2,0.800885721,20,0,0,1,1,1,MIT_257,train,best.pt,,,,,,,
0.25,0.800885721,20,0,0,1,1,1,MIT_257,train,best.pt,,,,,,,
0.3,0.800885721,20,0,0,1,1,1,MIT_257,train,best.pt,,,,,,,
0.35,0.800885721,20,0,0,1,1,1,MIT_257,train,best.pt,,,,,,,
0.4,0.800885721,20,0,0,1,1,1,MIT_257,train,best.pt,,,,,,,
0.45,0.800885721,20,0,0,1,1,1,MIT_257,train,best.pt,,,,,,,
0.5,0.800885721,20,0,0,1,1,1,MIT_257,train,best.pt,,,,,,,
0.2,0.82359009,20,0,0,1,1,1,MIT_259,train,best.pt,,,,,,,
0.25,0.82359009,20,0,0,1,1,1,MIT_259,train,best.pt,,,,,,,
0.3,0.82359009,20,0,0,1,1,1,MIT_259,train,best.pt,,,,,,,
0.35,0.82359009,20,0,0,1,1,1,MIT_259,train,best.pt,,,,,,,
0.4,0.82359009,20,0,0,1,1,1,MIT_259,train,best.pt,,,,,,,
0.45,0.82359009,20,0,0,1,1,1,MIT_259,train,best.pt,,,,,,,
0.5,0.82359009,20,0,0,1,1,1,MIT_259,train,best.pt,,,,,,,
0.2,0.847145501,20,0,0,1,1,1,MIT_26,train,best.pt,,,,,,,
0.25,0.847145501,20,0,0,1,1,1,MIT_26,train,best.pt,,,,,,,
0.3,0.847145501,20,0,0,1,1,1,MIT_26,train,best.pt,,,,,,,
0.35,0.847145501,20,0,0,1,1,1,MIT_26,train,best.pt,,,,,,,
0.4,0.847145501,20,0,0,1,1,1,MIT_26,train,best.pt,,,,,,,
0.45,0.847145501,20,0,0,1,1,1,MIT_26,train,best.pt,,,,,,,
0.5,0.847145501,20,0,0,1,1,1,MIT_26,train,best.pt,,,,,,,
0.2,0.823069465,20,0,0,1,1,1,MIT_260,train,best.pt,,,,,,,
0.25,0.823069465,20,0,0,1,1,1,MIT_260,train,best.pt,,,,,,,
0.3,0.823069465,20,0,0,1,1,1,MIT_260,train,best.pt,,,,,,,
0.35,0.823069465,20,0,0,1,1,1,MIT_260,train,best.pt,,,,,,,
0.4,0.823069465,20,0,0,1,1,1,MIT_260,train,best.pt,,,,,,,
0.45,0.823069465,20,0,0,1,1,1,MIT_260,train,best.pt,,,,,,,
0.5,0.823069465,20,0,0,1,1,1,MIT_260,train,best.pt,,,,,,,
0.2,0.80807609,20,0,0,1,1,1,MIT_261,train,best.pt,,,,,,,
0.25,0.80807609,20,0,0,1,1,1,MIT_261,train,best.pt,,,,,,,
0.3,0.80807609,20,0,0,1,1,1,MIT_261,train,best.pt,,,,,,,
0.35,0.80807609,20,0,0,1,1,1,MIT_261,train,best.pt,,,,,,,
0.4,0.80807609,20,0,0,1,1,1,MIT_261,train,best.pt,,,,,,,
0.45,0.80807609,20,0,0,1,1,1,MIT_261,train,best.pt,,,,,,,
0.5,0.80807609,20,0,0,1,1,1,MIT_261,train,best.pt,,,,,,,
0.2,0.849466121,20,0,0,1,1,1,MIT_262,train,best.pt,,,,,,,
0.25,0.849466121,20,0,0,1,1,1,MIT_262,train,best.pt,,,,,,,
0.3,0.849466121,20,0,0,1,1,1,MIT_262,train,best.pt,,,,,,,
0.35,0.849466121,20,0,0,1,1,1,MIT_262,train,best.pt,,,,,,,
0.4,0.849466121,20,0,0,1,1,1,MIT_262,train,best.pt,,,,,,,
0.45,0.849466121,20,0,0,1,1,1,MIT_262,train,best.pt,,,,,,,
0.5,0.849466121,20,0,0,1,1,1,MIT_262,train,best.pt,,,,,,,
0.2,0.821019449,21,0,0,1,1,1,MIT_263,train,best.pt,,,,,,,
0.25,0.821019449,21,0,0,1,1,1,MIT_263,train,best.pt,,,,,,,
0.3,0.821019449,21,0,0,1,1,1,MIT_263,train,best.pt,,,,,,,
0.35,0.821019449,21,0,0,1,1,1,MIT_263,train,best.pt,,,,,,,
0.4,0.821019449,21,0,0,1,1,1,MIT_263,train,best.pt,,,,,,,
0.45,0.821019449,21,0,0,1,1,1,MIT_263,train,best.pt,,,,,,,
0.5,0.821019449,21,0,0,1,1,1,MIT_263,train,best.pt,,,,,,,
0.2,0.837463125,21,0,0,1,1,1,MIT_264,train,best.pt,,,,,,,
0.25,0.837463125,21,0,0,1,1,1,MIT_264,train,best.pt,,,,,,,
0.3,0.837463125,21,0,0,1,1,1,MIT_264,train,best.pt,,,,,,,
0.35,0.837463125,21,0,0,1,1,1,MIT_264,train,best.pt,,,,,,,
0.4,0.837463125,21,0,0,1,1,1,MIT_264,train,best.pt,,,,,,,
0.45,0.837463125,21,0,0,1,1,1,MIT_264,train,best.pt,,,,,,,
0.5,0.837463125,21,0,0,1,1,1,MIT_264,train,best.pt,,,,,,,
0.2,0.796777228,20,0,0,1,1,1,MIT_265,train,best.pt,,,,,,,
0.25,0.796777228,20,0,0,1,1,1,MIT_265,train,best.pt,,,,,,,
0.3,0.796777228,20,0,0,1,1,1,MIT_265,train,best.pt,,,,,,,
0.35,0.796777228,20,0,0,1,1,1,MIT_265,train,best.pt,,,,,,,
0.4,0.796777228,20,0,0,1,1,1,MIT_265,train,best.pt,,,,,,,
0.45,0.796777228,20,0,0,1,1,1,MIT_265,train,best.pt,,,,,,,
0.5,0.796777228,20,0,0,1,1,1,MIT_265,train,best.pt,,,,,,,
0.2,0.817879723,20,0,0,1,1,1,MIT_269,train,best.pt,,,,,,,
0.25,0.817879723,20,0,0,1,1,1,MIT_269,train,best.pt,,,,,,,
0.3,0.817879723,20,0,0,1,1,1,MIT_269,train,best.pt,,,,,,,
0.35,0.817879723,20,0,0,1,1,1,MIT_269,train,best.pt,,,,,,,
0.4,0.817879723,20,0,0,1,1,1,MIT_269,train,best.pt,,,,,,,
0.45,0.817879723,20,0,0,1,1,1,MIT_269,train,best.pt,,,,,,,
0.5,0.817879723,20,0,0,1,1,1,MIT_269,train,best.pt,,,,,,,
0.2,0.851643384,20,0,0,1,1,1,MIT_27,train,best.pt,,,,,,,
0.25,0.851643384,20,0,0,1,1,1,MIT_27,train,best.pt,,,,,,,
0.3,0.851643384,20,0,0,1,1,1,MIT_27,train,best.pt,,,,,,,
0.35,0.851643384,20,0,0,1,1,1,MIT_27,train,best.pt,,,,,,,
0.4,0.851643384,20,0,0,1,1,1,MIT_27,train,best.pt,,,,,,,
0.45,0.851643384,20,0,0,1,1,1,MIT_27,train,best.pt,,,,,,,
0.5,0.851643384,20,0,0,1,1,1,MIT_27,train,best.pt,,,,,,,
0.2,0.803242231,20,0,0,1,1,1,MIT_270,train,best.pt,,,,,,,
0.25,0.803242231,20,0,0,1,1,1,MIT_270,train,best.pt,,,,,,,
0.3,0.803242231,20,0,0,1,1,1,MIT_270,train,best.pt,,,,,,,
0.35,0.803242231,20,0,0,1,1,1,MIT_270,train,best.pt,,,,,,,
0.4,0.803242231,20,0,0,1,1,1,MIT_270,train,best.pt,,,,,,,
0.45,0.803242231,20,0,0,1,1,1,MIT_270,train,best.pt,,,,,,,
0.5,0.803242231,20,0,0,1,1,1,MIT_270,train,best.pt,,,,,,,
0.2,0.817450543,20,0,0,1,1,1,MIT_271,train,best.pt,,,,,,,
0.25,0.817450543,20,0,0,1,1,1,MIT_271,train,best.pt,,,,,,,
0.3,0.817450543,20,0,0,1,1,1,MIT_271,train,best.pt,,,,,,,
0.35,0.817450543,20,0,0,1,1,1,MIT_271,train,best.pt,,,,,,,
0.4,0.817450543,20,0,0,1,1,1,MIT_271,train,best.pt,,,,,,,
0.45,0.817450543,20,0,0,1,1,1,MIT_271,train,best.pt,,,,,,,
0.5,0.817450543,20,0,0,1,1,1,MIT_271,train,best.pt,,,,,,,
0.2,0.811522334,20,0,0,1,1,1,MIT_273,train,best.pt,,,,,,,
0.25,0.811522334,20,0,0,1,1,1,MIT_273,train,best.pt,,,,,,,
0.3,0.811522334,20,0,0,1,1,1,MIT_273,train,best.pt,,,,,,,
0.35,0.811522334,20,0,0,1,1,1,MIT_273,train,best.pt,,,,,,,
0.4,0.811522334,20,0,0,1,1,1,MIT_273,train,best.pt,,,,,,,
0.45,0.811522334,20,0,0,1,1,1,MIT_273,train,best.pt,,,,,,,
0.5,0.811522334,20,0,0,1,1,1,MIT_273,train,best.pt,,,,,,,
0.2,0.828981787,20,0,0,1,1,1,MIT_275,train,best.pt,,,,,,,
0.25,0.828981787,20,0,0,1,1,1,MIT_275,train,best.pt,,,,,,,
0.3,0.828981787,20,0,0,1,1,1,MIT_275,train,best.pt,,,,,,,
0.35,0.828981787,20,0,0,1,1,1,MIT_275,train,best.pt,,,,,,,
0.4,0.828981787,20,0,0,1,1,1,MIT_275,train,best.pt,,,,,,,
0.45,0.828981787,20,0,0,1,1,1,MIT_275,train,best.pt,,,,,,,
0.5,0.828981787,20,0,0,1,1,1,MIT_275,train,best.pt,,,,,,,
0.2,0.820084665,20,0,0,1,1,1,MIT_276,train,best.pt,,,,,,,
0.25,0.820084665,20,0,0,1,1,1,MIT_276,train,best.pt,,,,,,,
0.3,0.820084665,20,0,0,1,1,1,MIT_276,train,best.pt,,,,,,,
0.35,0.820084665,20,0,0,1,1,1,MIT_276,train,best.pt,,,,,,,
0.4,0.820084665,20,0,0,1,1,1,MIT_276,train,best.pt,,,,,,,
0.45,0.820084665,20,0,0,1,1,1,MIT_276,train,best.pt,,,,,,,
0.5,0.820084665,20,0,0,1,1,1,MIT_276,train,best.pt,,,,,,,
0.2,0.75543072,20,0,0,1,1,1,MIT_277,train,best.pt,,,,,,,
0.25,0.75543072,20,0,0,1,1,1,MIT_277,train,best.pt,,,,,,,
0.3,0.75543072,20,0,0,1,1,1,MIT_277,train,best.pt,,,,,,,
0.35,0.75543072,20,0,0,1,1,1,MIT_277,train,best.pt,,,,,,,
0.4,0.75543072,20,0,0,1,1,1,MIT_277,train,best.pt,,,,,,,
0.45,0.75543072,20,0,0,1,1,1,MIT_277,train,best.pt,,,,,,,
0.5,0.75543072,20,0,0,1,1,1,MIT_277,train,best.pt,,,,,,,
0.2,0.775124401,20,0,0,1,1,1,MIT_279,train,best.pt,,,,,,,
0.25,0.775124401,20,0,0,1,1,1,MIT_279,train,best.pt,,,,,,,
0.3,0.775124401,20,0,0,1,1,1,MIT_279,train,best.pt,,,,,,,
0.35,0.775124401,20,0,0,1,1,1,MIT_279,train,best.pt,,,,,,,
0.4,0.775124401,20,0,0,1,1,1,MIT_279,train,best.pt,,,,,,,
0.45,0.775124401,20,0,0,1,1,1,MIT_279,train,best.pt,,,,,,,
0.5,0.738213717,19,1,1,0.95,0.95,0.95,MIT_279,train,best.pt,,,,,,,
0.2,0.856681851,20,0,0,1,1,1,MIT_28,train,best.pt,,,,,,,
0.25,0.856681851,20,0,0,1,1,1,MIT_28,train,best.pt,,,,,,,
0.3,0.856681851,20,0,0,1,1,1,MIT_28,train,best.pt,,,,,,,
0.35,0.856681851,20,0,0,1,1,1,MIT_28,train,best.pt,,,,,,,
0.4,0.856681851,20,0,0,1,1,1,MIT_28,train,best.pt,,,,,,,
0.45,0.856681851,20,0,0,1,1,1,MIT_28,train,best.pt,,,,,,,
0.5,0.856681851,20,0,0,1,1,1,MIT_28,train,best.pt,,,,,,,
0.2,0.827087039,19,0,0,1,1,1,MIT_280,train,best.pt,,,,,,,
0.25,0.827087039,19,0,0,1,1,1,MIT_280,train,best.pt,,,,,,,
0.3,0.827087039,19,0,0,1,1,1,MIT_280,train,best.pt,,,,,,,
0.35,0.827087039,19,0,0,1,1,1,MIT_280,train,best.pt,,,,,,,
0.4,0.827087039,19,0,0,1,1,1,MIT_280,train,best.pt,,,,,,,
0.45,0.827087039,19,0,0,1,1,1,MIT_280,train,best.pt,,,,,,,
0.5,0.827087039,19,0,0,1,1,1,MIT_280,train,best.pt,,,,,,,
0.2,0.788768624,20,0,0,1,1,1,MIT_282,train,best.pt,,,,,,,
0.25,0.788768624,20,0,0,1,1,1,MIT_282,train,best.pt,,,,,,,
0.3,0.788768624,20,0,0,1,1,1,MIT_282,train,best.pt,,,,,,,
0.35,0.788768624,20,0,0,1,1,1,MIT_282,train,best.pt,,,,,,,
0.4,0.788768624,20,0,0,1,1,1,MIT_282,train,best.pt,,,,,,,
0.45,0.788768624,20,0,0,1,1,1,MIT_282,train,best.pt,,,,,,,
0.5,0.788768624,20,0,0,1,1,1,MIT_282,train,best.pt,,,,,,,
0.2,0.809410657,20,0,0,1,1,1,MIT_283,train,best.pt,,,,,,,
0.25,0.809410657,20,0,0,1,1,1,MIT_283,train,best.pt,,,,,,,
0.3,0.809410657,20,0,0,1,1,1,MIT_283,train,best.pt,,,,,,,
0.35,0.809410657,20,0,0,1,1,1,MIT_283,train,best.pt,,,,,,,
0.4,0.809410657,20,0,0,1,1,1,MIT_283,train,best.pt,,,,,,,
0.45,0.809410657,20,0,0,1,1,1,MIT_283,train,best.pt,,,,,,,
0.5,0.809410657,20,0,0,1,1,1,MIT_283,train,best.pt,,,,,,,
0.2,0.807024941,20,0,0,1,1,1,MIT_284,train,best.pt,,,,,,,
0.25,0.807024941,20,0,0,1,1,1,MIT_284,train,best.pt,,,,,,,
0.3,0.807024941,20,0,0,1,1,1,MIT_284,train,best.pt,,,,,,,
0.35,0.807024941,20,0,0,1,1,1,MIT_284,train,best.pt,,,,,,,
0.4,0.807024941,20,0,0,1,1,1,MIT_284,train,best.pt,,,,,,,
0.45,0.807024941,20,0,0,1,1,1,MIT_284,train,best.pt,,,,,,,
0.5,0.807024941,20,0,0,1,1,1,MIT_284,train,best.pt,,,,,,,
0.2,0.801894235,20,0,0,1,1,1,MIT_285,train,best.pt,,,,,,,
0.25,0.801894235,20,0,0,1,1,1,MIT_285,train,best.pt,,,,,,,
0.3,0.801894235,20,0,0,1,1,1,MIT_285,train,best.pt,,,,,,,
0.35,0.801894235,20,0,0,1,1,1,MIT_285,train,best.pt,,,,,,,
0.4,0.801894235,20,0,0,1,1,1,MIT_285,train,best.pt,,,,,,,
0.45,0.801894235,20,0,0,1,1,1,MIT_285,train,best.pt,,,,,,,
0.5,0.801894235,20,0,0,1,1,1,MIT_285,train,best.pt,,,,,,,
0.2,0.832922618,20,0,0,1,1,1,MIT_286,train,best.pt,,,,,,,
0.25,0.832922618,20,0,0,1,1,1,MIT_286,train,best.pt,,,,,,,
0.3,0.832922618,20,0,0,1,1,1,MIT_286,train,best.pt,,,,,,,
0.35,0.832922618,20,0,0,1,1,1,MIT_286,train,best.pt,,,,,,,
0.4,0.832922618,20,0,0,1,1,1,MIT_286,train,best.pt,,,,,,,
0.45,0.832922618,20,0,0,1,1,1,MIT_286,train,best.pt,,,,,,,
0.5,0.832922618,20,0,0,1,1,1,MIT_286,train,best.pt,,,,,,,
0.2,0.836889071,20,0,0,1,1,1,MIT_287,train,best.pt,,,,,,,
0.25,0.836889071,20,0,0,1,1,1,MIT_287,train,best.pt,,,,,,,
0.3,0.836889071,20,0,0,1,1,1,MIT_287,train,best.pt,,,,,,,
0.35,0.836889071,20,0,0,1,1,1,MIT_287,train,best.pt,,,,,,,
0.4,0.836889071,20,0,0,1,1,1,MIT_287,train,best.pt,,,,,,,
0.45,0.836889071,20,0,0,1,1,1,MIT_287,train,best.pt,,,,,,,
0.5,0.836889071,20,0,0,1,1,1,MIT_287,train,best.pt,,,,,,,
0.2,0.808431046,20,0,0,1,1,1,MIT_288,train,best.pt,,,,,,,
0.25,0.808431046,20,0,0,1,1,1,MIT_288,train,best.pt,,,,,,,
0.3,0.808431046,20,0,0,1,1,1,MIT_288,train,best.pt,,,,,,,
0.35,0.808431046,20,0,0,1,1,1,MIT_288,train,best.pt,,,,,,,
0.4,0.808431046,20,0,0,1,1,1,MIT_288,train,best.pt,,,,,,,
0.45,0.808431046,20,0,0,1,1,1,MIT_288,train,best.pt,,,,,,,
0.5,0.808431046,20,0,0,1,1,1,MIT_288,train,best.pt,,,,,,,
0.2,0.792150812,20,0,0,1,1,1,MIT_289,train,best.pt,,,,,,,
0.25,0.754429346,19,1,1,0.95,0.95,0.95,MIT_289,train,best.pt,,,,,,,
0.3,0.754429346,19,1,1,0.95,0.95,0.95,MIT_289,train,best.pt,,,,,,,
0.35,0.754429346,19,1,1,0.95,0.95,0.95,MIT_289,train,best.pt,,,,,,,
0.4,0.754429346,19,1,1,0.95,0.95,0.95,MIT_289,train,best.pt,,,,,,,
0.45,0.754429346,19,1,1,0.95,0.95,0.95,MIT_289,train,best.pt,,,,,,,
0.5,0.754429346,19,1,1,0.95,0.95,0.95,MIT_289,train,best.pt,,,,,,,
0.2,0.80439043,20,0,1,1,0.95,0.98,MIT_29,train,best.pt,,,,,,,
0.25,0.80439043,20,0,1,1,0.95,0.98,MIT_29,train,best.pt,,,,,,,
0.3,0.80439043,20,0,1,1,0.95,0.98,MIT_29,train,best.pt,,,,,,,
0.35,0.80439043,20,0,1,1,0.95,0.98,MIT_29,train,best.pt,,,,,,,
0.4,0.80439043,20,0,1,1,0.95,0.98,MIT_29,train,best.pt,,,,,,,
0.45,0.80439043,20,0,1,1,0.95,0.98,MIT_29,train,best.pt,,,,,,,
0.5,0.80439043,20,0,1,1,0.95,0.98,MIT_29,train,best.pt,,,,,,,
0.2,0.788835028,20,0,0,1,1,1,MIT_291,train,best.pt,,,,,,,
0.25,0.788835028,20,0,0,1,1,1,MIT_291,train,best.pt,,,,,,,
0.3,0.788835028,20,0,0,1,1,1,MIT_291,train,best.pt,,,,,,,
0.35,0.788835028,20,0,0,1,1,1,MIT_291,train,best.pt,,,,,,,
0.4,0.788835028,20,0,0,1,1,1,MIT_291,train,best.pt,,,,,,,
0.45,0.788835028,20,0,0,1,1,1,MIT_291,train,best.pt,,,,,,,
0.5,0.788835028,20,0,0,1,1,1,MIT_291,train,best.pt,,,,,,,
0.2,0.777871974,20,0,0,1,1,1,MIT_292,train,best.pt,,,,,,,
0.25,0.777871974,20,0,0,1,1,1,MIT_292,train,best.pt,,,,,,,
0.3,0.777871974,20,0,0,1,1,1,MIT_292,train,best.pt,,,,,,,
0.35,0.777871974,20,0,0,1,1,1,MIT_292,train,best.pt,,,,,,,
0.4,0.777871974,20,0,0,1,1,1,MIT_292,train,best.pt,,,,,,,
0.45,0.777871974,20,0,0,1,1,1,MIT_292,train,best.pt,,,,,,,
0.5,0.777871974,20,0,0,1,1,1,MIT_292,train,best.pt,,,,,,,
0.2,0.830897073,20,0,0,1,1,1,MIT_293,train,best.pt,,,,,,,
0.25,0.830897073,20,0,0,1,1,1,MIT_293,train,best.pt,,,,,,,
0.3,0.830897073,20,0,0,1,1,1,MIT_293,train,best.pt,,,,,,,
0.35,0.830897073,20,0,0,1,1,1,MIT_293,train,best.pt,,,,,,,
0.4,0.830897073,20,0,0,1,1,1,MIT_293,train,best.pt,,,,,,,
0.45,0.830897073,20,0,0,1,1,1,MIT_293,train,best.pt,,,,,,,
0.5,0.830897073,20,0,0,1,1,1,MIT_293,train,best.pt,,,,,,,
0.2,0.81978009,21,0,0,1,1,1,MIT_294,train,best.pt,,,,,,,
0.25,0.81978009,21,0,0,1,1,1,MIT_294,train,best.pt,,,,,,,
0.3,0.81978009,21,0,0,1,1,1,MIT_294,train,best.pt,,,,,,,
0.35,0.81978009,21,0,0,1,1,1,MIT_294,train,best.pt,,,,,,,
0.4,0.81978009,21,0,0,1,1,1,MIT_294,train,best.pt,,,,,,,
0.45,0.81978009,21,0,0,1,1,1,MIT_294,train,best.pt,,,,,,,
0.5,0.81978009,21,0,0,1,1,1,MIT_294,train,best.pt,,,,,,,
0.2,0.84128445,20,0,0,1,1,1,MIT_295,train,best.pt,,,,,,,
0.25,0.84128445,20,0,0,1,1,1,MIT_295,train,best.pt,,,,,,,
0.3,0.84128445,20,0,0,1,1,1,MIT_295,train,best.pt,,,,,,,
0.35,0.84128445,20,0,0,1,1,1,MIT_295,train,best.pt,,,,,,,
0.4,0.84128445,20,0,0,1,1,1,MIT_295,train,best.pt,,,,,,,
0.45,0.84128445,20,0,0,1,1,1,MIT_295,train,best.pt,,,,,,,
0.5,0.84128445,20,0,0,1,1,1,MIT_295,train,best.pt,,,,,,,
0.2,0.818224454,20,0,0,1,1,1,MIT_296,train,best.pt,,,,,,,
0.25,0.818224454,20,0,0,1,1,1,MIT_296,train,best.pt,,,,,,,
0.3,0.818224454,20,0,0,1,1,1,MIT_296,train,best.pt,,,,,,,
0.35,0.818224454,20,0,0,1,1,1,MIT_296,train,best.pt,,,,,,,
0.4,0.818224454,20,0,0,1,1,1,MIT_296,train,best.pt,,,,,,,
0.45,0.818224454,20,0,0,1,1,1,MIT_296,train,best.pt,,,,,,,
0.5,0.818224454,20,0,0,1,1,1,MIT_296,train,best.pt,,,,,,,
0.2,0.8296913,20,0,0,1,1,1,MIT_297,train,best.pt,,,,,,,
0.25,0.8296913,20,0,0,1,1,1,MIT_297,train,best.pt,,,,,,,
0.3,0.8296913,20,0,0,1,1,1,MIT_297,train,best.pt,,,,,,,
0.35,0.8296913,20,0,0,1,1,1,MIT_297,train,best.pt,,,,,,,
0.4,0.8296913,20,0,0,1,1,1,MIT_297,train,best.pt,,,,,,,
0.45,0.8296913,20,0,0,1,1,1,MIT_297,train,best.pt,,,,,,,
0.5,0.8296913,20,0,0,1,1,1,MIT_297,train,best.pt,,,,,,,
0.2,0.829104155,20,0,0,1,1,1,MIT_298,train,best.pt,,,,,,,
0.25,0.829104155,20,0,0,1,1,1,MIT_298,train,best.pt,,,,,,,
0.3,0.829104155,20,0,0,1,1,1,MIT_298,train,best.pt,,,,,,,
0.35,0.829104155,20,0,0,1,1,1,MIT_298,train,best.pt,,,,,,,
0.4,0.829104155,20,0,0,1,1,1,MIT_298,train,best.pt,,,,,,,
0.45,0.829104155,20,0,0,1,1,1,MIT_298,train,best.pt,,,,,,,
0.5,0.829104155,20,0,0,1,1,1,MIT_298,train,best.pt,,,,,,,
0.2,0.787261715,20,0,0,1,1,1,MIT_299,train,best.pt,,,,,,,
0.25,0.787261715,20,0,0,1,1,1,MIT_299,train,best.pt,,,,,,,
0.3,0.787261715,20,0,0,1,1,1,MIT_299,train,best.pt,,,,,,,
0.35,0.787261715,20,0,0,1,1,1,MIT_299,train,best.pt,,,,,,,
0.4,0.787261715,20,0,0,1,1,1,MIT_299,train,best.pt,,,,,,,
0.45,0.787261715,20,0,0,1,1,1,MIT_299,train,best.pt,,,,,,,
0.5,0.787261715,20,0,0,1,1,1,MIT_299,train,best.pt,,,,,,,
0.2,0.852904733,20,0,0,1,1,1,MIT_3,train,best.pt,,,,,,,
0.25,0.852904733,20,0,0,1,1,1,MIT_3,train,best.pt,,,,,,,
0.3,0.852904733,20,0,0,1,1,1,MIT_3,train,best.pt,,,,,,,
0.35,0.852904733,20,0,0,1,1,1,MIT_3,train,best.pt,,,,,,,
0.4,0.852904733,20,0,0,1,1,1,MIT_3,train,best.pt,,,,,,,
0.45,0.852904733,20,0,0,1,1,1,MIT_3,train,best.pt,,,,,,,
0.5,0.852904733,20,0,0,1,1,1,MIT_3,train,best.pt,,,,,,,
0.2,0.827922308,20,0,0,1,1,1,MIT_30,train,best.pt,,,,,,,
0.25,0.827922308,20,0,0,1,1,1,MIT_30,train,best.pt,,,,,,,
0.3,0.827922308,20,0,0,1,1,1,MIT_30,train,best.pt,,,,,,,
0.35,0.827922308,20,0,0,1,1,1,MIT_30,train,best.pt,,,,,,,
0.4,0.827922308,20,0,0,1,1,1,MIT_30,train,best.pt,,,,,,,
0.45,0.827922308,20,0,0,1,1,1,MIT_30,train,best.pt,,,,,,,
0.5,0.827922308,20,0,0,1,1,1,MIT_30,train,best.pt,,,,,,,
0.2,0.851475,20,0,0,1,1,1,MIT_300,train,best.pt,,,,,,,
0.25,0.851475,20,0,0,1,1,1,MIT_300,train,best.pt,,,,,,,
0.3,0.851475,20,0,0,1,1,1,MIT_300,train,best.pt,,,,,,,
0.35,0.851475,20,0,0,1,1,1,MIT_300,train,best.pt,,,,,,,
0.4,0.851475,20,0,0,1,1,1,MIT_300,train,best.pt,,,,,,,
0.45,0.851475,20,0,0,1,1,1,MIT_300,train,best.pt,,,,,,,
0.5,0.851475,20,0,0,1,1,1,MIT_300,train,best.pt,,,,,,,
0.2,0.797575651,20,0,0,1,1,1,MIT_301,train,best.pt,,,,,,,
0.25,0.797575651,20,0,0,1,1,1,MIT_301,train,best.pt,,,,,,,
0.3,0.797575651,20,0,0,1,1,1,MIT_301,train,best.pt,,,,,,,
0.35,0.797575651,20,0,0,1,1,1,MIT_301,train,best.pt,,,,,,,
0.4,0.797575651,20,0,0,1,1,1,MIT_301,train,best.pt,,,,,,,
0.45,0.797575651,20,0,0,1,1,1,MIT_301,train,best.pt,,,,,,,
0.5,0.797575651,20,0,0,1,1,1,MIT_301,train,best.pt,,,,,,,
0.2,0.802162177,20,0,0,1,1,1,MIT_302,train,best.pt,,,,,,,
0.25,0.802162177,20,0,0,1,1,1,MIT_302,train,best.pt,,,,,,,
0.3,0.802162177,20,0,0,1,1,1,MIT_302,train,best.pt,,,,,,,
0.35,0.802162177,20,0,0,1,1,1,MIT_302,train,best.pt,,,,,,,
0.4,0.802162177,20,0,0,1,1,1,MIT_302,train,best.pt,,,,,,,
0.45,0.802162177,20,0,0,1,1,1,MIT_302,train,best.pt,,,,,,,
0.5,0.802162177,20,0,0,1,1,1,MIT_302,train,best.pt,,,,,,,
0.2,0.784363828,20,0,0,1,1,1,MIT_303,train,best.pt,,,,,,,
0.25,0.784363828,20,0,0,1,1,1,MIT_303,train,best.pt,,,,,,,
0.3,0.784363828,20,0,0,1,1,1,MIT_303,train,best.pt,,,,,,,
0.35,0.784363828,20,0,0,1,1,1,MIT_303,train,best.pt,,,,,,,
0.4,0.784363828,20,0,0,1,1,1,MIT_303,train,best.pt,,,,,,,
0.45,0.784363828,20,0,0,1,1,1,MIT_303,train,best.pt,,,,,,,
0.5,0.784363828,20,0,0,1,1,1,MIT_303,train,best.pt,,,,,,,
0.2,0.820724973,21,0,0,1,1,1,MIT_305,train,best.pt,,,,,,,
0.25,0.820724973,21,0,0,1,1,1,MIT_305,train,best.pt,,,,,,,
0.3,0.820724973,21,0,0,1,1,1,MIT_305,train,best.pt,,,,,,,
0.35,0.820724973,21,0,0,1,1,1,MIT_305,train,best.pt,,,,,,,
0.4,0.820724973,21,0,0,1,1,1,MIT_305,train,best.pt,,,,,,,
0.45,0.820724973,21,0,0,1,1,1,MIT_305,train,best.pt,,,,,,,
0.5,0.820724973,21,0,0,1,1,1,MIT_305,train,best.pt,,,,,,,
0.2,0.815142809,20,0,0,1,1,1,MIT_306,train,best.pt,,,,,,,
0.25,0.815142809,20,0,0,1,1,1,MIT_306,train,best.pt,,,,,,,
0.3,0.815142809,20,0,0,1,1,1,MIT_306,train,best.pt,,,,,,,
0.35,0.815142809,20,0,0,1,1,1,MIT_306,train,best.pt,,,,,,,
0.4,0.815142809,20,0,0,1,1,1,MIT_306,train,best.pt,,,,,,,
0.45,0.815142809,20,0,0,1,1,1,MIT_306,train,best.pt,,,,,,,
0.5,0.815142809,20,0,0,1,1,1,MIT_306,train,best.pt,,,,,,,
0.2,0.76210481,20,0,0,1,1,1,MIT_307,train,best.pt,,,,,,,
0.25,0.76210481,20,0,0,1,1,1,MIT_307,train,best.pt,,,,,,,
0.3,0.76210481,20,0,0,1,1,1,MIT_307,train,best.pt,,,,,,,
0.35,0.76210481,20,0,0,1,1,1,MIT_307,train,best.pt,,,,,,,
0.4,0.76210481,20,0,0,1,1,1,MIT_307,train,best.pt,,,,,,,
0.45,0.76210481,20,0,0,1,1,1,MIT_307,train,best.pt,,,,,,,
0.5,0.76210481,20,0,0,1,1,1,MIT_307,train,best.pt,,,,,,,
0.2,0.79595784,20,0,0,1,1,1,MIT_308,train,best.pt,,,,,,,
0.25,0.79595784,20,0,0,1,1,1,MIT_308,train,best.pt,,,,,,,
0.3,0.79595784,20,0,0,1,1,1,MIT_308,train,best.pt,,,,,,,
0.35,0.79595784,20,0,0,1,1,1,MIT_308,train,best.pt,,,,,,,
0.4,0.79595784,20,0,0,1,1,1,MIT_308,train,best.pt,,,,,,,
0.45,0.79595784,20,0,0,1,1,1,MIT_308,train,best.pt,,,,,,,
0.5,0.79595784,20,0,0,1,1,1,MIT_308,train,best.pt,,,,,,,
0.2,0.78746596,20,0,0,1,1,1,MIT_31,train,best.pt,,,,,,,
0.25,0.78746596,20,0,0,1,1,1,MIT_31,train,best.pt,,,,,,,
0.3,0.78746596,20,0,0,1,1,1,MIT_31,train,best.pt,,,,,,,
0.35,0.78746596,20,0,0,1,1,1,MIT_31,train,best.pt,,,,,,,
0.4,0.78746596,20,0,0,1,1,1,MIT_31,train,best.pt,,,,,,,
0.45,0.78746596,20,0,0,1,1,1,MIT_31,train,best.pt,,,,,,,
0.5,0.78746596,20,0,0,1,1,1,MIT_31,train,best.pt,,,,,,,
0.2,0.757928695,18,1,1,0.95,0.95,0.95,MIT_310,train,best.pt,,,,,,,
0.25,0.757928695,18,1,1,0.95,0.95,0.95,MIT_310,train,best.pt,,,,,,,
0.3,0.757928695,18,1,1,0.95,0.95,0.95,MIT_310,train,best.pt,,,,,,,
0.35,0.757928695,18,1,1,0.95,0.95,0.95,MIT_310,train,best.pt,,,,,,,
0.4,0.757928695,18,1,1,0.95,0.95,0.95,MIT_310,train,best.pt,,,,,,,
0.45,0.757928695,18,1,1,0.95,0.95,0.95,MIT_310,train,best.pt,,,,,,,
0.5,0.757928695,18,1,1,0.95,0.95,0.95,MIT_310,train,best.pt,,,,,,,
0.2,0.856636254,20,0,0,1,1,1,MIT_311,train,best.pt,,,,,,,
0.25,0.856636254,20,0,0,1,1,1,MIT_311,train,best.pt,,,,,,,
0.3,0.856636254,20,0,0,1,1,1,MIT_311,train,best.pt,,,,,,,
0.35,0.856636254,20,0,0,1,1,1,MIT_311,train,best.pt,,,,,,,
0.4,0.856636254,20,0,0,1,1,1,MIT_311,train,best.pt,,,,,,,
0.45,0.856636254,20,0,0,1,1,1,MIT_311,train,best.pt,,,,,,,
0.5,0.856636254,20,0,0,1,1,1,MIT_311,train,best.pt,,,,,,,
0.2,0.796363873,20,0,0,1,1,1,MIT_312,train,best.pt,,,,,,,
0.25,0.796363873,20,0,0,1,1,1,MIT_312,train,best.pt,,,,,,,
0.3,0.796363873,20,0,0,1,1,1,MIT_312,train,best.pt,,,,,,,
0.35,0.796363873,20,0,0,1,1,1,MIT_312,train,best.pt,,,,,,,
0.4,0.796363873,20,0,0,1,1,1,MIT_312,train,best.pt,,,,,,,
0.45,0.796363873,20,0,0,1,1,1,MIT_312,train,best.pt,,,,,,,
0.5,0.796363873,20,0,0,1,1,1,MIT_312,train,best.pt,,,,,,,
0.2,0.802552581,20,0,0,1,1,1,MIT_313,train,best.pt,,,,,,,
0.25,0.802552581,20,0,0,1,1,1,MIT_313,train,best.pt,,,,,,,
0.3,0.802552581,20,0,0,1,1,1,MIT_313,train,best.pt,,,,,,,
0.35,0.802552581,20,0,0,1,1,1,MIT_313,train,best.pt,,,,,,,
0.4,0.802552581,20,0,0,1,1,1,MIT_313,train,best.pt,,,,,,,
0.45,0.802552581,20,0,0,1,1,1,MIT_313,train,best.pt,,,,,,,
0.5,0.802552581,20,0,0,1,1,1,MIT_313,train,best.pt,,,,,,,
0.2,0.826898277,20,0,0,1,1,1,MIT_314,train,best.pt,,,,,,,
0.25,0.826898277,20,0,0,1,1,1,MIT_314,train,best.pt,,,,,,,
0.3,0.826898277,20,0,0,1,1,1,MIT_314,train,best.pt,,,,,,,
0.35,0.826898277,20,0,0,1,1,1,MIT_314,train,best.pt,,,,,,,
0.4,0.826898277,20,0,0,1,1,1,MIT_314,train,best.pt,,,,,,,
0.45,0.826898277,20,0,0,1,1,1,MIT_314,train,best.pt,,,,,,,
0.5,0.826898277,20,0,0,1,1,1,MIT_314,train,best.pt,,,,,,,
0.2,0.786410462,20,0,0,1,1,1,MIT_315,train,best.pt,,,,,,,
0.25,0.786410462,20,0,0,1,1,1,MIT_315,train,best.pt,,,,,,,
0.3,0.786410462,20,0,0,1,1,1,MIT_315,train,best.pt,,,,,,,
0.35,0.786410462,20,0,0,1,1,1,MIT_315,train,best.pt,,,,,,,
0.4,0.786410462,20,0,0,1,1,1,MIT_315,train,best.pt,,,,,,,
0.45,0.786410462,20,0,0,1,1,1,MIT_315,train,best.pt,,,,,,,
0.5,0.786410462,20,0,0,1,1,1,MIT_315,train,best.pt,,,,,,,
0.2,0.788795531,20,0,0,1,1,1,MIT_316,train,best.pt,,,,,,,
0.25,0.788795531,20,0,0,1,1,1,MIT_316,train,best.pt,,,,,,,
0.3,0.788795531,20,0,0,1,1,1,MIT_316,train,best.pt,,,,,,,
0.35,0.788795531,20,0,0,1,1,1,MIT_316,train,best.pt,,,,,,,
0.4,0.788795531,20,0,0,1,1,1,MIT_316,train,best.pt,,,,,,,
0.45,0.788795531,20,0,0,1,1,1,MIT_316,train,best.pt,,,,,,,
0.5,0.788795531,20,0,0,1,1,1,MIT_316,train,best.pt,,,,,,,
0.2,0.849289051,20,0,0,1,1,1,MIT_319,train,best.pt,,,,,,,
0.25,0.849289051,20,0,0,1,1,1,MIT_319,train,best.pt,,,,,,,
0.3,0.849289051,20,0,0,1,1,1,MIT_319,train,best.pt,,,,,,,
0.35,0.849289051,20,0,0,1,1,1,MIT_319,train,best.pt,,,,,,,
0.4,0.849289051,20,0,0,1,1,1,MIT_319,train,best.pt,,,,,,,
0.45,0.849289051,20,0,0,1,1,1,MIT_319,train,best.pt,,,,,,,
0.5,0.849289051,20,0,0,1,1,1,MIT_319,train,best.pt,,,,,,,
0.2,0.804166674,20,0,0,1,1,1,MIT_320,train,best.pt,,,,,,,
0.25,0.804166674,20,0,0,1,1,1,MIT_320,train,best.pt,,,,,,,
0.3,0.804166674,20,0,0,1,1,1,MIT_320,train,best.pt,,,,,,,
0.35,0.804166674,20,0,0,1,1,1,MIT_320,train,best.pt,,,,,,,
0.4,0.804166674,20,0,0,1,1,1,MIT_320,train,best.pt,,,,,,,
0.45,0.804166674,20,0,0,1,1,1,MIT_320,train,best.pt,,,,,,,
0.5,0.804166674,20,0,0,1,1,1,MIT_320,train,best.pt,,,,,,,
0.2,0.842334093,20,0,0,1,1,1,MIT_321,train,best.pt,,,,,,,
0.25,0.842334093,20,0,0,1,1,1,MIT_321,train,best.pt,,,,,,,
0.3,0.842334093,20,0,0,1,1,1,MIT_321,train,best.pt,,,,,,,
0.35,0.842334093,20,0,0,1,1,1,MIT_321,train,best.pt,,,,,,,
0.4,0.842334093,20,0,0,1,1,1,MIT_321,train,best.pt,,,,,,,
0.45,0.842334093,20,0,0,1,1,1,MIT_321,train,best.pt,,,,,,,
0.5,0.842334093,20,0,0,1,1,1,MIT_321,train,best.pt,,,,,,,
0.2,0.819327987,20,0,0,1,1,1,MIT_324,train,best.pt,,,,,,,
0.25,0.819327987,20,0,0,1,1,1,MIT_324,train,best.pt,,,,,,,
0.3,0.819327987,20,0,0,1,1,1,MIT_324,train,best.pt,,,,,,,
0.35,0.819327987,20,0,0,1,1,1,MIT_324,train,best.pt,,,,,,,
0.4,0.819327987,20,0,0,1,1,1,MIT_324,train,best.pt,,,,,,,
0.45,0.819327987,20,0,0,1,1,1,MIT_324,train,best.pt,,,,,,,
0.5,0.819327987,20,0,0,1,1,1,MIT_324,train,best.pt,,,,,,,
0.2,0.780866711,20,0,0,1,1,1,MIT_325,train,best.pt,,,,,,,
0.25,0.780866711,20,0,0,1,1,1,MIT_325,train,best.pt,,,,,,,
0.3,0.780866711,20,0,0,1,1,1,MIT_325,train,best.pt,,,,,,,
0.35,0.780866711,20,0,0,1,1,1,MIT_325,train,best.pt,,,,,,,
0.4,0.780866711,20,0,0,1,1,1,MIT_325,train,best.pt,,,,,,,
0.45,0.780866711,20,0,0,1,1,1,MIT_325,train,best.pt,,,,,,,
0.5,0.780866711,20,0,0,1,1,1,MIT_325,train,best.pt,,,,,,,
0.2,0.778451327,20,0,0,1,1,1,MIT_326,train,best.pt,,,,,,,
0.25,0.778451327,20,0,0,1,1,1,MIT_326,train,best.pt,,,,,,,
0.3,0.778451327,20,0,0,1,1,1,MIT_326,train,best.pt,,,,,,,
0.35,0.778451327,20,0,0,1,1,1,MIT_326,train,best.pt,,,,,,,
0.4,0.778451327,20,0,0,1,1,1,MIT_326,train,best.pt,,,,,,,
0.45,0.778451327,20,0,0,1,1,1,MIT_326,train,best.pt,,,,,,,
0.5,0.778451327,20,0,0,1,1,1,MIT_326,train,best.pt,,,,,,,
0.2,0.782135307,20,0,0,1,1,1,MIT_327,train,best.pt,,,,,,,
0.25,0.782135307,20,0,0,1,1,1,MIT_327,train,best.pt,,,,,,,
0.3,0.782135307,20,0,0,1,1,1,MIT_327,train,best.pt,,,,,,,
0.35,0.782135307,20,0,0,1,1,1,MIT_327,train,best.pt,,,,,,,
0.4,0.782135307,20,0,0,1,1,1,MIT_327,train,best.pt,,,,,,,
0.45,0.782135307,20,0,0,1,1,1,MIT_327,train,best.pt,,,,,,,
0.5,0.782135307,20,0,0,1,1,1,MIT_327,train,best.pt,,,,,,,
0.2,0.821760908,20,0,0,1,1,1,MIT_329,train,best.pt,,,,,,,
0.25,0.821760908,20,0,0,1,1,1,MIT_329,train,best.pt,,,,,,,
0.3,0.821760908,20,0,0,1,1,1,MIT_329,train,best.pt,,,,,,,
0.35,0.821760908,20,0,0,1,1,1,MIT_329,train,best.pt,,,,,,,
0.4,0.821760908,20,0,0,1,1,1,MIT_329,train,best.pt,,,,,,,
0.45,0.821760908,20,0,0,1,1,1,MIT_329,train,best.pt,,,,,,,
0.5,0.821760908,20,0,0,1,1,1,MIT_329,train,best.pt,,,,,,,
0.2,0.840139993,21,0,0,1,1,1,MIT_33,train,best.pt,,,,,,,
0.25,0.840139993,21,0,0,1,1,1,MIT_33,train,best.pt,,,,,,,
0.3,0.840139993,21,0,0,1,1,1,MIT_33,train,best.pt,,,,,,,
0.35,0.840139993,21,0,0,1,1,1,MIT_33,train,best.pt,,,,,,,
0.4,0.840139993,21,0,0,1,1,1,MIT_33,train,best.pt,,,,,,,
0.45,0.840139993,21,0,0,1,1,1,MIT_33,train,best.pt,,,,,,,
0.5,0.840139993,21,0,0,1,1,1,MIT_33,train,best.pt,,,,,,,
0.2,0.804363869,20,0,0,1,1,1,MIT_330,train,best.pt,,,,,,,
0.25,0.804363869,20,0,0,1,1,1,MIT_330,train,best.pt,,,,,,,
0.3,0.804363869,20,0,0,1,1,1,MIT_330,train,best.pt,,,,,,,
0.35,0.804363869,20,0,0,1,1,1,MIT_330,train,best.pt,,,,,,,
0.4,0.804363869,20,0,0,1,1,1,MIT_330,train,best.pt,,,,,,,
0.45,0.804363869,20,0,0,1,1,1,MIT_330,train,best.pt,,,,,,,
0.5,0.804363869,20,0,0,1,1,1,MIT_330,train,best.pt,,,,,,,
0.2,0.820108787,20,0,0,1,1,1,MIT_331,train,best.pt,,,,,,,
0.25,0.820108787,20,0,0,1,1,1,MIT_331,train,best.pt,,,,,,,
0.3,0.820108787,20,0,0,1,1,1,MIT_331,train,best.pt,,,,,,,
0.35,0.820108787,20,0,0,1,1,1,MIT_331,train,best.pt,,,,,,,
0.4,0.820108787,20,0,0,1,1,1,MIT_331,train,best.pt,,,,,,,
0.45,0.820108787,20,0,0,1,1,1,MIT_331,train,best.pt,,,,,,,
0.5,0.820108787,20,0,0,1,1,1,MIT_331,train,best.pt,,,,,,,
0.2,0.793164434,21,0,0,1,1,1,MIT_333,train,best.pt,,,,,,,
0.25,0.793164434,21,0,0,1,1,1,MIT_333,train,best.pt,,,,,,,
0.3,0.793164434,21,0,0,1,1,1,MIT_333,train,best.pt,,,,,,,
0.35,0.793164434,21,0,0,1,1,1,MIT_333,train,best.pt,,,,,,,
0.4,0.793164434,21,0,0,1,1,1,MIT_333,train,best.pt,,,,,,,
0.45,0.793164434,21,0,0,1,1,1,MIT_333,train,best.pt,,,,,,,
0.5,0.793164434,21,0,0,1,1,1,MIT_333,train,best.pt,,,,,,,
0.2,0.805981731,20,0,0,1,1,1,MIT_334,train,best.pt,,,,,,,
0.25,0.805981731,20,0,0,1,1,1,MIT_334,train,best.pt,,,,,,,
0.3,0.805981731,20,0,0,1,1,1,MIT_334,train,best.pt,,,,,,,
0.35,0.805981731,20,0,0,1,1,1,MIT_334,train,best.pt,,,,,,,
0.4,0.805981731,20,0,0,1,1,1,MIT_334,train,best.pt,,,,,,,
0.45,0.805981731,20,0,0,1,1,1,MIT_334,train,best.pt,,,,,,,
0.5,0.805981731,20,0,0,1,1,1,MIT_334,train,best.pt,,,,,,,
0.2,0.802239212,20,0,0,1,1,1,MIT_335,train,best.pt,,,,,,,
0.25,0.802239212,20,0,0,1,1,1,MIT_335,train,best.pt,,,,,,,
0.3,0.802239212,20,0,0,1,1,1,MIT_335,train,best.pt,,,,,,,
0.35,0.802239212,20,0,0,1,1,1,MIT_335,train,best.pt,,,,,,,
0.4,0.802239212,20,0,0,1,1,1,MIT_335,train,best.pt,,,,,,,
0.45,0.802239212,20,0,0,1,1,1,MIT_335,train,best.pt,,,,,,,
0.5,0.802239212,20,0,0,1,1,1,MIT_335,train,best.pt,,,,,,,
0.2,0.823419799,20,0,0,1,1,1,MIT_337,train,best.pt,,,,,,,
0.25,0.823419799,20,0,0,1,1,1,MIT_337,train,best.pt,,,,,,,
0.3,0.823419799,20,0,0,1,1,1,MIT_337,train,best.pt,,,,,,,
0.35,0.823419799,20,0,0,1,1,1,MIT_337,train,best.pt,,,,,,,
0.4,0.823419799,20,0,0,1,1,1,MIT_337,train,best.pt,,,,,,,
0.45,0.823419799,20,0,0,1,1,1,MIT_337,train,best.pt,,,,,,,
0.5,0.823419799,20,0,0,1,1,1,MIT_337,train,best.pt,,,,,,,
0.2,0.812865764,20,0,0,1,1,1,MIT_338,train,best.pt,,,,,,,
0.25,0.812865764,20,0,0,1,1,1,MIT_338,train,best.pt,,,,,,,
0.3,0.812865764,20,0,0,1,1,1,MIT_338,train,best.pt,,,,,,,
0.35,0.812865764,20,0,0,1,1,1,MIT_338,train,best.pt,,,,,,,
0.4,0.812865764,20,0,0,1,1,1,MIT_338,train,best.pt,,,,,,,
0.45,0.812865764,20,0,0,1,1,1,MIT_338,train,best.pt,,,,,,,
0.5,0.812865764,20,0,0,1,1,1,MIT_338,train,best.pt,,,,,,,
0.2,0.841936529,18,0,0,1,1,1,MIT_339,train,best.pt,,,,,,,
0.25,0.841936529,18,0,0,1,1,1,MIT_339,train,best.pt,,,,,,,
0.3,0.841936529,18,0,0,1,1,1,MIT_339,train,best.pt,,,,,,,
0.35,0.841936529,18,0,0,1,1,1,MIT_339,train,best.pt,,,,,,,
0.4,0.841936529,18,0,0,1,1,1,MIT_339,train,best.pt,,,,,,,
0.45,0.841936529,18,0,0,1,1,1,MIT_339,train,best.pt,,,,,,,
0.5,0.841936529,18,0,0,1,1,1,MIT_339,train,best.pt,,,,,,,
0.2,0.817320115,20,0,0,1,1,1,MIT_341,train,best.pt,,,,,,,
0.25,0.817320115,20,0,0,1,1,1,MIT_341,train,best.pt,,,,,,,
0.3,0.817320115,20,0,0,1,1,1,MIT_341,train,best.pt,,,,,,,
0.35,0.817320115,20,0,0,1,1,1,MIT_341,train,best.pt,,,,,,,
0.4,0.817320115,20,0,0,1,1,1,MIT_341,train,best.pt,,,,,,,
0.45,0.817320115,20,0,0,1,1,1,MIT_341,train,best.pt,,,,,,,
0.5,0.817320115,20,0,0,1,1,1,MIT_341,train,best.pt,,,,,,,
0.2,0.816090378,20,0,0,1,1,1,MIT_342,train,best.pt,,,,,,,
0.25,0.816090378,20,0,0,1,1,1,MIT_342,train,best.pt,,,,,,,
0.3,0.816090378,20,0,0,1,1,1,MIT_342,train,best.pt,,,,,,,
0.35,0.816090378,20,0,0,1,1,1,MIT_342,train,best.pt,,,,,,,
0.4,0.816090378,20,0,0,1,1,1,MIT_342,train,best.pt,,,,,,,
0.45,0.816090378,20,0,0,1,1,1,MIT_342,train,best.pt,,,,,,,
0.5,0.816090378,20,0,0,1,1,1,MIT_342,train,best.pt,,,,,,,
0.2,0.813261079,20,0,0,1,1,1,MIT_343,train,best.pt,,,,,,,
0.25,0.813261079,20,0,0,1,1,1,MIT_343,train,best.pt,,,,,,,
0.3,0.813261079,20,0,0,1,1,1,MIT_343,train,best.pt,,,,,,,
0.35,0.813261079,20,0,0,1,1,1,MIT_343,train,best.pt,,,,,,,
0.4,0.813261079,20,0,0,1,1,1,MIT_343,train,best.pt,,,,,,,
0.45,0.813261079,20,0,0,1,1,1,MIT_343,train,best.pt,,,,,,,
0.5,0.813261079,20,0,0,1,1,1,MIT_343,train,best.pt,,,,,,,
0.2,0.803869295,20,0,0,1,1,1,MIT_344,train,best.pt,,,,,,,
0.25,0.803869295,20,0,0,1,1,1,MIT_344,train,best.pt,,,,,,,
0.3,0.803869295,20,0,0,1,1,1,MIT_344,train,best.pt,,,,,,,
0.35,0.803869295,20,0,0,1,1,1,MIT_344,train,best.pt,,,,,,,
0.4,0.803869295,20,0,0,1,1,1,MIT_344,train,best.pt,,,,,,,
0.45,0.803869295,20,0,0,1,1,1,MIT_344,train,best.pt,,,,,,,
0.5,0.803869295,20,0,0,1,1,1,MIT_344,train,best.pt,,,,,,,
0.2,0.809679842,20,0,0,1,1,1,MIT_345,train,best.pt,,,,,,,
0.25,0.809679842,20,0,0,1,1,1,MIT_345,train,best.pt,,,,,,,
0.3,0.809679842,20,0,0,1,1,1,MIT_345,train,best.pt,,,,,,,
0.35,0.809679842,20,0,0,1,1,1,MIT_345,train,best.pt,,,,,,,
0.4,0.809679842,20,0,0,1,1,1,MIT_345,train,best.pt,,,,,,,
0.45,0.809679842,20,0,0,1,1,1,MIT_345,train,best.pt,,,,,,,
0.5,0.809679842,20,0,0,1,1,1,MIT_345,train,best.pt,,,,,,,
0.2,0.804860538,20,0,0,1,1,1,MIT_346,train,best.pt,,,,,,,
0.25,0.804860538,20,0,0,1,1,1,MIT_346,train,best.pt,,,,,,,
0.3,0.804860538,20,0,0,1,1,1,MIT_346,train,best.pt,,,,,,,
0.35,0.804860538,20,0,0,1,1,1,MIT_346,train,best.pt,,,,,,,
0.4,0.804860538,20,0,0,1,1,1,MIT_346,train,best.pt,,,,,,,
0.45,0.804860538,20,0,0,1,1,1,MIT_346,train,best.pt,,,,,,,
0.5,0.804860538,20,0,0,1,1,1,MIT_346,train,best.pt,,,,,,,
0.2,0.772095245,20,0,0,1,1,1,MIT_347,train,best.pt,,,,,,,
0.25,0.772095245,20,0,0,1,1,1,MIT_347,train,best.pt,,,,,,,
0.3,0.772095245,20,0,0,1,1,1,MIT_347,train,best.pt,,,,,,,
0.35,0.772095245,20,0,0,1,1,1,MIT_347,train,best.pt,,,,,,,
0.4,0.772095245,20,0,0,1,1,1,MIT_347,train,best.pt,,,,,,,
0.45,0.772095245,20,0,0,1,1,1,MIT_347,train,best.pt,,,,,,,
0.5,0.772095245,20,0,0,1,1,1,MIT_347,train,best.pt,,,,,,,
0.2,0.794024102,20,0,0,1,1,1,MIT_348,train,best.pt,,,,,,,
0.25,0.794024102,20,0,0,1,1,1,MIT_348,train,best.pt,,,,,,,
0.3,0.794024102,20,0,0,1,1,1,MIT_348,train,best.pt,,,,,,,
0.35,0.794024102,20,0,0,1,1,1,MIT_348,train,best.pt,,,,,,,
0.4,0.794024102,20,0,0,1,1,1,MIT_348,train,best.pt,,,,,,,
0.45,0.794024102,20,0,0,1,1,1,MIT_348,train,best.pt,,,,,,,
0.5,0.794024102,20,0,0,1,1,1,MIT_348,train,best.pt,,,,,,,
0.2,0.798774406,21,0,0,1,1,1,MIT_349,train,best.pt,,,,,,,
0.25,0.798774406,21,0,0,1,1,1,MIT_349,train,best.pt,,,,,,,
0.3,0.798774406,21,0,0,1,1,1,MIT_349,train,best.pt,,,,,,,
0.35,0.798774406,21,0,0,1,1,1,MIT_349,train,best.pt,,,,,,,
0.4,0.798774406,21,0,0,1,1,1,MIT_349,train,best.pt,,,,,,,
0.45,0.798774406,21,0,0,1,1,1,MIT_349,train,best.pt,,,,,,,
0.5,0.798774406,21,0,0,1,1,1,MIT_349,train,best.pt,,,,,,,
0.2,0.819842306,20,0,0,1,1,1,MIT_350,train,best.pt,,,,,,,
0.25,0.819842306,20,0,0,1,1,1,MIT_350,train,best.pt,,,,,,,
0.3,0.819842306,20,0,0,1,1,1,MIT_350,train,best.pt,,,,,,,
0.35,0.819842306,20,0,0,1,1,1,MIT_350,train,best.pt,,,,,,,
0.4,0.819842306,20,0,0,1,1,1,MIT_350,train,best.pt,,,,,,,
0.45,0.819842306,20,0,0,1,1,1,MIT_350,train,best.pt,,,,,,,
0.5,0.819842306,20,0,0,1,1,1,MIT_350,train,best.pt,,,,,,,
0.2,0.856086139,20,0,0,1,1,1,MIT_351,train,best.pt,,,,,,,
0.25,0.856086139,20,0,0,1,1,1,MIT_351,train,best.pt,,,,,,,
0.3,0.856086139,20,0,0,1,1,1,MIT_351,train,best.pt,,,,,,,
0.35,0.856086139,20,0,0,1,1,1,MIT_351,train,best.pt,,,,,,,
0.4,0.856086139,20,0,0,1,1,1,MIT_351,train,best.pt,,,,,,,
0.45,0.856086139,20,0,0,1,1,1,MIT_351,train,best.pt,,,,,,,
0.5,0.856086139,20,0,0,1,1,1,MIT_351,train,best.pt,,,,,,,
0.2,0.794535482,20,0,0,1,1,1,MIT_353,train,best.pt,,,,,,,
0.25,0.794535482,20,0,0,1,1,1,MIT_353,train,best.pt,,,,,,,
0.3,0.794535482,20,0,0,1,1,1,MIT_353,train,best.pt,,,,,,,
0.35,0.794535482,20,0,0,1,1,1,MIT_353,train,best.pt,,,,,,,
0.4,0.794535482,20,0,0,1,1,1,MIT_353,train,best.pt,,,,,,,
0.45,0.794535482,20,0,0,1,1,1,MIT_353,train,best.pt,,,,,,,
0.5,0.794535482,20,0,0,1,1,1,MIT_353,train,best.pt,,,,,,,
0.2,0.817180871,20,0,0,1,1,1,MIT_354,train,best.pt,,,,,,,
0.25,0.817180871,20,0,0,1,1,1,MIT_354,train,best.pt,,,,,,,
0.3,0.817180871,20,0,0,1,1,1,MIT_354,train,best.pt,,,,,,,
0.35,0.817180871,20,0,0,1,1,1,MIT_354,train,best.pt,,,,,,,
0.4,0.817180871,20,0,0,1,1,1,MIT_354,train,best.pt,,,,,,,
0.45,0.817180871,20,0,0,1,1,1,MIT_354,train,best.pt,,,,,,,
0.5,0.817180871,20,0,0,1,1,1,MIT_354,train,best.pt,,,,,,,
0.2,0.831908477,20,0,0,1,1,1,MIT_355,train,best.pt,,,,,,,
0.25,0.831908477,20,0,0,1,1,1,MIT_355,train,best.pt,,,,,,,
0.3,0.831908477,20,0,0,1,1,1,MIT_355,train,best.pt,,,,,,,
0.35,0.831908477,20,0,0,1,1,1,MIT_355,train,best.pt,,,,,,,
0.4,0.831908477,20,0,0,1,1,1,MIT_355,train,best.pt,,,,,,,
0.45,0.831908477,20,0,0,1,1,1,MIT_355,train,best.pt,,,,,,,
0.5,0.831908477,20,0,0,1,1,1,MIT_355,train,best.pt,,,,,,,
0.2,0.789671676,20,0,0,1,1,1,MIT_357,train,best.pt,,,,,,,
0.25,0.789671676,20,0,0,1,1,1,MIT_357,train,best.pt,,,,,,,
0.3,0.789671676,20,0,0,1,1,1,MIT_357,train,best.pt,,,,,,,
0.35,0.789671676,20,0,0,1,1,1,MIT_357,train,best.pt,,,,,,,
0.4,0.752068265,19,1,1,0.95,0.95,0.95,MIT_357,train,best.pt,,,,,,,
0.45,0.752068265,19,1,1,0.95,0.95,0.95,MIT_357,train,best.pt,,,,,,,
0.5,0.752068265,19,1,1,0.95,0.95,0.95,MIT_357,train,best.pt,,,,,,,
0.2,0.836063303,20,0,0,1,1,1,MIT_358,train,best.pt,,,,,,,
0.25,0.836063303,20,0,0,1,1,1,MIT_358,train,best.pt,,,,,,,
0.3,0.836063303,20,0,0,1,1,1,MIT_358,train,best.pt,,,,,,,
0.35,0.836063303,20,0,0,1,1,1,MIT_358,train,best.pt,,,,,,,
0.4,0.836063303,20,0,0,1,1,1,MIT_358,train,best.pt,,,,,,,
0.45,0.836063303,20,0,0,1,1,1,MIT_358,train,best.pt,,,,,,,
0.5,0.836063303,20,0,0,1,1,1,MIT_358,train,best.pt,,,,,,,
0.2,0.850010537,20,0,0,1,1,1,MIT_36,train,best.pt,,,,,,,
0.25,0.850010537,20,0,0,1,1,1,MIT_36,train,best.pt,,,,,,,
0.3,0.850010537,20,0,0,1,1,1,MIT_36,train,best.pt,,,,,,,
0.35,0.850010537,20,0,0,1,1,1,MIT_36,train,best.pt,,,,,,,
0.4,0.850010537,20,0,0,1,1,1,MIT_36,train,best.pt,,,,,,,
0.45,0.850010537,20,0,0,1,1,1,MIT_36,train,best.pt,,,,,,,
0.5,0.850010537,20,0,0,1,1,1,MIT_36,train,best.pt,,,,,,,
0.2,0.811389298,20,0,0,1,1,1,MIT_360,train,best.pt,,,,,,,
0.25,0.811389298,20,0,0,1,1,1,MIT_360,train,best.pt,,,,,,,
0.3,0.811389298,20,0,0,1,1,1,MIT_360,train,best.pt,,,,,,,
0.35,0.811389298,20,0,0,1,1,1,MIT_360,train,best.pt,,,,,,,
0.4,0.811389298,20,0,0,1,1,1,MIT_360,train,best.pt,,,,,,,
0.45,0.811389298,20,0,0,1,1,1,MIT_360,train,best.pt,,,,,,,
0.5,0.811389298,20,0,0,1,1,1,MIT_360,train,best.pt,,,,,,,
0.2,0.788334529,20,0,0,1,1,1,MIT_362,train,best.pt,,,,,,,
0.25,0.788334529,20,0,0,1,1,1,MIT_362,train,best.pt,,,,,,,
0.3,0.788334529,20,0,0,1,1,1,MIT_362,train,best.pt,,,,,,,
0.35,0.788334529,20,0,0,1,1,1,MIT_362,train,best.pt,,,,,,,
0.4,0.788334529,20,0,0,1,1,1,MIT_362,train,best.pt,,,,,,,
0.45,0.788334529,20,0,0,1,1,1,MIT_362,train,best.pt,,,,,,,
0.5,0.788334529,20,0,0,1,1,1,MIT_362,train,best.pt,,,,,,,
0.2,0.824313007,20,0,0,1,1,1,MIT_363,train,best.pt,,,,,,,
0.25,0.824313007,20,0,0,1,1,1,MIT_363,train,best.pt,,,,,,,
0.3,0.824313007,20,0,0,1,1,1,MIT_363,train,best.pt,,,,,,,
0.35,0.824313007,20,0,0,1,1,1,MIT_363,train,best.pt,,,,,,,
0.4,0.824313007,20,0,0,1,1,1,MIT_363,train,best.pt,,,,,,,
0.45,0.824313007,20,0,0,1,1,1,MIT_363,train,best.pt,,,,,,,
0.5,0.824313007,20,0,0,1,1,1,MIT_363,train,best.pt,,,,,,,
0.2,0.812275564,20,0,0,1,1,1,MIT_364,train,best.pt,,,,,,,
0.25,0.812275564,20,0,0,1,1,1,MIT_364,train,best.pt,,,,,,,
0.3,0.812275564,20,0,0,1,1,1,MIT_364,train,best.pt,,,,,,,
0.35,0.812275564,20,0,0,1,1,1,MIT_364,train,best.pt,,,,,,,
0.4,0.812275564,20,0,0,1,1,1,MIT_364,train,best.pt,,,,,,,
0.45,0.812275564,20,0,0,1,1,1,MIT_364,train,best.pt,,,,,,,
0.5,0.812275564,20,0,0,1,1,1,MIT_364,train,best.pt,,,,,,,
0.2,0.774600741,20,0,0,1,1,1,MIT_366,train,best.pt,,,,,,,
0.25,0.774600741,20,0,0,1,1,1,MIT_366,train,best.pt,,,,,,,
0.3,0.774600741,20,0,0,1,1,1,MIT_366,train,best.pt,,,,,,,
0.35,0.774600741,20,0,0,1,1,1,MIT_366,train,best.pt,,,,,,,
0.4,0.774600741,20,0,0,1,1,1,MIT_366,train,best.pt,,,,,,,
0.45,0.774600741,20,0,0,1,1,1,MIT_366,train,best.pt,,,,,,,
0.5,0.774600741,20,0,0,1,1,1,MIT_366,train,best.pt,,,,,,,
0.2,0.833360555,20,0,0,1,1,1,MIT_367,train,best.pt,,,,,,,
0.25,0.833360555,20,0,0,1,1,1,MIT_367,train,best.pt,,,,,,,
0.3,0.833360555,20,0,0,1,1,1,MIT_367,train,best.pt,,,,,,,
0.35,0.833360555,20,0,0,1,1,1,MIT_367,train,best.pt,,,,,,,
0.4,0.833360555,20,0,0,1,1,1,MIT_367,train,best.pt,,,,,,,
0.45,0.833360555,20,0,0,1,1,1,MIT_367,train,best.pt,,,,,,,
0.5,0.833360555,20,0,0,1,1,1,MIT_367,train,best.pt,,,,,,,
0.2,0.800878526,20,0,0,1,1,1,MIT_368,train,best.pt,,,,,,,
0.25,0.800878526,20,0,0,1,1,1,MIT_368,train,best.pt,,,,,,,
0.3,0.800878526,20,0,0,1,1,1,MIT_368,train,best.pt,,,,,,,
0.35,0.800878526,20,0,0,1,1,1,MIT_368,train,best.pt,,,,,,,
0.4,0.800878526,20,0,0,1,1,1,MIT_368,train,best.pt,,,,,,,
0.45,0.800878526,20,0,0,1,1,1,MIT_368,train,best.pt,,,,,,,
0.5,0.800878526,20,0,0,1,1,1,MIT_368,train,best.pt,,,,,,,
0.2,0.832572858,20,0,0,1,1,1,MIT_369,train,best.pt,,,,,,,
0.25,0.832572858,20,0,0,1,1,1,MIT_369,train,best.pt,,,,,,,
0.3,0.832572858,20,0,0,1,1,1,MIT_369,train,best.pt,,,,,,,
0.35,0.832572858,20,0,0,1,1,1,MIT_369,train,best.pt,,,,,,,
0.4,0.832572858,20,0,0,1,1,1,MIT_369,train,best.pt,,,,,,,
0.45,0.832572858,20,0,0,1,1,1,MIT_369,train,best.pt,,,,,,,
0.5,0.832572858,20,0,0,1,1,1,MIT_369,train,best.pt,,,,,,,
0.2,0.79408599,20,0,0,1,1,1,MIT_37,train,best.pt,,,,,,,
0.25,0.79408599,20,0,0,1,1,1,MIT_37,train,best.pt,,,,,,,
0.3,0.79408599,20,0,0,1,1,1,MIT_37,train,best.pt,,,,,,,
0.35,0.79408599,20,0,0,1,1,1,MIT_37,train,best.pt,,,,,,,
0.4,0.79408599,20,0,0,1,1,1,MIT_37,train,best.pt,,,,,,,
0.45,0.79408599,20,0,0,1,1,1,MIT_37,train,best.pt,,,,,,,
0.5,0.79408599,20,0,0,1,1,1,MIT_37,train,best.pt,,,,,,,
0.2,0.806827488,20,0,0,1,1,1,MIT_370,train,best.pt,,,,,,,
0.25,0.806827488,20,0,0,1,1,1,MIT_370,train,best.pt,,,,,,,
0.3,0.806827488,20,0,0,1,1,1,MIT_370,train,best.pt,,,,,,,
0.35,0.806827488,20,0,0,1,1,1,MIT_370,train,best.pt,,,,,,,
0.4,0.806827488,20,0,0,1,1,1,MIT_370,train,best.pt,,,,,,,
0.45,0.806827488,20,0,0,1,1,1,MIT_370,train,best.pt,,,,,,,
0.5,0.806827488,20,0,0,1,1,1,MIT_370,train,best.pt,,,,,,,
0.2,0.754947062,20,0,0,1,1,1,MIT_371,train,best.pt,,,,,,,
0.25,0.754947062,20,0,0,1,1,1,MIT_371,train,best.pt,,,,,,,
0.3,0.754947062,20,0,0,1,1,1,MIT_371,train,best.pt,,,,,,,
0.35,0.754947062,20,0,0,1,1,1,MIT_371,train,best.pt,,,,,,,
0.4,0.754947062,20,0,0,1,1,1,MIT_371,train,best.pt,,,,,,,
0.45,0.754947062,20,0,0,1,1,1,MIT_371,train,best.pt,,,,,,,
0.5,0.754947062,20,0,0,1,1,1,MIT_371,train,best.pt,,,,,,,
0.2,0.785973869,20,0,0,1,1,1,MIT_372,train,best.pt,,,,,,,
0.25,0.785973869,20,0,0,1,1,1,MIT_372,train,best.pt,,,,,,,
0.3,0.785973869,20,0,0,1,1,1,MIT_372,train,best.pt,,,,,,,
0.35,0.785973869,20,0,0,1,1,1,MIT_372,train,best.pt,,,,,,,
0.4,0.785973869,20,0,0,1,1,1,MIT_372,train,best.pt,,,,,,,
0.45,0.785973869,20,0,0,1,1,1,MIT_372,train,best.pt,,,,,,,
0.5,0.785973869,20,0,0,1,1,1,MIT_372,train,best.pt,,,,,,,
0.2,0.815154635,20,0,0,1,1,1,MIT_373,train,best.pt,,,,,,,
0.25,0.815154635,20,0,0,1,1,1,MIT_373,train,best.pt,,,,,,,
0.3,0.815154635,20,0,0,1,1,1,MIT_373,train,best.pt,,,,,,,
0.35,0.815154635,20,0,0,1,1,1,MIT_373,train,best.pt,,,,,,,
0.4,0.815154635,20,0,0,1,1,1,MIT_373,train,best.pt,,,,,,,
0.45,0.815154635,20,0,0,1,1,1,MIT_373,train,best.pt,,,,,,,
0.5,0.815154635,20,0,0,1,1,1,MIT_373,train,best.pt,,,,,,,
0.2,0.769816621,20,0,0,1,1,1,MIT_374,train,best.pt,,,,,,,
0.25,0.769816621,20,0,0,1,1,1,MIT_374,train,best.pt,,,,,,,
0.3,0.769816621,20,0,0,1,1,1,MIT_374,train,best.pt,,,,,,,
0.35,0.769816621,20,0,0,1,1,1,MIT_374,train,best.pt,,,,,,,
0.4,0.769816621,20,0,0,1,1,1,MIT_374,train,best.pt,,,,,,,
0.45,0.769816621,20,0,0,1,1,1,MIT_374,train,best.pt,,,,,,,
0.5,0.769816621,20,0,0,1,1,1,MIT_374,train,best.pt,,,,,,,
0.2,0.827959986,20,0,0,1,1,1,MIT_376,train,best.pt,,,,,,,
0.25,0.827959986,20,0,0,1,1,1,MIT_376,train,best.pt,,,,,,,
0.3,0.827959986,20,0,0,1,1,1,MIT_376,train,best.pt,,,,,,,
0.35,0.827959986,20,0,0,1,1,1,MIT_376,train,best.pt,,,,,,,
0.4,0.827959986,20,0,0,1,1,1,MIT_376,train,best.pt,,,,,,,
0.45,0.827959986,20,0,0,1,1,1,MIT_376,train,best.pt,,,,,,,
0.5,0.827959986,20,0,0,1,1,1,MIT_376,train,best.pt,,,,,,,
0.2,0.814668452,20,0,0,1,1,1,MIT_377,train,best.pt,,,,,,,
0.25,0.814668452,20,0,0,1,1,1,MIT_377,train,best.pt,,,,,,,
0.3,0.814668452,20,0,0,1,1,1,MIT_377,train,best.pt,,,,,,,
0.35,0.814668452,20,0,0,1,1,1,MIT_377,train,best.pt,,,,,,,
0.4,0.814668452,20,0,0,1,1,1,MIT_377,train,best.pt,,,,,,,
0.45,0.814668452,20,0,0,1,1,1,MIT_377,train,best.pt,,,,,,,
0.5,0.814668452,20,0,0,1,1,1,MIT_377,train,best.pt,,,,,,,
0.2,0.88119075,20,0,0,1,1,1,MIT_38,train,best.pt,,,,,,,
0.25,0.88119075,20,0,0,1,1,1,MIT_38,train,best.pt,,,,,,,
0.3,0.88119075,20,0,0,1,1,1,MIT_38,train,best.pt,,,,,,,
0.35,0.88119075,20,0,0,1,1,1,MIT_38,train,best.pt,,,,,,,
0.4,0.88119075,20,0,0,1,1,1,MIT_38,train,best.pt,,,,,,,
0.45,0.88119075,20,0,0,1,1,1,MIT_38,train,best.pt,,,,,,,
0.5,0.88119075,20,0,0,1,1,1,MIT_38,train,best.pt,,,,,,,
0.2,0.822598147,20,0,0,1,1,1,MIT_380,train,best.pt,,,,,,,
0.25,0.822598147,20,0,0,1,1,1,MIT_380,train,best.pt,,,,,,,
0.3,0.822598147,20,0,0,1,1,1,MIT_380,train,best.pt,,,,,,,
0.35,0.822598147,20,0,0,1,1,1,MIT_380,train,best.pt,,,,,,,
0.4,0.822598147,20,0,0,1,1,1,MIT_380,train,best.pt,,,,,,,
0.45,0.822598147,20,0,0,1,1,1,MIT_380,train,best.pt,,,,,,,
0.5,0.822598147,20,0,0,1,1,1,MIT_380,train,best.pt,,,,,,,
0.2,0.807702577,20,0,0,1,1,1,MIT_381,train,best.pt,,,,,,,
0.25,0.807702577,20,0,0,1,1,1,MIT_381,train,best.pt,,,,,,,
0.3,0.807702577,20,0,0,1,1,1,MIT_381,train,best.pt,,,,,,,
0.35,0.807702577,20,0,0,1,1,1,MIT_381,train,best.pt,,,,,,,
0.4,0.807702577,20,0,0,1,1,1,MIT_381,train,best.pt,,,,,,,
0.45,0.807702577,20,0,0,1,1,1,MIT_381,train,best.pt,,,,,,,
0.5,0.807702577,20,0,0,1,1,1,MIT_381,train,best.pt,,,,,,,
0.2,0.804210318,20,0,0,1,1,1,MIT_382,train,best.pt,,,,,,,
0.25,0.804210318,20,0,0,1,1,1,MIT_382,train,best.pt,,,,,,,
0.3,0.804210318,20,0,0,1,1,1,MIT_382,train,best.pt,,,,,,,
0.35,0.804210318,20,0,0,1,1,1,MIT_382,train,best.pt,,,,,,,
0.4,0.804210318,20,0,0,1,1,1,MIT_382,train,best.pt,,,,,,,
0.45,0.804210318,20,0,0,1,1,1,MIT_382,train,best.pt,,,,,,,
0.5,0.804210318,20,0,0,1,1,1,MIT_382,train,best.pt,,,,,,,
0.2,0.762198114,20,0,0,1,1,1,MIT_383,train,best.pt,,,,,,,
0.25,0.762198114,20,0,0,1,1,1,MIT_383,train,best.pt,,,,,,,
0.3,0.762198114,20,0,0,1,1,1,MIT_383,train,best.pt,,,,,,,
0.35,0.762198114,20,0,0,1,1,1,MIT_383,train,best.pt,,,,,,,
0.4,0.762198114,20,0,0,1,1,1,MIT_383,train,best.pt,,,,,,,
0.45,0.762198114,20,0,0,1,1,1,MIT_383,train,best.pt,,,,,,,
0.5,0.762198114,20,0,0,1,1,1,MIT_383,train,best.pt,,,,,,,
0.2,0.820105626,20,0,0,1,1,1,MIT_386,train,best.pt,,,,,,,
0.25,0.820105626,20,0,0,1,1,1,MIT_386,train,best.pt,,,,,,,
0.3,0.820105626,20,0,0,1,1,1,MIT_386,train,best.pt,,,,,,,
0.35,0.820105626,20,0,0,1,1,1,MIT_386,train,best.pt,,,,,,,
0.4,0.820105626,20,0,0,1,1,1,MIT_386,train,best.pt,,,,,,,
0.45,0.820105626,20,0,0,1,1,1,MIT_386,train,best.pt,,,,,,,
0.5,0.820105626,20,0,0,1,1,1,MIT_386,train,best.pt,,,,,,,
0.2,0.812920367,20,0,0,1,1,1,MIT_387,train,best.pt,,,,,,,
0.25,0.812920367,20,0,0,1,1,1,MIT_387,train,best.pt,,,,,,,
0.3,0.812920367,20,0,0,1,1,1,MIT_387,train,best.pt,,,,,,,
0.35,0.812920367,20,0,0,1,1,1,MIT_387,train,best.pt,,,,,,,
0.4,0.812920367,20,0,0,1,1,1,MIT_387,train,best.pt,,,,,,,
0.45,0.812920367,20,0,0,1,1,1,MIT_387,train,best.pt,,,,,,,
0.5,0.812920367,20,0,0,1,1,1,MIT_387,train,best.pt,,,,,,,
0.2,0.831480433,20,0,0,1,1,1,MIT_388,train,best.pt,,,,,,,
0.25,0.831480433,20,0,0,1,1,1,MIT_388,train,best.pt,,,,,,,
0.3,0.831480433,20,0,0,1,1,1,MIT_388,train,best.pt,,,,,,,
0.35,0.831480433,20,0,0,1,1,1,MIT_388,train,best.pt,,,,,,,
0.4,0.831480433,20,0,0,1,1,1,MIT_388,train,best.pt,,,,,,,
0.45,0.831480433,20,0,0,1,1,1,MIT_388,train,best.pt,,,,,,,
0.5,0.831480433,20,0,0,1,1,1,MIT_388,train,best.pt,,,,,,,
0.2,0.83225736,20,0,0,1,1,1,MIT_389,train,best.pt,,,,,,,
0.25,0.83225736,20,0,0,1,1,1,MIT_389,train,best.pt,,,,,,,
0.3,0.83225736,20,0,0,1,1,1,MIT_389,train,best.pt,,,,,,,
0.35,0.83225736,20,0,0,1,1,1,MIT_389,train,best.pt,,,,,,,
0.4,0.83225736,20,0,0,1,1,1,MIT_389,train,best.pt,,,,,,,
0.45,0.83225736,20,0,0,1,1,1,MIT_389,train,best.pt,,,,,,,
0.5,0.83225736,20,0,0,1,1,1,MIT_389,train,best.pt,,,,,,,
0.2,0.862900183,20,0,0,1,1,1,MIT_39,train,best.pt,,,,,,,
0.25,0.862900183,20,0,0,1,1,1,MIT_39,train,best.pt,,,,,,,
0.3,0.862900183,20,0,0,1,1,1,MIT_39,train,best.pt,,,,,,,
0.35,0.862900183,20,0,0,1,1,1,MIT_39,train,best.pt,,,,,,,
0.4,0.862900183,20,0,0,1,1,1,MIT_39,train,best.pt,,,,,,,
0.45,0.862900183,20,0,0,1,1,1,MIT_39,train,best.pt,,,,,,,
0.5,0.862900183,20,0,0,1,1,1,MIT_39,train,best.pt,,,,,,,
0.2,0.753682831,20,0,0,1,1,1,MIT_393,train,best.pt,,,,,,,
0.25,0.753682831,20,0,0,1,1,1,MIT_393,train,best.pt,,,,,,,
0.3,0.753682831,20,0,0,1,1,1,MIT_393,train,best.pt,,,,,,,
0.35,0.753682831,20,0,0,1,1,1,MIT_393,train,best.pt,,,,,,,
0.4,0.753682831,20,0,0,1,1,1,MIT_393,train,best.pt,,,,,,,
0.45,0.753682831,20,0,0,1,1,1,MIT_393,train,best.pt,,,,,,,
0.5,0.753682831,20,0,0,1,1,1,MIT_393,train,best.pt,,,,,,,
0.2,0.814460419,20,0,0,1,1,1,MIT_394,train,best.pt,,,,,,,
0.25,0.814460419,20,0,0,1,1,1,MIT_394,train,best.pt,,,,,,,
0.3,0.814460419,20,0,0,1,1,1,MIT_394,train,best.pt,,,,,,,
0.35,0.814460419,20,0,0,1,1,1,MIT_394,train,best.pt,,,,,,,
0.4,0.814460419,20,0,0,1,1,1,MIT_394,train,best.pt,,,,,,,
0.45,0.814460419,20,0,0,1,1,1,MIT_394,train,best.pt,,,,,,,
0.5,0.814460419,20,0,0,1,1,1,MIT_394,train,best.pt,,,,,,,
0.2,0.837451977,20,0,0,1,1,1,MIT_397,train,best.pt,,,,,,,
0.25,0.837451977,20,0,0,1,1,1,MIT_397,train,best.pt,,,,,,,
0.3,0.837451977,20,0,0,1,1,1,MIT_397,train,best.pt,,,,,,,
0.35,0.837451977,20,0,0,1,1,1,MIT_397,train,best.pt,,,,,,,
0.4,0.837451977,20,0,0,1,1,1,MIT_397,train,best.pt,,,,,,,
0.45,0.837451977,20,0,0,1,1,1,MIT_397,train,best.pt,,,,,,,
0.5,0.837451977,20,0,0,1,1,1,MIT_397,train,best.pt,,,,,,,
0.2,0.792631589,20,0,0,1,1,1,MIT_399,train,best.pt,,,,,,,
0.25,0.792631589,20,0,0,1,1,1,MIT_399,train,best.pt,,,,,,,
0.3,0.792631589,20,0,0,1,1,1,MIT_399,train,best.pt,,,,,,,
0.35,0.792631589,20,0,0,1,1,1,MIT_399,train,best.pt,,,,,,,
0.4,0.792631589,20,0,0,1,1,1,MIT_399,train,best.pt,,,,,,,
0.45,0.792631589,20,0,0,1,1,1,MIT_399,train,best.pt,,,,,,,
0.5,0.792631589,20,0,0,1,1,1,MIT_399,train,best.pt,,,,,,,
0.2,0.84067563,20,0,0,1,1,1,MIT_4,train,best.pt,,,,,,,
0.25,0.84067563,20,0,0,1,1,1,MIT_4,train,best.pt,,,,,,,
0.3,0.84067563,20,0,0,1,1,1,MIT_4,train,best.pt,,,,,,,
0.35,0.84067563,20,0,0,1,1,1,MIT_4,train,best.pt,,,,,,,
0.4,0.84067563,20,0,0,1,1,1,MIT_4,train,best.pt,,,,,,,
0.45,0.84067563,20,0,0,1,1,1,MIT_4,train,best.pt,,,,,,,
0.5,0.84067563,20,0,0,1,1,1,MIT_4,train,best.pt,,,,,,,
0.2,0.84160852,20,0,0,1,1,1,MIT_40,train,best.pt,,,,,,,
0.25,0.84160852,20,0,0,1,1,1,MIT_40,train,best.pt,,,,,,,
0.3,0.84160852,20,0,0,1,1,1,MIT_40,train,best.pt,,,,,,,
0.35,0.84160852,20,0,0,1,1,1,MIT_40,train,best.pt,,,,,,,
0.4,0.84160852,20,0,0,1,1,1,MIT_40,train,best.pt,,,,,,,
0.45,0.84160852,20,0,0,1,1,1,MIT_40,train,best.pt,,,,,,,
0.5,0.84160852,20,0,0,1,1,1,MIT_40,train,best.pt,,,,,,,
0.2,0.810180084,20,0,0,1,1,1,MIT_400,train,best.pt,,,,,,,
0.25,0.810180084,20,0,0,1,1,1,MIT_400,train,best.pt,,,,,,,
0.3,0.810180084,20,0,0,1,1,1,MIT_400,train,best.pt,,,,,,,
0.35,0.810180084,20,0,0,1,1,1,MIT_400,train,best.pt,,,,,,,
0.4,0.810180084,20,0,0,1,1,1,MIT_400,train,best.pt,,,,,,,
0.45,0.810180084,20,0,0,1,1,1,MIT_400,train,best.pt,,,,,,,
0.5,0.810180084,20,0,0,1,1,1,MIT_400,train,best.pt,,,,,,,
0.2,0.804759854,20,0,0,1,1,1,MIT_402,train,best.pt,,,,,,,
0.25,0.804759854,20,0,0,1,1,1,MIT_402,train,best.pt,,,,,,,
0.3,0.804759854,20,0,0,1,1,1,MIT_402,train,best.pt,,,,,,,
0.35,0.804759854,20,0,0,1,1,1,MIT_402,train,best.pt,,,,,,,
0.4,0.804759854,20,0,0,1,1,1,MIT_402,train,best.pt,,,,,,,
0.45,0.804759854,20,0,0,1,1,1,MIT_402,train,best.pt,,,,,,,
0.5,0.804759854,20,0,0,1,1,1,MIT_402,train,best.pt,,,,,,,
0.2,0.811299336,20,0,0,1,1,1,MIT_403,train,best.pt,,,,,,,
0.25,0.811299336,20,0,0,1,1,1,MIT_403,train,best.pt,,,,,,,
0.3,0.811299336,20,0,0,1,1,1,MIT_403,train,best.pt,,,,,,,
0.35,0.811299336,20,0,0,1,1,1,MIT_403,train,best.pt,,,,,,,
0.4,0.811299336,20,0,0,1,1,1,MIT_403,train,best.pt,,,,,,,
0.45,0.811299336,20,0,0,1,1,1,MIT_403,train,best.pt,,,,,,,
0.5,0.811299336,20,0,0,1,1,1,MIT_403,train,best.pt,,,,,,,
0.2,0.8537235,20,0,0,1,1,1,MIT_404,train,best.pt,,,,,,,
0.25,0.8537235,20,0,0,1,1,1,MIT_404,train,best.pt,,,,,,,
0.3,0.8537235,20,0,0,1,1,1,MIT_404,train,best.pt,,,,,,,
0.35,0.8537235,20,0,0,1,1,1,MIT_404,train,best.pt,,,,,,,
0.4,0.8537235,20,0,0,1,1,1,MIT_404,train,best.pt,,,,,,,
0.45,0.8537235,20,0,0,1,1,1,MIT_404,train,best.pt,,,,,,,
0.5,0.8537235,20,0,0,1,1,1,MIT_404,train,best.pt,,,,,,,
0.2,0.841451524,20,0,0,1,1,1,MIT_405,train,best.pt,,,,,,,
0.25,0.841451524,20,0,0,1,1,1,MIT_405,train,best.pt,,,,,,,
0.3,0.841451524,20,0,0,1,1,1,MIT_405,train,best.pt,,,,,,,
0.35,0.841451524,20,0,0,1,1,1,MIT_405,train,best.pt,,,,,,,
0.4,0.841451524,20,0,0,1,1,1,MIT_405,train,best.pt,,,,,,,
0.45,0.841451524,20,0,0,1,1,1,MIT_405,train,best.pt,,,,,,,
0.5,0.841451524,20,0,0,1,1,1,MIT_405,train,best.pt,,,,,,,
0.2,0.849868729,20,0,0,1,1,1,MIT_407,train,best.pt,,,,,,,
0.25,0.849868729,20,0,0,1,1,1,MIT_407,train,best.pt,,,,,,,
0.3,0.849868729,20,0,0,1,1,1,MIT_407,train,best.pt,,,,,,,
0.35,0.849868729,20,0,0,1,1,1,MIT_407,train,best.pt,,,,,,,
0.4,0.849868729,20,0,0,1,1,1,MIT_407,train,best.pt,,,,,,,
0.45,0.849868729,20,0,0,1,1,1,MIT_407,train,best.pt,,,,,,,
0.5,0.849868729,20,0,0,1,1,1,MIT_407,train,best.pt,,,,,,,
0.2,0.822581543,20,0,0,1,1,1,MIT_408,train,best.pt,,,,,,,
0.25,0.822581543,20,0,0,1,1,1,MIT_408,train,best.pt,,,,,,,
0.3,0.822581543,20,0,0,1,1,1,MIT_408,train,best.pt,,,,,,,
0.35,0.822581543,20,0,0,1,1,1,MIT_408,train,best.pt,,,,,,,
0.4,0.822581543,20,0,0,1,1,1,MIT_408,train,best.pt,,,,,,,
0.45,0.822581543,20,0,0,1,1,1,MIT_408,train,best.pt,,,,,,,
0.5,0.822581543,20,0,0,1,1,1,MIT_408,train,best.pt,,,,,,,
0.2,0.817355913,20,0,0,1,1,1,MIT_409,train,best.pt,,,,,,,
0.25,0.817355913,20,0,0,1,1,1,MIT_409,train,best.pt,,,,,,,
0.3,0.817355913,20,0,0,1,1,1,MIT_409,train,best.pt,,,,,,,
0.35,0.817355913,20,0,0,1,1,1,MIT_409,train,best.pt,,,,,,,
0.4,0.817355913,20,0,0,1,1,1,MIT_409,train,best.pt,,,,,,,
0.45,0.817355913,20,0,0,1,1,1,MIT_409,train,best.pt,,,,,,,
0.5,0.817355913,20,0,0,1,1,1,MIT_409,train,best.pt,,,,,,,
0.2,0.765000135,20,0,0,1,1,1,MIT_41,train,best.pt,,,,,,,
0.25,0.765000135,20,0,0,1,1,1,MIT_41,train,best.pt,,,,,,,
0.3,0.765000135,20,0,0,1,1,1,MIT_41,train,best.pt,,,,,,,
0.35,0.765000135,20,0,0,1,1,1,MIT_41,train,best.pt,,,,,,,
0.4,0.765000135,20,0,0,1,1,1,MIT_41,train,best.pt,,,,,,,
0.45,0.765000135,20,0,0,1,1,1,MIT_41,train,best.pt,,,,,,,
0.5,0.765000135,20,0,0,1,1,1,MIT_41,train,best.pt,,,,,,,
0.2,0.809477212,20,0,0,1,1,1,MIT_410,train,best.pt,,,,,,,
0.25,0.809477212,20,0,0,1,1,1,MIT_410,train,best.pt,,,,,,,
0.3,0.809477212,20,0,0,1,1,1,MIT_410,train,best.pt,,,,,,,
0.35,0.809477212,20,0,0,1,1,1,MIT_410,train,best.pt,,,,,,,
0.4,0.809477212,20,0,0,1,1,1,MIT_410,train,best.pt,,,,,,,
0.45,0.809477212,20,0,0,1,1,1,MIT_410,train,best.pt,,,,,,,
0.5,0.809477212,20,0,0,1,1,1,MIT_410,train,best.pt,,,,,,,
0.2,0.80423143,20,0,0,1,1,1,MIT_411,train,best.pt,,,,,,,
0.25,0.80423143,20,0,0,1,1,1,MIT_411,train,best.pt,,,,,,,
0.3,0.80423143,20,0,0,1,1,1,MIT_411,train,best.pt,,,,,,,
0.35,0.80423143,20,0,0,1,1,1,MIT_411,train,best.pt,,,,,,,
0.4,0.80423143,20,0,0,1,1,1,MIT_411,train,best.pt,,,,,,,
0.45,0.80423143,20,0,0,1,1,1,MIT_411,train,best.pt,,,,,,,
0.5,0.80423143,20,0,0,1,1,1,MIT_411,train,best.pt,,,,,,,
0.2,0.806743863,20,0,0,1,1,1,MIT_412,train,best.pt,,,,,,,
0.25,0.806743863,20,0,0,1,1,1,MIT_412,train,best.pt,,,,,,,
0.3,0.806743863,20,0,0,1,1,1,MIT_412,train,best.pt,,,,,,,
0.35,0.806743863,20,0,0,1,1,1,MIT_412,train,best.pt,,,,,,,
0.4,0.806743863,20,0,0,1,1,1,MIT_412,train,best.pt,,,,,,,
0.45,0.806743863,20,0,0,1,1,1,MIT_412,train,best.pt,,,,,,,
0.5,0.806743863,20,0,0,1,1,1,MIT_412,train,best.pt,,,,,,,
0.2,0.802781583,20,0,0,1,1,1,MIT_413,train,best.pt,,,,,,,
0.25,0.802781583,20,0,0,1,1,1,MIT_413,train,best.pt,,,,,,,
0.3,0.802781583,20,0,0,1,1,1,MIT_413,train,best.pt,,,,,,,
0.35,0.802781583,20,0,0,1,1,1,MIT_413,train,best.pt,,,,,,,
0.4,0.802781583,20,0,0,1,1,1,MIT_413,train,best.pt,,,,,,,
0.45,0.802781583,20,0,0,1,1,1,MIT_413,train,best.pt,,,,,,,
0.5,0.802781583,20,0,0,1,1,1,MIT_413,train,best.pt,,,,,,,
0.2,0.833963885,20,0,0,1,1,1,MIT_415,train,best.pt,,,,,,,
0.25,0.833963885,20,0,0,1,1,1,MIT_415,train,best.pt,,,,,,,
0.3,0.833963885,20,0,0,1,1,1,MIT_415,train,best.pt,,,,,,,
0.35,0.833963885,20,0,0,1,1,1,MIT_415,train,best.pt,,,,,,,
0.4,0.833963885,20,0,0,1,1,1,MIT_415,train,best.pt,,,,,,,
0.45,0.833963885,20,0,0,1,1,1,MIT_415,train,best.pt,,,,,,,
0.5,0.833963885,20,0,0,1,1,1,MIT_415,train,best.pt,,,,,,,
0.2,0.82248866,20,0,0,1,1,1,MIT_417,train,best.pt,,,,,,,
0.25,0.82248866,20,0,0,1,1,1,MIT_417,train,best.pt,,,,,,,
0.3,0.82248866,20,0,0,1,1,1,MIT_417,train,best.pt,,,,,,,
0.35,0.82248866,20,0,0,1,1,1,MIT_417,train,best.pt,,,,,,,
0.4,0.82248866,20,0,0,1,1,1,MIT_417,train,best.pt,,,,,,,
0.45,0.82248866,20,0,0,1,1,1,MIT_417,train,best.pt,,,,,,,
0.5,0.82248866,20,0,0,1,1,1,MIT_417,train,best.pt,,,,,,,
0.2,0.822421786,20,0,0,1,1,1,MIT_418,train,best.pt,,,,,,,
0.25,0.822421786,20,0,0,1,1,1,MIT_418,train,best.pt,,,,,,,
0.3,0.822421786,20,0,0,1,1,1,MIT_418,train,best.pt,,,,,,,
0.35,0.822421786,20,0,0,1,1,1,MIT_418,train,best.pt,,,,,,,
0.4,0.822421786,20,0,0,1,1,1,MIT_418,train,best.pt,,,,,,,
0.45,0.822421786,20,0,0,1,1,1,MIT_418,train,best.pt,,,,,,,
0.5,0.822421786,20,0,0,1,1,1,MIT_418,train,best.pt,,,,,,,
0.2,0.829202015,20,0,0,1,1,1,MIT_419,train,best.pt,,,,,,,
0.25,0.829202015,20,0,0,1,1,1,MIT_419,train,best.pt,,,,,,,
0.3,0.829202015,20,0,0,1,1,1,MIT_419,train,best.pt,,,,,,,
0.35,0.829202015,20,0,0,1,1,1,MIT_419,train,best.pt,,,,,,,
0.4,0.829202015,20,0,0,1,1,1,MIT_419,train,best.pt,,,,,,,
0.45,0.829202015,20,0,0,1,1,1,MIT_419,train,best.pt,,,,,,,
0.5,0.829202015,20,0,0,1,1,1,MIT_419,train,best.pt,,,,,,,
0.2,0.839900201,21,0,0,1,1,1,MIT_42,train,best.pt,,,,,,,
0.25,0.839900201,21,0,0,1,1,1,MIT_42,train,best.pt,,,,,,,
0.3,0.839900201,21,0,0,1,1,1,MIT_42,train,best.pt,,,,,,,
0.35,0.839900201,21,0,0,1,1,1,MIT_42,train,best.pt,,,,,,,
0.4,0.839900201,21,0,0,1,1,1,MIT_42,train,best.pt,,,,,,,
0.45,0.839900201,21,0,0,1,1,1,MIT_42,train,best.pt,,,,,,,
0.5,0.839900201,21,0,0,1,1,1,MIT_42,train,best.pt,,,,,,,
0.2,0.875353056,20,0,0,1,1,1,MIT_420,train,best.pt,,,,,,,
0.25,0.875353056,20,0,0,1,1,1,MIT_420,train,best.pt,,,,,,,
0.3,0.875353056,20,0,0,1,1,1,MIT_420,train,best.pt,,,,,,,
0.35,0.875353056,20,0,0,1,1,1,MIT_420,train,best.pt,,,,,,,
0.4,0.875353056,20,0,0,1,1,1,MIT_420,train,best.pt,,,,,,,
0.45,0.875353056,20,0,0,1,1,1,MIT_420,train,best.pt,,,,,,,
0.5,0.875353056,20,0,0,1,1,1,MIT_420,train,best.pt,,,,,,,
0.2,0.802068415,20,0,0,1,1,1,MIT_421,train,best.pt,,,,,,,
0.25,0.802068415,20,0,0,1,1,1,MIT_421,train,best.pt,,,,,,,
0.3,0.802068415,20,0,0,1,1,1,MIT_421,train,best.pt,,,,,,,
0.35,0.802068415,20,0,0,1,1,1,MIT_421,train,best.pt,,,,,,,
0.4,0.802068415,20,0,0,1,1,1,MIT_421,train,best.pt,,,,,,,
0.45,0.802068415,20,0,0,1,1,1,MIT_421,train,best.pt,,,,,,,
0.5,0.802068415,20,0,0,1,1,1,MIT_421,train,best.pt,,,,,,,
0.2,0.822630127,20,0,0,1,1,1,MIT_423,train,best.pt,,,,,,,
0.25,0.822630127,20,0,0,1,1,1,MIT_423,train,best.pt,,,,,,,
0.3,0.822630127,20,0,0,1,1,1,MIT_423,train,best.pt,,,,,,,
0.35,0.822630127,20,0,0,1,1,1,MIT_423,train,best.pt,,,,,,,
0.4,0.822630127,20,0,0,1,1,1,MIT_423,train,best.pt,,,,,,,
0.45,0.822630127,20,0,0,1,1,1,MIT_423,train,best.pt,,,,,,,
0.5,0.822630127,20,0,0,1,1,1,MIT_423,train,best.pt,,,,,,,
0.2,0.799145063,20,0,0,1,1,1,MIT_425,train,best.pt,,,,,,,
0.25,0.799145063,20,0,0,1,1,1,MIT_425,train,best.pt,,,,,,,
0.3,0.799145063,20,0,0,1,1,1,MIT_425,train,best.pt,,,,,,,
0.35,0.799145063,20,0,0,1,1,1,MIT_425,train,best.pt,,,,,,,
0.4,0.799145063,20,0,0,1,1,1,MIT_425,train,best.pt,,,,,,,
0.45,0.799145063,20,0,0,1,1,1,MIT_425,train,best.pt,,,,,,,
0.5,0.799145063,20,0,0,1,1,1,MIT_425,train,best.pt,,,,,,,
0.2,0.576700971,15,6,1,0.71,0.94,0.81,MIT_426,train,best.pt,,,,,,,
0.25,0.576700971,15,6,1,0.71,0.94,0.81,MIT_426,train,best.pt,,,,,,,
0.3,0.551627016,14,7,2,0.67,0.87,0.76,MIT_426,train,best.pt,,,,,,,
0.35,0.551627016,14,7,2,0.67,0.87,0.76,MIT_426,train,best.pt,,,,,,,
0.4,0.528642558,13,8,3,0.62,0.81,0.7,MIT_426,train,best.pt,,,,,,,
0.45,0.528642558,13,8,3,0.62,0.81,0.7,MIT_426,train,best.pt,,,,,,,
0.5,0.528642558,13,8,3,0.62,0.81,0.7,MIT_426,train,best.pt,,,,,,,
0.2,0.818807269,20,0,0,1,1,1,MIT_427,train,best.pt,,,,,,,
0.25,0.818807269,20,0,0,1,1,1,MIT_427,train,best.pt,,,,,,,
0.3,0.818807269,20,0,0,1,1,1,MIT_427,train,best.pt,,,,,,,
0.35,0.818807269,20,0,0,1,1,1,MIT_427,train,best.pt,,,,,,,
0.4,0.818807269,20,0,0,1,1,1,MIT_427,train,best.pt,,,,,,,
0.45,0.818807269,20,0,0,1,1,1,MIT_427,train,best.pt,,,,,,,
0.5,0.818807269,20,0,0,1,1,1,MIT_427,train,best.pt,,,,,,,
0.2,0.840127195,20,0,0,1,1,1,MIT_43,train,best.pt,,,,,,,
0.25,0.840127195,20,0,0,1,1,1,MIT_43,train,best.pt,,,,,,,
0.3,0.840127195,20,0,0,1,1,1,MIT_43,train,best.pt,,,,,,,
0.35,0.840127195,20,0,0,1,1,1,MIT_43,train,best.pt,,,,,,,
0.4,0.840127195,20,0,0,1,1,1,MIT_43,train,best.pt,,,,,,,
0.45,0.840127195,20,0,0,1,1,1,MIT_43,train,best.pt,,,,,,,
0.5,0.840127195,20,0,0,1,1,1,MIT_43,train,best.pt,,,,,,,
0.2,0.835266636,20,0,0,1,1,1,MIT_432,train,best.pt,,,,,,,
0.25,0.835266636,20,0,0,1,1,1,MIT_432,train,best.pt,,,,,,,
0.3,0.835266636,20,0,0,1,1,1,MIT_432,train,best.pt,,,,,,,
0.35,0.835266636,20,0,0,1,1,1,MIT_432,train,best.pt,,,,,,,
0.4,0.835266636,20,0,0,1,1,1,MIT_432,train,best.pt,,,,,,,
0.45,0.835266636,20,0,0,1,1,1,MIT_432,train,best.pt,,,,,,,
0.5,0.835266636,20,0,0,1,1,1,MIT_432,train,best.pt,,,,,,,
0.2,0.851132024,20,0,0,1,1,1,MIT_438,train,best.pt,,,,,,,
0.25,0.851132024,20,0,0,1,1,1,MIT_438,train,best.pt,,,,,,,
0.3,0.851132024,20,0,0,1,1,1,MIT_438,train,best.pt,,,,,,,
0.35,0.851132024,20,0,0,1,1,1,MIT_438,train,best.pt,,,,,,,
0.4,0.851132024,20,0,0,1,1,1,MIT_438,train,best.pt,,,,,,,
0.45,0.851132024,20,0,0,1,1,1,MIT_438,train,best.pt,,,,,,,
0.5,0.851132024,20,0,0,1,1,1,MIT_438,train,best.pt,,,,,,,
0.2,0.837281898,20,0,0,1,1,1,MIT_439,train,best.pt,,,,,,,
0.25,0.837281898,20,0,0,1,1,1,MIT_439,train,best.pt,,,,,,,
0.3,0.837281898,20,0,0,1,1,1,MIT_439,train,best.pt,,,,,,,
0.35,0.837281898,20,0,0,1,1,1,MIT_439,train,best.pt,,,,,,,
0.4,0.837281898,20,0,0,1,1,1,MIT_439,train,best.pt,,,,,,,
0.45,0.837281898,20,0,0,1,1,1,MIT_439,train,best.pt,,,,,,,
0.5,0.837281898,20,0,0,1,1,1,MIT_439,train,best.pt,,,,,,,
0.2,0.766216288,20,1,0,0.95,1,0.98,MIT_44,train,best.pt,,,,,,,
0.25,0.766216288,20,1,0,0.95,1,0.98,MIT_44,train,best.pt,,,,,,,
0.3,0.766216288,20,1,0,0.95,1,0.98,MIT_44,train,best.pt,,,,,,,
0.35,0.766216288,20,1,0,0.95,1,0.98,MIT_44,train,best.pt,,,,,,,
0.4,0.766216288,20,1,0,0.95,1,0.98,MIT_44,train,best.pt,,,,,,,
0.45,0.766216288,20,1,0,0.95,1,0.98,MIT_44,train,best.pt,,,,,,,
0.5,0.766216288,20,1,0,0.95,1,0.98,MIT_44,train,best.pt,,,,,,,
0.2,0.851526091,20,0,0,1,1,1,MIT_440,train,best.pt,,,,,,,
0.25,0.851526091,20,0,0,1,1,1,MIT_440,train,best.pt,,,,,,,
0.3,0.851526091,20,0,0,1,1,1,MIT_440,train,best.pt,,,,,,,
0.35,0.851526091,20,0,0,1,1,1,MIT_440,train,best.pt,,,,,,,
0.4,0.851526091,20,0,0,1,1,1,MIT_440,train,best.pt,,,,,,,
0.45,0.851526091,20,0,0,1,1,1,MIT_440,train,best.pt,,,,,,,
0.5,0.851526091,20,0,0,1,1,1,MIT_440,train,best.pt,,,,,,,
0.2,0.830733135,20,0,0,1,1,1,MIT_441,train,best.pt,,,,,,,
0.25,0.830733135,20,0,0,1,1,1,MIT_441,train,best.pt,,,,,,,
0.3,0.830733135,20,0,0,1,1,1,MIT_441,train,best.pt,,,,,,,
0.35,0.830733135,20,0,0,1,1,1,MIT_441,train,best.pt,,,,,,,
0.4,0.830733135,20,0,0,1,1,1,MIT_441,train,best.pt,,,,,,,
0.45,0.830733135,20,0,0,1,1,1,MIT_441,train,best.pt,,,,,,,
0.5,0.830733135,20,0,0,1,1,1,MIT_441,train,best.pt,,,,,,,
0.2,0.838535813,20,0,0,1,1,1,MIT_442,train,best.pt,,,,,,,
0.25,0.838535813,20,0,0,1,1,1,MIT_442,train,best.pt,,,,,,,
0.3,0.838535813,20,0,0,1,1,1,MIT_442,train,best.pt,,,,,,,
0.35,0.838535813,20,0,0,1,1,1,MIT_442,train,best.pt,,,,,,,
0.4,0.838535813,20,0,0,1,1,1,MIT_442,train,best.pt,,,,,,,
0.45,0.838535813,20,0,0,1,1,1,MIT_442,train,best.pt,,,,,,,
0.5,0.838535813,20,0,0,1,1,1,MIT_442,train,best.pt,,,,,,,
0.2,0.82473652,20,0,0,1,1,1,MIT_443,train,best.pt,,,,,,,
0.25,0.82473652,20,0,0,1,1,1,MIT_443,train,best.pt,,,,,,,
0.3,0.82473652,20,0,0,1,1,1,MIT_443,train,best.pt,,,,,,,
0.35,0.82473652,20,0,0,1,1,1,MIT_443,train,best.pt,,,,,,,
0.4,0.82473652,20,0,0,1,1,1,MIT_443,train,best.pt,,,,,,,
0.45,0.82473652,20,0,0,1,1,1,MIT_443,train,best.pt,,,,,,,
0.5,0.82473652,20,0,0,1,1,1,MIT_443,train,best.pt,,,,,,,
0.2,0.771490134,20,0,0,1,1,1,MIT_446,train,best.pt,,,,,,,
0.25,0.771490134,20,0,0,1,1,1,MIT_446,train,best.pt,,,,,,,
0.3,0.771490134,20,0,0,1,1,1,MIT_446,train,best.pt,,,,,,,
0.35,0.771490134,20,0,0,1,1,1,MIT_446,train,best.pt,,,,,,,
0.4,0.771490134,20,0,0,1,1,1,MIT_446,train,best.pt,,,,,,,
0.45,0.771490134,20,0,0,1,1,1,MIT_446,train,best.pt,,,,,,,
0.5,0.771490134,20,0,0,1,1,1,MIT_446,train,best.pt,,,,,,,
0.2,0.753191738,20,0,0,1,1,1,MIT_449,train,best.pt,,,,,,,
0.25,0.753191738,20,0,0,1,1,1,MIT_449,train,best.pt,,,,,,,
0.3,0.753191738,20,0,0,1,1,1,MIT_449,train,best.pt,,,,,,,
0.35,0.753191738,20,0,0,1,1,1,MIT_449,train,best.pt,,,,,,,
0.4,0.753191738,20,0,0,1,1,1,MIT_449,train,best.pt,,,,,,,
0.45,0.753191738,20,0,0,1,1,1,MIT_449,train,best.pt,,,,,,,
0.5,0.753191738,20,0,0,1,1,1,MIT_449,train,best.pt,,,,,,,
0.2,0.785680672,20,0,0,1,1,1,MIT_450,train,best.pt,,,,,,,
0.25,0.785680672,20,0,0,1,1,1,MIT_450,train,best.pt,,,,,,,
0.3,0.785680672,20,0,0,1,1,1,MIT_450,train,best.pt,,,,,,,
0.35,0.785680672,20,0,0,1,1,1,MIT_450,train,best.pt,,,,,,,
0.4,0.785680672,20,0,0,1,1,1,MIT_450,train,best.pt,,,,,,,
0.45,0.785680672,20,0,0,1,1,1,MIT_450,train,best.pt,,,,,,,
0.5,0.785680672,20,0,0,1,1,1,MIT_450,train,best.pt,,,,,,,
0.2,0.755488451,21,0,0,1,1,1,MIT_451,train,best.pt,,,,,,,
0.25,0.755488451,21,0,0,1,1,1,MIT_451,train,best.pt,,,,,,,
0.3,0.755488451,21,0,0,1,1,1,MIT_451,train,best.pt,,,,,,,
0.35,0.755488451,21,0,0,1,1,1,MIT_451,train,best.pt,,,,,,,
0.4,0.755488451,21,0,0,1,1,1,MIT_451,train,best.pt,,,,,,,
0.45,0.755488451,21,0,0,1,1,1,MIT_451,train,best.pt,,,,,,,
0.5,0.755488451,21,0,0,1,1,1,MIT_451,train,best.pt,,,,,,,
0.2,0.841635002,20,0,0,1,1,1,MIT_452,train,best.pt,,,,,,,
0.25,0.841635002,20,0,0,1,1,1,MIT_452,train,best.pt,,,,,,,
0.3,0.841635002,20,0,0,1,1,1,MIT_452,train,best.pt,,,,,,,
0.35,0.841635002,20,0,0,1,1,1,MIT_452,train,best.pt,,,,,,,
0.4,0.841635002,20,0,0,1,1,1,MIT_452,train,best.pt,,,,,,,
0.45,0.841635002,20,0,0,1,1,1,MIT_452,train,best.pt,,,,,,,
0.5,0.841635002,20,0,0,1,1,1,MIT_452,train,best.pt,,,,,,,
0.2,0.765755333,20,0,0,1,1,1,MIT_453,train,best.pt,,,,,,,
0.25,0.765755333,20,0,0,1,1,1,MIT_453,train,best.pt,,,,,,,
0.3,0.765755333,20,0,0,1,1,1,MIT_453,train,best.pt,,,,,,,
0.35,0.765755333,20,0,0,1,1,1,MIT_453,train,best.pt,,,,,,,
0.4,0.765755333,20,0,0,1,1,1,MIT_453,train,best.pt,,,,,,,
0.45,0.765755333,20,0,0,1,1,1,MIT_453,train,best.pt,,,,,,,
0.5,0.765755333,20,0,0,1,1,1,MIT_453,train,best.pt,,,,,,,
0.2,0.849455106,20,0,0,1,1,1,MIT_454,train,best.pt,,,,,,,
0.25,0.849455106,20,0,0,1,1,1,MIT_454,train,best.pt,,,,,,,
0.3,0.849455106,20,0,0,1,1,1,MIT_454,train,best.pt,,,,,,,
0.35,0.849455106,20,0,0,1,1,1,MIT_454,train,best.pt,,,,,,,
0.4,0.849455106,20,0,0,1,1,1,MIT_454,train,best.pt,,,,,,,
0.45,0.849455106,20,0,0,1,1,1,MIT_454,train,best.pt,,,,,,,
0.5,0.849455106,20,0,0,1,1,1,MIT_454,train,best.pt,,,,,,,
0.2,0.807898975,20,0,0,1,1,1,MIT_455,train,best.pt,,,,,,,
0.25,0.807898975,20,0,0,1,1,1,MIT_455,train,best.pt,,,,,,,
0.3,0.807898975,20,0,0,1,1,1,MIT_455,train,best.pt,,,,,,,
0.35,0.807898975,20,0,0,1,1,1,MIT_455,train,best.pt,,,,,,,
0.4,0.807898975,20,0,0,1,1,1,MIT_455,train,best.pt,,,,,,,
0.45,0.807898975,20,0,0,1,1,1,MIT_455,train,best.pt,,,,,,,
0.5,0.807898975,20,0,0,1,1,1,MIT_455,train,best.pt,,,,,,,
0.2,0.79712287,20,0,0,1,1,1,MIT_457,train,best.pt,,,,,,,
0.25,0.79712287,20,0,0,1,1,1,MIT_457,train,best.pt,,,,,,,
0.3,0.79712287,20,0,0,1,1,1,MIT_457,train,best.pt,,,,,,,
0.35,0.79712287,20,0,0,1,1,1,MIT_457,train,best.pt,,,,,,,
0.4,0.79712287,20,0,0,1,1,1,MIT_457,train,best.pt,,,,,,,
0.45,0.79712287,20,0,0,1,1,1,MIT_457,train,best.pt,,,,,,,
0.5,0.79712287,20,0,0,1,1,1,MIT_457,train,best.pt,,,,,,,
0.2,0.794686639,20,0,0,1,1,1,MIT_458,train,best.pt,,,,,,,
0.25,0.794686639,20,0,0,1,1,1,MIT_458,train,best.pt,,,,,,,
0.3,0.794686639,20,0,0,1,1,1,MIT_458,train,best.pt,,,,,,,
0.35,0.794686639,20,0,0,1,1,1,MIT_458,train,best.pt,,,,,,,
0.4,0.794686639,20,0,0,1,1,1,MIT_458,train,best.pt,,,,,,,
0.45,0.794686639,20,0,0,1,1,1,MIT_458,train,best.pt,,,,,,,
0.5,0.794686639,20,0,0,1,1,1,MIT_458,train,best.pt,,,,,,,
0.2,0.818719631,20,0,0,1,1,1,MIT_459,train,best.pt,,,,,,,
0.25,0.818719631,20,0,0,1,1,1,MIT_459,train,best.pt,,,,,,,
0.3,0.818719631,20,0,0,1,1,1,MIT_459,train,best.pt,,,,,,,
0.35,0.818719631,20,0,0,1,1,1,MIT_459,train,best.pt,,,,,,,
0.4,0.818719631,20,0,0,1,1,1,MIT_459,train,best.pt,,,,,,,
0.45,0.818719631,20,0,0,1,1,1,MIT_459,train,best.pt,,,,,,,
0.5,0.818719631,20,0,0,1,1,1,MIT_459,train,best.pt,,,,,,,
0.2,0.862933998,20,0,0,1,1,1,MIT_46,train,best.pt,,,,,,,
0.25,0.862933998,20,0,0,1,1,1,MIT_46,train,best.pt,,,,,,,
0.3,0.862933998,20,0,0,1,1,1,MIT_46,train,best.pt,,,,,,,
0.35,0.862933998,20,0,0,1,1,1,MIT_46,train,best.pt,,,,,,,
0.4,0.862933998,20,0,0,1,1,1,MIT_46,train,best.pt,,,,,,,
0.45,0.862933998,20,0,0,1,1,1,MIT_46,train,best.pt,,,,,,,
0.5,0.862933998,20,0,0,1,1,1,MIT_46,train,best.pt,,,,,,,
0.2,0.832845742,20,0,0,1,1,1,MIT_460,train,best.pt,,,,,,,
0.25,0.832845742,20,0,0,1,1,1,MIT_460,train,best.pt,,,,,,,
0.3,0.832845742,20,0,0,1,1,1,MIT_460,train,best.pt,,,,,,,
0.35,0.832845742,20,0,0,1,1,1,MIT_460,train,best.pt,,,,,,,
0.4,0.832845742,20,0,0,1,1,1,MIT_460,train,best.pt,,,,,,,
0.45,0.832845742,20,0,0,1,1,1,MIT_460,train,best.pt,,,,,,,
0.5,0.832845742,20,0,0,1,1,1,MIT_460,train,best.pt,,,,,,,
0.2,0.847407515,20,0,0,1,1,1,MIT_461,train,best.pt,,,,,,,
0.25,0.847407515,20,0,0,1,1,1,MIT_461,train,best.pt,,,,,,,
0.3,0.847407515,20,0,0,1,1,1,MIT_461,train,best.pt,,,,,,,
0.35,0.847407515,20,0,0,1,1,1,MIT_461,train,best.pt,,,,,,,
0.4,0.847407515,20,0,0,1,1,1,MIT_461,train,best.pt,,,,,,,
0.45,0.847407515,20,0,0,1,1,1,MIT_461,train,best.pt,,,,,,,
0.5,0.847407515,20,0,0,1,1,1,MIT_461,train,best.pt,,,,,,,
0.2,0.835036385,20,0,0,1,1,1,MIT_462,train,best.pt,,,,,,,
0.25,0.835036385,20,0,0,1,1,1,MIT_462,train,best.pt,,,,,,,
0.3,0.835036385,20,0,0,1,1,1,MIT_462,train,best.pt,,,,,,,
0.35,0.835036385,20,0,0,1,1,1,MIT_462,train,best.pt,,,,,,,
0.4,0.835036385,20,0,0,1,1,1,MIT_462,train,best.pt,,,,,,,
0.45,0.835036385,20,0,0,1,1,1,MIT_462,train,best.pt,,,,,,,
0.5,0.835036385,20,0,0,1,1,1,MIT_462,train,best.pt,,,,,,,
0.2,0.852197682,20,0,0,1,1,1,MIT_463,train,best.pt,,,,,,,
0.25,0.852197682,20,0,0,1,1,1,MIT_463,train,best.pt,,,,,,,
0.3,0.852197682,20,0,0,1,1,1,MIT_463,train,best.pt,,,,,,,
0.35,0.852197682,20,0,0,1,1,1,MIT_463,train,best.pt,,,,,,,
0.4,0.852197682,20,0,0,1,1,1,MIT_463,train,best.pt,,,,,,,
0.45,0.852197682,20,0,0,1,1,1,MIT_463,train,best.pt,,,,,,,
0.5,0.852197682,20,0,0,1,1,1,MIT_463,train,best.pt,,,,,,,
0.2,0.823240384,20,0,0,1,1,1,MIT_464,train,best.pt,,,,,,,
0.25,0.823240384,20,0,0,1,1,1,MIT_464,train,best.pt,,,,,,,
0.3,0.823240384,20,0,0,1,1,1,MIT_464,train,best.pt,,,,,,,
0.35,0.823240384,20,0,0,1,1,1,MIT_464,train,best.pt,,,,,,,
0.4,0.823240384,20,0,0,1,1,1,MIT_464,train,best.pt,,,,,,,
0.45,0.823240384,20,0,0,1,1,1,MIT_464,train,best.pt,,,,,,,
0.5,0.823240384,20,0,0,1,1,1,MIT_464,train,best.pt,,,,,,,
0.2,0.739634439,19,0,1,1,0.95,0.97,MIT_467,train,best.pt,,,,,,,
0.25,0.739634439,19,0,1,1,0.95,0.97,MIT_467,train,best.pt,,,,,,,
0.3,0.739634439,19,0,1,1,0.95,0.97,MIT_467,train,best.pt,,,,,,,
0.35,0.739634439,19,0,1,1,0.95,0.97,MIT_467,train,best.pt,,,,,,,
0.4,0.739634439,19,0,1,1,0.95,0.97,MIT_467,train,best.pt,,,,,,,
0.45,0.739634439,19,0,1,1,0.95,0.97,MIT_467,train,best.pt,,,,,,,
0.5,0.739634439,19,0,1,1,0.95,0.97,MIT_467,train,best.pt,,,,,,,
0.2,0.779381562,20,0,0,1,1,1,MIT_468,train,best.pt,,,,,,,
0.25,0.779381562,20,0,0,1,1,1,MIT_468,train,best.pt,,,,,,,
0.3,0.779381562,20,0,0,1,1,1,MIT_468,train,best.pt,,,,,,,
0.35,0.779381562,20,0,0,1,1,1,MIT_468,train,best.pt,,,,,,,
0.4,0.779381562,20,0,0,1,1,1,MIT_468,train,best.pt,,,,,,,
0.45,0.779381562,20,0,0,1,1,1,MIT_468,train,best.pt,,,,,,,
0.5,0.779381562,20,0,0,1,1,1,MIT_468,train,best.pt,,,,,,,
0.2,0.802444793,20,0,0,1,1,1,MIT_469,train,best.pt,,,,,,,
0.25,0.802444793,20,0,0,1,1,1,MIT_469,train,best.pt,,,,,,,
0.3,0.802444793,20,0,0,1,1,1,MIT_469,train,best.pt,,,,,,,
0.35,0.802444793,20,0,0,1,1,1,MIT_469,train,best.pt,,,,,,,
0.4,0.802444793,20,0,0,1,1,1,MIT_469,train,best.pt,,,,,,,
0.45,0.802444793,20,0,0,1,1,1,MIT_469,train,best.pt,,,,,,,
0.5,0.802444793,20,0,0,1,1,1,MIT_469,train,best.pt,,,,,,,
0.2,0.766198083,20,0,0,1,1,1,MIT_471,train,best.pt,,,,,,,
0.25,0.766198083,20,0,0,1,1,1,MIT_471,train,best.pt,,,,,,,
0.3,0.766198083,20,0,0,1,1,1,MIT_471,train,best.pt,,,,,,,
0.35,0.766198083,20,0,0,1,1,1,MIT_471,train,best.pt,,,,,,,
0.4,0.766198083,20,0,0,1,1,1,MIT_471,train,best.pt,,,,,,,
0.45,0.766198083,20,0,0,1,1,1,MIT_471,train,best.pt,,,,,,,
0.5,0.766198083,20,0,0,1,1,1,MIT_471,train,best.pt,,,,,,,
0.2,0.818077009,20,0,0,1,1,1,MIT_472,train,best.pt,,,,,,,
0.25,0.818077009,20,0,0,1,1,1,MIT_472,train,best.pt,,,,,,,
0.3,0.818077009,20,0,0,1,1,1,MIT_472,train,best.pt,,,,,,,
0.35,0.818077009,20,0,0,1,1,1,MIT_472,train,best.pt,,,,,,,
0.4,0.818077009,20,0,0,1,1,1,MIT_472,train,best.pt,,,,,,,
0.45,0.818077009,20,0,0,1,1,1,MIT_472,train,best.pt,,,,,,,
0.5,0.818077009,20,0,0,1,1,1,MIT_472,train,best.pt,,,,,,,
0.2,0.847688889,20,0,0,1,1,1,MIT_473,train,best.pt,,,,,,,
0.25,0.847688889,20,0,0,1,1,1,MIT_473,train,best.pt,,,,,,,
0.3,0.847688889,20,0,0,1,1,1,MIT_473,train,best.pt,,,,,,,
0.35,0.847688889,20,0,0,1,1,1,MIT_473,train,best.pt,,,,,,,
0.4,0.847688889,20,0,0,1,1,1,MIT_473,train,best.pt,,,,,,,
0.45,0.847688889,20,0,0,1,1,1,MIT_473,train,best.pt,,,,,,,
0.5,0.847688889,20,0,0,1,1,1,MIT_473,train,best.pt,,,,,,,
0.2,0.772263698,20,0,0,1,1,1,MIT_474,train,best.pt,,,,,,,
0.25,0.772263698,20,0,0,1,1,1,MIT_474,train,best.pt,,,,,,,
0.3,0.772263698,20,0,0,1,1,1,MIT_474,train,best.pt,,,,,,,
0.35,0.772263698,20,0,0,1,1,1,MIT_474,train,best.pt,,,,,,,
0.4,0.772263698,20,0,0,1,1,1,MIT_474,train,best.pt,,,,,,,
0.45,0.772263698,20,0,0,1,1,1,MIT_474,train,best.pt,,,,,,,
0.5,0.772263698,20,0,0,1,1,1,MIT_474,train,best.pt,,,,,,,
0.2,0.839205467,20,0,0,1,1,1,MIT_475,train,best.pt,,,,,,,
0.25,0.839205467,20,0,0,1,1,1,MIT_475,train,best.pt,,,,,,,
0.3,0.839205467,20,0,0,1,1,1,MIT_475,train,best.pt,,,,,,,
0.35,0.839205467,20,0,0,1,1,1,MIT_475,train,best.pt,,,,,,,
0.4,0.839205467,20,0,0,1,1,1,MIT_475,train,best.pt,,,,,,,
0.45,0.839205467,20,0,0,1,1,1,MIT_475,train,best.pt,,,,,,,
0.5,0.839205467,20,0,0,1,1,1,MIT_475,train,best.pt,,,,,,,
0.2,0.861382397,21,0,0,1,1,1,MIT_476,train,best.pt,,,,,,,
0.25,0.861382397,21,0,0,1,1,1,MIT_476,train,best.pt,,,,,,,
0.3,0.861382397,21,0,0,1,1,1,MIT_476,train,best.pt,,,,,,,
0.35,0.861382397,21,0,0,1,1,1,MIT_476,train,best.pt,,,,,,,
0.4,0.861382397,21,0,0,1,1,1,MIT_476,train,best.pt,,,,,,,
0.45,0.861382397,21,0,0,1,1,1,MIT_476,train,best.pt,,,,,,,
0.5,0.861382397,21,0,0,1,1,1,MIT_476,train,best.pt,,,,,,,
0.2,0.841292583,20,0,0,1,1,1,MIT_477,train,best.pt,,,,,,,
0.25,0.841292583,20,0,0,1,1,1,MIT_477,train,best.pt,,,,,,,
0.3,0.841292583,20,0,0,1,1,1,MIT_477,train,best.pt,,,,,,,
0.35,0.841292583,20,0,0,1,1,1,MIT_477,train,best.pt,,,,,,,
0.4,0.841292583,20,0,0,1,1,1,MIT_477,train,best.pt,,,,,,,
0.45,0.841292583,20,0,0,1,1,1,MIT_477,train,best.pt,,,,,,,
0.5,0.841292583,20,0,0,1,1,1,MIT_477,train,best.pt,,,,,,,
0.2,0.791289465,20,0,0,1,1,1,MIT_478,train,best.pt,,,,,,,
0.25,0.791289465,20,0,0,1,1,1,MIT_478,train,best.pt,,,,,,,
0.3,0.791289465,20,0,0,1,1,1,MIT_478,train,best.pt,,,,,,,
0.35,0.791289465,20,0,0,1,1,1,MIT_478,train,best.pt,,,,,,,
0.4,0.791289465,20,0,0,1,1,1,MIT_478,train,best.pt,,,,,,,
0.45,0.791289465,20,0,0,1,1,1,MIT_478,train,best.pt,,,,,,,
0.5,0.791289465,20,0,0,1,1,1,MIT_478,train,best.pt,,,,,,,
0.2,0.835024227,20,0,0,1,1,1,MIT_479,train,best.pt,,,,,,,
0.25,0.835024227,20,0,0,1,1,1,MIT_479,train,best.pt,,,,,,,
0.3,0.835024227,20,0,0,1,1,1,MIT_479,train,best.pt,,,,,,,
0.35,0.835024227,20,0,0,1,1,1,MIT_479,train,best.pt,,,,,,,
0.4,0.835024227,20,0,0,1,1,1,MIT_479,train,best.pt,,,,,,,
0.45,0.835024227,20,0,0,1,1,1,MIT_479,train,best.pt,,,,,,,
0.5,0.835024227,20,0,0,1,1,1,MIT_479,train,best.pt,,,,,,,
0.2,0.799412824,20,0,0,1,1,1,MIT_480,train,best.pt,,,,,,,
0.25,0.799412824,20,0,0,1,1,1,MIT_480,train,best.pt,,,,,,,
0.3,0.799412824,20,0,0,1,1,1,MIT_480,train,best.pt,,,,,,,
0.35,0.799412824,20,0,0,1,1,1,MIT_480,train,best.pt,,,,,,,
0.4,0.799412824,20,0,0,1,1,1,MIT_480,train,best.pt,,,,,,,
0.45,0.799412824,20,0,0,1,1,1,MIT_480,train,best.pt,,,,,,,
0.5,0.799412824,20,0,0,1,1,1,MIT_480,train,best.pt,,,,,,,
0.2,0.84689701,20,0,0,1,1,1,MIT_481,train,best.pt,,,,,,,
0.25,0.84689701,20,0,0,1,1,1,MIT_481,train,best.pt,,,,,,,
0.3,0.84689701,20,0,0,1,1,1,MIT_481,train,best.pt,,,,,,,
0.35,0.84689701,20,0,0,1,1,1,MIT_481,train,best.pt,,,,,,,
0.4,0.84689701,20,0,0,1,1,1,MIT_481,train,best.pt,,,,,,,
0.45,0.84689701,20,0,0,1,1,1,MIT_481,train,best.pt,,,,,,,
0.5,0.84689701,20,0,0,1,1,1,MIT_481,train,best.pt,,,,,,,
0.2,0.821235535,19,1,0,0.95,1,0.97,MIT_483,train,best.pt,,,,,,,
0.25,0.821235535,19,1,0,0.95,1,0.97,MIT_483,train,best.pt,,,,,,,
0.3,0.821235535,19,1,0,0.95,1,0.97,MIT_483,train,best.pt,,,,,,,
0.35,0.821235535,19,1,0,0.95,1,0.97,MIT_483,train,best.pt,,,,,,,
0.4,0.821235535,19,1,0,0.95,1,0.97,MIT_483,train,best.pt,,,,,,,
0.45,0.821235535,19,1,0,0.95,1,0.97,MIT_483,train,best.pt,,,,,,,
0.5,0.821235535,19,1,0,0.95,1,0.97,MIT_483,train,best.pt,,,,,,,
0.2,0.84796565,20,0,0,1,1,1,MIT_485,train,best.pt,,,,,,,
0.25,0.84796565,20,0,0,1,1,1,MIT_485,train,best.pt,,,,,,,
0.3,0.84796565,20,0,0,1,1,1,MIT_485,train,best.pt,,,,,,,
0.35,0.84796565,20,0,0,1,1,1,MIT_485,train,best.pt,,,,,,,
0.4,0.84796565,20,0,0,1,1,1,MIT_485,train,best.pt,,,,,,,
0.45,0.84796565,20,0,0,1,1,1,MIT_485,train,best.pt,,,,,,,
0.5,0.84796565,20,0,0,1,1,1,MIT_485,train,best.pt,,,,,,,
0.2,0.786966668,21,0,0,1,1,1,MIT_486,train,best.pt,,,,,,,
0.25,0.786966668,21,0,0,1,1,1,MIT_486,train,best.pt,,,,,,,
0.3,0.786966668,21,0,0,1,1,1,MIT_486,train,best.pt,,,,,,,
0.35,0.786966668,21,0,0,1,1,1,MIT_486,train,best.pt,,,,,,,
0.4,0.786966668,21,0,0,1,1,1,MIT_486,train,best.pt,,,,,,,
0.45,0.786966668,21,0,0,1,1,1,MIT_486,train,best.pt,,,,,,,
0.5,0.786966668,21,0,0,1,1,1,MIT_486,train,best.pt,,,,,,,
0.2,0.793357314,20,0,0,1,1,1,MIT_487,train,best.pt,,,,,,,
0.25,0.793357314,20,0,0,1,1,1,MIT_487,train,best.pt,,,,,,,
0.3,0.793357314,20,0,0,1,1,1,MIT_487,train,best.pt,,,,,,,
0.35,0.793357314,20,0,0,1,1,1,MIT_487,train,best.pt,,,,,,,
0.4,0.793357314,20,0,0,1,1,1,MIT_487,train,best.pt,,,,,,,
0.45,0.793357314,20,0,0,1,1,1,MIT_487,train,best.pt,,,,,,,
0.5,0.793357314,20,0,0,1,1,1,MIT_487,train,best.pt,,,,,,,
0.2,0.842348641,19,0,0,1,1,1,MIT_49,train,best.pt,,,,,,,
0.25,0.842348641,19,0,0,1,1,1,MIT_49,train,best.pt,,,,,,,
0.3,0.842348641,19,0,0,1,1,1,MIT_49,train,best.pt,,,,,,,
0.35,0.842348641,19,0,0,1,1,1,MIT_49,train,best.pt,,,,,,,
0.4,0.842348641,19,0,0,1,1,1,MIT_49,train,best.pt,,,,,,,
0.45,0.842348641,19,0,0,1,1,1,MIT_49,train,best.pt,,,,,,,
0.5,0.842348641,19,0,0,1,1,1,MIT_49,train,best.pt,,,,,,,
0.2,0.828268395,20,0,0,1,1,1,MIT_490,train,best.pt,,,,,,,
0.25,0.828268395,20,0,0,1,1,1,MIT_490,train,best.pt,,,,,,,
0.3,0.828268395,20,0,0,1,1,1,MIT_490,train,best.pt,,,,,,,
0.35,0.828268395,20,0,0,1,1,1,MIT_490,train,best.pt,,,,,,,
0.4,0.828268395,20,0,0,1,1,1,MIT_490,train,best.pt,,,,,,,
0.45,0.828268395,20,0,0,1,1,1,MIT_490,train,best.pt,,,,,,,
0.5,0.828268395,20,0,0,1,1,1,MIT_490,train,best.pt,,,,,,,
0.2,0.513798835,14,7,1,0.67,0.93,0.78,MIT_491,train,best.pt,,,,,,,
0.25,0.513798835,14,7,1,0.67,0.93,0.78,MIT_491,train,best.pt,,,,,,,
0.3,0.513798835,14,7,1,0.67,0.93,0.78,MIT_491,train,best.pt,,,,,,,
0.35,0.491459756,13,8,2,0.62,0.87,0.72,MIT_491,train,best.pt,,,,,,,
0.4,0.491459756,13,8,2,0.62,0.87,0.72,MIT_491,train,best.pt,,,,,,,
0.45,0.452142977,11,10,4,0.52,0.73,0.61,MIT_491,train,best.pt,,,,,,,
0.5,0.452142977,11,10,4,0.52,0.73,0.61,MIT_491,train,best.pt,,,,,,,
0.2,0.867623917,20,0,0,1,1,1,MIT_492,train,best.pt,,,,,,,
0.25,0.867623917,20,0,0,1,1,1,MIT_492,train,best.pt,,,,,,,
0.3,0.867623917,20,0,0,1,1,1,MIT_492,train,best.pt,,,,,,,
0.35,0.867623917,20,0,0,1,1,1,MIT_492,train,best.pt,,,,,,,
0.4,0.867623917,20,0,0,1,1,1,MIT_492,train,best.pt,,,,,,,
0.45,0.867623917,20,0,0,1,1,1,MIT_492,train,best.pt,,,,,,,
0.5,0.867623917,20,0,0,1,1,1,MIT_492,train,best.pt,,,,,,,
0.2,0.826597648,21,0,0,1,1,1,MIT_493,train,best.pt,,,,,,,
0.25,0.826597648,21,0,0,1,1,1,MIT_493,train,best.pt,,,,,,,
0.3,0.826597648,21,0,0,1,1,1,MIT_493,train,best.pt,,,,,,,
0.35,0.826597648,21,0,0,1,1,1,MIT_493,train,best.pt,,,,,,,
0.4,0.826597648,21,0,0,1,1,1,MIT_493,train,best.pt,,,,,,,
0.45,0.826597648,21,0,0,1,1,1,MIT_493,train,best.pt,,,,,,,
0.5,0.826597648,21,0,0,1,1,1,MIT_493,train,best.pt,,,,,,,
0.2,0.832594679,20,0,0,1,1,1,MIT_495,train,best.pt,,,,,,,
0.25,0.832594679,20,0,0,1,1,1,MIT_495,train,best.pt,,,,,,,
0.3,0.832594679,20,0,0,1,1,1,MIT_495,train,best.pt,,,,,,,
0.35,0.832594679,20,0,0,1,1,1,MIT_495,train,best.pt,,,,,,,
0.4,0.832594679,20,0,0,1,1,1,MIT_495,train,best.pt,,,,,,,
0.45,0.832594679,20,0,0,1,1,1,MIT_495,train,best.pt,,,,,,,
0.5,0.832594679,20,0,0,1,1,1,MIT_495,train,best.pt,,,,,,,
0.2,0.703276222,17,3,0,0.85,1,0.92,MIT_496,train,best.pt,,,,,,,
0.25,0.66978688,16,4,1,0.8,0.94,0.86,MIT_496,train,best.pt,,,,,,,
0.3,0.66978688,16,4,1,0.8,0.94,0.86,MIT_496,train,best.pt,,,,,,,
0.35,0.66978688,16,4,1,0.8,0.94,0.86,MIT_496,train,best.pt,,,,,,,
0.4,0.66978688,16,4,1,0.8,0.94,0.86,MIT_496,train,best.pt,,,,,,,
0.45,0.66978688,16,4,1,0.8,0.94,0.86,MIT_496,train,best.pt,,,,,,,
0.5,0.66978688,16,4,1,0.8,0.94,0.86,MIT_496,train,best.pt,,,,,,,
0.2,0.848352893,20,0,0,1,1,1,MIT_497,train,best.pt,,,,,,,
0.25,0.848352893,20,0,0,1,1,1,MIT_497,train,best.pt,,,,,,,
0.3,0.848352893,20,0,0,1,1,1,MIT_497,train,best.pt,,,,,,,
0.35,0.848352893,20,0,0,1,1,1,MIT_497,train,best.pt,,,,,,,
0.4,0.848352893,20,0,0,1,1,1,MIT_497,train,best.pt,,,,,,,
0.45,0.848352893,20,0,0,1,1,1,MIT_497,train,best.pt,,,,,,,
0.5,0.848352893,20,0,0,1,1,1,MIT_497,train,best.pt,,,,,,,
0.2,0.82957012,20,0,0,1,1,1,MIT_498,train,best.pt,,,,,,,
0.25,0.82957012,20,0,0,1,1,1,MIT_498,train,best.pt,,,,,,,
0.3,0.82957012,20,0,0,1,1,1,MIT_498,train,best.pt,,,,,,,
0.35,0.82957012,20,0,0,1,1,1,MIT_498,train,best.pt,,,,,,,
0.4,0.82957012,20,0,0,1,1,1,MIT_498,train,best.pt,,,,,,,
0.45,0.82957012,20,0,0,1,1,1,MIT_498,train,best.pt,,,,,,,
0.5,0.82957012,20,0,0,1,1,1,MIT_498,train,best.pt,,,,,,,
0.2,0.741733087,20,0,0,1,1,1,MIT_5,train,best.pt,,,,,,,
0.25,0.741733087,20,0,0,1,1,1,MIT_5,train,best.pt,,,,,,,
0.3,0.741733087,20,0,0,1,1,1,MIT_5,train,best.pt,,,,,,,
0.35,0.741733087,20,0,0,1,1,1,MIT_5,train,best.pt,,,,,,,
0.4,0.741733087,20,0,0,1,1,1,MIT_5,train,best.pt,,,,,,,
0.45,0.741733087,20,0,0,1,1,1,MIT_5,train,best.pt,,,,,,,
0.5,0.706412465,19,1,1,0.95,0.95,0.95,MIT_5,train,best.pt,,,,,,,
0.2,0.852065926,20,0,0,1,1,1,MIT_500,train,best.pt,,,,,,,
0.25,0.852065926,20,0,0,1,1,1,MIT_500,train,best.pt,,,,,,,
0.3,0.852065926,20,0,0,1,1,1,MIT_500,train,best.pt,,,,,,,
0.35,0.852065926,20,0,0,1,1,1,MIT_500,train,best.pt,,,,,,,
0.4,0.852065926,20,0,0,1,1,1,MIT_500,train,best.pt,,,,,,,
0.45,0.852065926,20,0,0,1,1,1,MIT_500,train,best.pt,,,,,,,
0.5,0.852065926,20,0,0,1,1,1,MIT_500,train,best.pt,,,,,,,
0.2,0.867493608,20,0,0,1,1,1,MIT_502,train,best.pt,,,,,,,
0.25,0.867493608,20,0,0,1,1,1,MIT_502,train,best.pt,,,,,,,
0.3,0.867493608,20,0,0,1,1,1,MIT_502,train,best.pt,,,,,,,
0.35,0.867493608,20,0,0,1,1,1,MIT_502,train,best.pt,,,,,,,
0.4,0.867493608,20,0,0,1,1,1,MIT_502,train,best.pt,,,,,,,
0.45,0.867493608,20,0,0,1,1,1,MIT_502,train,best.pt,,,,,,,
0.5,0.867493608,20,0,0,1,1,1,MIT_502,train,best.pt,,,,,,,
0.2,0.864577702,21,0,0,1,1,1,MIT_503,train,best.pt,,,,,,,
0.25,0.864577702,21,0,0,1,1,1,MIT_503,train,best.pt,,,,,,,
0.3,0.864577702,21,0,0,1,1,1,MIT_503,train,best.pt,,,,,,,
0.35,0.864577702,21,0,0,1,1,1,MIT_503,train,best.pt,,,,,,,
0.4,0.864577702,21,0,0,1,1,1,MIT_503,train,best.pt,,,,,,,
0.45,0.864577702,21,0,0,1,1,1,MIT_503,train,best.pt,,,,,,,
0.5,0.864577702,21,0,0,1,1,1,MIT_503,train,best.pt,,,,,,,
0.2,0.833797605,20,0,0,1,1,1,MIT_504,train,best.pt,,,,,,,
0.25,0.833797605,20,0,0,1,1,1,MIT_504,train,best.pt,,,,,,,
0.3,0.833797605,20,0,0,1,1,1,MIT_504,train,best.pt,,,,,,,
0.35,0.833797605,20,0,0,1,1,1,MIT_504,train,best.pt,,,,,,,
0.4,0.833797605,20,0,0,1,1,1,MIT_504,train,best.pt,,,,,,,
0.45,0.833797605,20,0,0,1,1,1,MIT_504,train,best.pt,,,,,,,
0.5,0.833797605,20,0,0,1,1,1,MIT_504,train,best.pt,,,,,,,
0.2,0.762237691,20,0,0,1,1,1,MIT_505,train,best.pt,,,,,,,
0.25,0.762237691,20,0,0,1,1,1,MIT_505,train,best.pt,,,,,,,
0.3,0.762237691,20,0,0,1,1,1,MIT_505,train,best.pt,,,,,,,
0.35,0.762237691,20,0,0,1,1,1,MIT_505,train,best.pt,,,,,,,
0.4,0.762237691,20,0,0,1,1,1,MIT_505,train,best.pt,,,,,,,
0.45,0.762237691,20,0,0,1,1,1,MIT_505,train,best.pt,,,,,,,
0.5,0.762237691,20,0,0,1,1,1,MIT_505,train,best.pt,,,,,,,
0.2,0.861734232,20,0,0,1,1,1,MIT_506,train,best.pt,,,,,,,
0.25,0.861734232,20,0,0,1,1,1,MIT_506,train,best.pt,,,,,,,
0.3,0.861734232,20,0,0,1,1,1,MIT_506,train,best.pt,,,,,,,
0.35,0.861734232,20,0,0,1,1,1,MIT_506,train,best.pt,,,,,,,
0.4,0.861734232,20,0,0,1,1,1,MIT_506,train,best.pt,,,,,,,
0.45,0.861734232,20,0,0,1,1,1,MIT_506,train,best.pt,,,,,,,
0.5,0.861734232,20,0,0,1,1,1,MIT_506,train,best.pt,,,,,,,
0.2,0.783814878,20,0,0,1,1,1,MIT_508,train,best.pt,,,,,,,
0.25,0.783814878,20,0,0,1,1,1,MIT_508,train,best.pt,,,,,,,
0.3,0.783814878,20,0,0,1,1,1,MIT_508,train,best.pt,,,,,,,
0.35,0.783814878,20,0,0,1,1,1,MIT_508,train,best.pt,,,,,,,
0.4,0.783814878,20,0,0,1,1,1,MIT_508,train,best.pt,,,,,,,
0.45,0.783814878,20,0,0,1,1,1,MIT_508,train,best.pt,,,,,,,
0.5,0.783814878,20,0,0,1,1,1,MIT_508,train,best.pt,,,,,,,
0.2,0.779607159,20,0,0,1,1,1,MIT_51,train,best.pt,,,,,,,
0.25,0.779607159,20,0,0,1,1,1,MIT_51,train,best.pt,,,,,,,
0.3,0.779607159,20,0,0,1,1,1,MIT_51,train,best.pt,,,,,,,
0.35,0.779607159,20,0,0,1,1,1,MIT_51,train,best.pt,,,,,,,
0.4,0.779607159,20,0,0,1,1,1,MIT_51,train,best.pt,,,,,,,
0.45,0.779607159,20,0,0,1,1,1,MIT_51,train,best.pt,,,,,,,
0.5,0.779607159,20,0,0,1,1,1,MIT_51,train,best.pt,,,,,,,
0.2,0.851033674,20,0,0,1,1,1,MIT_510,train,best.pt,,,,,,,
0.25,0.851033674,20,0,0,1,1,1,MIT_510,train,best.pt,,,,,,,
0.3,0.851033674,20,0,0,1,1,1,MIT_510,train,best.pt,,,,,,,
0.35,0.851033674,20,0,0,1,1,1,MIT_510,train,best.pt,,,,,,,
0.4,0.851033674,20,0,0,1,1,1,MIT_510,train,best.pt,,,,,,,
0.45,0.851033674,20,0,0,1,1,1,MIT_510,train,best.pt,,,,,,,
0.5,0.851033674,20,0,0,1,1,1,MIT_510,train,best.pt,,,,,,,
0.2,0.821375151,20,0,0,1,1,1,MIT_512,train,best.pt,,,,,,,
0.25,0.821375151,20,0,0,1,1,1,MIT_512,train,best.pt,,,,,,,
0.3,0.821375151,20,0,0,1,1,1,MIT_512,train,best.pt,,,,,,,
0.35,0.821375151,20,0,0,1,1,1,MIT_512,train,best.pt,,,,,,,
0.4,0.821375151,20,0,0,1,1,1,MIT_512,train,best.pt,,,,,,,
0.45,0.821375151,20,0,0,1,1,1,MIT_512,train,best.pt,,,,,,,
0.5,0.821375151,20,0,0,1,1,1,MIT_512,train,best.pt,,,,,,,
0.2,0.887246034,20,0,0,1,1,1,MIT_513,train,best.pt,,,,,,,
0.25,0.887246034,20,0,0,1,1,1,MIT_513,train,best.pt,,,,,,,
0.3,0.887246034,20,0,0,1,1,1,MIT_513,train,best.pt,,,,,,,
0.35,0.887246034,20,0,0,1,1,1,MIT_513,train,best.pt,,,,,,,
0.4,0.887246034,20,0,0,1,1,1,MIT_513,train,best.pt,,,,,,,
0.45,0.887246034,20,0,0,1,1,1,MIT_513,train,best.pt,,,,,,,
0.5,0.887246034,20,0,0,1,1,1,MIT_513,train,best.pt,,,,,,,
0.2,0.806411438,20,0,0,1,1,1,MIT_514,train,best.pt,,,,,,,
0.25,0.806411438,20,0,0,1,1,1,MIT_514,train,best.pt,,,,,,,
0.3,0.806411438,20,0,0,1,1,1,MIT_514,train,best.pt,,,,,,,
0.35,0.806411438,20,0,0,1,1,1,MIT_514,train,best.pt,,,,,,,
0.4,0.806411438,20,0,0,1,1,1,MIT_514,train,best.pt,,,,,,,
0.45,0.806411438,20,0,0,1,1,1,MIT_514,train,best.pt,,,,,,,
0.5,0.806411438,20,0,0,1,1,1,MIT_514,train,best.pt,,,,,,,
0.2,0.831042881,20,0,0,1,1,1,MIT_516,train,best.pt,,,,,,,
0.25,0.831042881,20,0,0,1,1,1,MIT_516,train,best.pt,,,,,,,
0.3,0.831042881,20,0,0,1,1,1,MIT_516,train,best.pt,,,,,,,
0.35,0.831042881,20,0,0,1,1,1,MIT_516,train,best.pt,,,,,,,
0.4,0.831042881,20,0,0,1,1,1,MIT_516,train,best.pt,,,,,,,
0.45,0.831042881,20,0,0,1,1,1,MIT_516,train,best.pt,,,,,,,
0.5,0.831042881,20,0,0,1,1,1,MIT_516,train,best.pt,,,,,,,
0.2,0.872101926,20,0,0,1,1,1,MIT_517,train,best.pt,,,,,,,
0.25,0.872101926,20,0,0,1,1,1,MIT_517,train,best.pt,,,,,,,
0.3,0.872101926,20,0,0,1,1,1,MIT_517,train,best.pt,,,,,,,
0.35,0.872101926,20,0,0,1,1,1,MIT_517,train,best.pt,,,,,,,
0.4,0.872101926,20,0,0,1,1,1,MIT_517,train,best.pt,,,,,,,
0.45,0.872101926,20,0,0,1,1,1,MIT_517,train,best.pt,,,,,,,
0.5,0.872101926,20,0,0,1,1,1,MIT_517,train,best.pt,,,,,,,
0.2,0.831077266,20,0,0,1,1,1,MIT_518,train,best.pt,,,,,,,
0.25,0.831077266,20,0,0,1,1,1,MIT_518,train,best.pt,,,,,,,
0.3,0.831077266,20,0,0,1,1,1,MIT_518,train,best.pt,,,,,,,
0.35,0.831077266,20,0,0,1,1,1,MIT_518,train,best.pt,,,,,,,
0.4,0.831077266,20,0,0,1,1,1,MIT_518,train,best.pt,,,,,,,
0.45,0.831077266,20,0,0,1,1,1,MIT_518,train,best.pt,,,,,,,
0.5,0.831077266,20,0,0,1,1,1,MIT_518,train,best.pt,,,,,,,
0.2,0.833239414,21,0,0,1,1,1,MIT_519,train,best.pt,,,,,,,
0.25,0.833239414,21,0,0,1,1,1,MIT_519,train,best.pt,,,,,,,
0.3,0.833239414,21,0,0,1,1,1,MIT_519,train,best.pt,,,,,,,
0.35,0.833239414,21,0,0,1,1,1,MIT_519,train,best.pt,,,,,,,
0.4,0.833239414,21,0,0,1,1,1,MIT_519,train,best.pt,,,,,,,
0.45,0.833239414,21,0,0,1,1,1,MIT_519,train,best.pt,,,,,,,
0.5,0.833239414,21,0,0,1,1,1,MIT_519,train,best.pt,,,,,,,
0.2,0.834175512,20,0,0,1,1,1,MIT_520,train,best.pt,,,,,,,
0.25,0.834175512,20,0,0,1,1,1,MIT_520,train,best.pt,,,,,,,
0.3,0.834175512,20,0,0,1,1,1,MIT_520,train,best.pt,,,,,,,
0.35,0.834175512,20,0,0,1,1,1,MIT_520,train,best.pt,,,,,,,
0.4,0.834175512,20,0,0,1,1,1,MIT_520,train,best.pt,,,,,,,
0.45,0.834175512,20,0,0,1,1,1,MIT_520,train,best.pt,,,,,,,
0.5,0.834175512,20,0,0,1,1,1,MIT_520,train,best.pt,,,,,,,
0.2,0.852256565,19,0,0,1,1,1,MIT_521,train,best.pt,,,,,,,
0.25,0.852256565,19,0,0,1,1,1,MIT_521,train,best.pt,,,,,,,
0.3,0.852256565,19,0,0,1,1,1,MIT_521,train,best.pt,,,,,,,
0.35,0.852256565,19,0,0,1,1,1,MIT_521,train,best.pt,,,,,,,
0.4,0.852256565,19,0,0,1,1,1,MIT_521,train,best.pt,,,,,,,
0.45,0.852256565,19,0,0,1,1,1,MIT_521,train,best.pt,,,,,,,
0.5,0.852256565,19,0,0,1,1,1,MIT_521,train,best.pt,,,,,,,
0.2,0.858646204,20,0,0,1,1,1,MIT_525,train,best.pt,,,,,,,
0.25,0.858646204,20,0,0,1,1,1,MIT_525,train,best.pt,,,,,,,
0.3,0.858646204,20,0,0,1,1,1,MIT_525,train,best.pt,,,,,,,
0.35,0.858646204,20,0,0,1,1,1,MIT_525,train,best.pt,,,,,,,
0.4,0.858646204,20,0,0,1,1,1,MIT_525,train,best.pt,,,,,,,
0.45,0.858646204,20,0,0,1,1,1,MIT_525,train,best.pt,,,,,,,
0.5,0.858646204,20,0,0,1,1,1,MIT_525,train,best.pt,,,,,,,
0.2,0.863811118,20,0,0,1,1,1,MIT_528,train,best.pt,,,,,,,
0.25,0.863811118,20,0,0,1,1,1,MIT_528,train,best.pt,,,,,,,
0.3,0.863811118,20,0,0,1,1,1,MIT_528,train,best.pt,,,,,,,
0.35,0.863811118,20,0,0,1,1,1,MIT_528,train,best.pt,,,,,,,
0.4,0.863811118,20,0,0,1,1,1,MIT_528,train,best.pt,,,,,,,
0.45,0.863811118,20,0,0,1,1,1,MIT_528,train,best.pt,,,,,,,
0.5,0.863811118,20,0,0,1,1,1,MIT_528,train,best.pt,,,,,,,
0.2,0.831969692,20,0,0,1,1,1,MIT_531,train,best.pt,,,,,,,
0.25,0.831969692,20,0,0,1,1,1,MIT_531,train,best.pt,,,,,,,
0.3,0.831969692,20,0,0,1,1,1,MIT_531,train,best.pt,,,,,,,
0.35,0.831969692,20,0,0,1,1,1,MIT_531,train,best.pt,,,,,,,
0.4,0.831969692,20,0,0,1,1,1,MIT_531,train,best.pt,,,,,,,
0.45,0.831969692,20,0,0,1,1,1,MIT_531,train,best.pt,,,,,,,
0.5,0.831969692,20,0,0,1,1,1,MIT_531,train,best.pt,,,,,,,
0.2,0.83177592,20,0,0,1,1,1,MIT_533,train,best.pt,,,,,,,
0.25,0.83177592,20,0,0,1,1,1,MIT_533,train,best.pt,,,,,,,
0.3,0.83177592,20,0,0,1,1,1,MIT_533,train,best.pt,,,,,,,
0.35,0.83177592,20,0,0,1,1,1,MIT_533,train,best.pt,,,,,,,
0.4,0.83177592,20,0,0,1,1,1,MIT_533,train,best.pt,,,,,,,
0.45,0.83177592,20,0,0,1,1,1,MIT_533,train,best.pt,,,,,,,
0.5,0.83177592,20,0,0,1,1,1,MIT_533,train,best.pt,,,,,,,
0.2,0.812770369,20,0,0,1,1,1,MIT_534,train,best.pt,,,,,,,
0.25,0.812770369,20,0,0,1,1,1,MIT_534,train,best.pt,,,,,,,
0.3,0.812770369,20,0,0,1,1,1,MIT_534,train,best.pt,,,,,,,
0.35,0.812770369,20,0,0,1,1,1,MIT_534,train,best.pt,,,,,,,
0.4,0.812770369,20,0,0,1,1,1,MIT_534,train,best.pt,,,,,,,
0.45,0.812770369,20,0,0,1,1,1,MIT_534,train,best.pt,,,,,,,
0.5,0.812770369,20,0,0,1,1,1,MIT_534,train,best.pt,,,,,,,
0.2,0.839077416,21,0,0,1,1,1,MIT_535,train,best.pt,,,,,,,
0.25,0.839077416,21,0,0,1,1,1,MIT_535,train,best.pt,,,,,,,
0.3,0.839077416,21,0,0,1,1,1,MIT_535,train,best.pt,,,,,,,
0.35,0.839077416,21,0,0,1,1,1,MIT_535,train,best.pt,,,,,,,
0.4,0.839077416,21,0,0,1,1,1,MIT_535,train,best.pt,,,,,,,
0.45,0.839077416,21,0,0,1,1,1,MIT_535,train,best.pt,,,,,,,
0.5,0.839077416,21,0,0,1,1,1,MIT_535,train,best.pt,,,,,,,
0.2,0.866215995,20,0,0,1,1,1,MIT_537,train,best.pt,,,,,,,
0.25,0.866215995,20,0,0,1,1,1,MIT_537,train,best.pt,,,,,,,
0.3,0.866215995,20,0,0,1,1,1,MIT_537,train,best.pt,,,,,,,
0.35,0.866215995,20,0,0,1,1,1,MIT_537,train,best.pt,,,,,,,
0.4,0.866215995,20,0,0,1,1,1,MIT_537,train,best.pt,,,,,,,
0.45,0.866215995,20,0,0,1,1,1,MIT_537,train,best.pt,,,,,,,
0.5,0.866215995,20,0,0,1,1,1,MIT_537,train,best.pt,,,,,,,
0.2,0.824553485,20,0,0,1,1,1,MIT_538,train,best.pt,,,,,,,
0.25,0.824553485,20,0,0,1,1,1,MIT_538,train,best.pt,,,,,,,
0.3,0.824553485,20,0,0,1,1,1,MIT_538,train,best.pt,,,,,,,
0.35,0.824553485,20,0,0,1,1,1,MIT_538,train,best.pt,,,,,,,
0.4,0.824553485,20,0,0,1,1,1,MIT_538,train,best.pt,,,,,,,
0.45,0.824553485,20,0,0,1,1,1,MIT_538,train,best.pt,,,,,,,
0.5,0.824553485,20,0,0,1,1,1,MIT_538,train,best.pt,,,,,,,
0.2,0.843993102,21,0,0,1,1,1,MIT_539,train,best.pt,,,,,,,
0.25,0.843993102,21,0,0,1,1,1,MIT_539,train,best.pt,,,,,,,
0.3,0.843993102,21,0,0,1,1,1,MIT_539,train,best.pt,,,,,,,
0.35,0.843993102,21,0,0,1,1,1,MIT_539,train,best.pt,,,,,,,
0.4,0.843993102,21,0,0,1,1,1,MIT_539,train,best.pt,,,,,,,
0.45,0.843993102,21,0,0,1,1,1,MIT_539,train,best.pt,,,,,,,
0.5,0.843993102,21,0,0,1,1,1,MIT_539,train,best.pt,,,,,,,
0.2,0.829225324,20,0,0,1,1,1,MIT_54,train,best.pt,,,,,,,
0.25,0.829225324,20,0,0,1,1,1,MIT_54,train,best.pt,,,,,,,
0.3,0.829225324,20,0,0,1,1,1,MIT_54,train,best.pt,,,,,,,
0.35,0.829225324,20,0,0,1,1,1,MIT_54,train,best.pt,,,,,,,
0.4,0.829225324,20,0,0,1,1,1,MIT_54,train,best.pt,,,,,,,
0.45,0.829225324,20,0,0,1,1,1,MIT_54,train,best.pt,,,,,,,
0.5,0.829225324,20,0,0,1,1,1,MIT_54,train,best.pt,,,,,,,
0.2,0.794271342,20,0,0,1,1,1,MIT_540,train,best.pt,,,,,,,
0.25,0.794271342,20,0,0,1,1,1,MIT_540,train,best.pt,,,,,,,
0.3,0.794271342,20,0,0,1,1,1,MIT_540,train,best.pt,,,,,,,
0.35,0.794271342,20,0,0,1,1,1,MIT_540,train,best.pt,,,,,,,
0.4,0.794271342,20,0,0,1,1,1,MIT_540,train,best.pt,,,,,,,
0.45,0.794271342,20,0,0,1,1,1,MIT_540,train,best.pt,,,,,,,
0.5,0.794271342,20,0,0,1,1,1,MIT_540,train,best.pt,,,,,,,
0.2,0.830188314,20,0,0,1,1,1,MIT_542,train,best.pt,,,,,,,
0.25,0.830188314,20,0,0,1,1,1,MIT_542,train,best.pt,,,,,,,
0.3,0.830188314,20,0,0,1,1,1,MIT_542,train,best.pt,,,,,,,
0.35,0.830188314,20,0,0,1,1,1,MIT_542,train,best.pt,,,,,,,
0.4,0.830188314,20,0,0,1,1,1,MIT_542,train,best.pt,,,,,,,
0.45,0.830188314,20,0,0,1,1,1,MIT_542,train,best.pt,,,,,,,
0.5,0.830188314,20,0,0,1,1,1,MIT_542,train,best.pt,,,,,,,
0.2,0.846519321,21,0,0,1,1,1,MIT_543,train,best.pt,,,,,,,
0.25,0.846519321,21,0,0,1,1,1,MIT_543,train,best.pt,,,,,,,
0.3,0.846519321,21,0,0,1,1,1,MIT_543,train,best.pt,,,,,,,
0.35,0.846519321,21,0,0,1,1,1,MIT_543,train,best.pt,,,,,,,
0.4,0.846519321,21,0,0,1,1,1,MIT_543,train,best.pt,,,,,,,
0.45,0.846519321,21,0,0,1,1,1,MIT_543,train,best.pt,,,,,,,
0.5,0.846519321,21,0,0,1,1,1,MIT_543,train,best.pt,,,,,,,
0.2,0.821951653,20,0,0,1,1,1,MIT_544,train,best.pt,,,,,,,
0.25,0.821951653,20,0,0,1,1,1,MIT_544,train,best.pt,,,,,,,
0.3,0.821951653,20,0,0,1,1,1,MIT_544,train,best.pt,,,,,,,
0.35,0.821951653,20,0,0,1,1,1,MIT_544,train,best.pt,,,,,,,
0.4,0.821951653,20,0,0,1,1,1,MIT_544,train,best.pt,,,,,,,
0.45,0.821951653,20,0,0,1,1,1,MIT_544,train,best.pt,,,,,,,
0.5,0.821951653,20,0,0,1,1,1,MIT_544,train,best.pt,,,,,,,
0.2,0.83997849,20,0,0,1,1,1,MIT_548,train,best.pt,,,,,,,
0.25,0.83997849,20,0,0,1,1,1,MIT_548,train,best.pt,,,,,,,
0.3,0.83997849,20,0,0,1,1,1,MIT_548,train,best.pt,,,,,,,
0.35,0.83997849,20,0,0,1,1,1,MIT_548,train,best.pt,,,,,,,
0.4,0.83997849,20,0,0,1,1,1,MIT_548,train,best.pt,,,,,,,
0.45,0.83997849,20,0,0,1,1,1,MIT_548,train,best.pt,,,,,,,
0.5,0.83997849,20,0,0,1,1,1,MIT_548,train,best.pt,,,,,,,
0.2,0.844676991,20,0,0,1,1,1,MIT_549,train,best.pt,,,,,,,
0.25,0.844676991,20,0,0,1,1,1,MIT_549,train,best.pt,,,,,,,
0.3,0.844676991,20,0,0,1,1,1,MIT_549,train,best.pt,,,,,,,
0.35,0.844676991,20,0,0,1,1,1,MIT_549,train,best.pt,,,,,,,
0.4,0.844676991,20,0,0,1,1,1,MIT_549,train,best.pt,,,,,,,
0.45,0.844676991,20,0,0,1,1,1,MIT_549,train,best.pt,,,,,,,
0.5,0.844676991,20,0,0,1,1,1,MIT_549,train,best.pt,,,,,,,
0.2,0.795594749,20,0,0,1,1,1,MIT_550,train,best.pt,,,,,,,
0.25,0.795594749,20,0,0,1,1,1,MIT_550,train,best.pt,,,,,,,
0.3,0.795594749,20,0,0,1,1,1,MIT_550,train,best.pt,,,,,,,
0.35,0.795594749,20,0,0,1,1,1,MIT_550,train,best.pt,,,,,,,
0.4,0.795594749,20,0,0,1,1,1,MIT_550,train,best.pt,,,,,,,
0.45,0.795594749,20,0,0,1,1,1,MIT_550,train,best.pt,,,,,,,
0.5,0.795594749,20,0,0,1,1,1,MIT_550,train,best.pt,,,,,,,
0.2,0.840428483,19,0,0,1,1,1,MIT_551,train,best.pt,,,,,,,
0.25,0.840428483,19,0,0,1,1,1,MIT_551,train,best.pt,,,,,,,
0.3,0.840428483,19,0,0,1,1,1,MIT_551,train,best.pt,,,,,,,
0.35,0.840428483,19,0,0,1,1,1,MIT_551,train,best.pt,,,,,,,
0.4,0.840428483,19,0,0,1,1,1,MIT_551,train,best.pt,,,,,,,
0.45,0.840428483,19,0,0,1,1,1,MIT_551,train,best.pt,,,,,,,
0.5,0.840428483,19,0,0,1,1,1,MIT_551,train,best.pt,,,,,,,
0.2,0.740800838,20,0,0,1,1,1,MIT_552,train,best.pt,,,,,,,
0.25,0.740800838,20,0,0,1,1,1,MIT_552,train,best.pt,,,,,,,
0.3,0.740800838,20,0,0,1,1,1,MIT_552,train,best.pt,,,,,,,
0.35,0.740800838,20,0,0,1,1,1,MIT_552,train,best.pt,,,,,,,
0.4,0.740800838,20,0,0,1,1,1,MIT_552,train,best.pt,,,,,,,
0.45,0.740800838,20,0,0,1,1,1,MIT_552,train,best.pt,,,,,,,
0.5,0.740800838,20,0,0,1,1,1,MIT_552,train,best.pt,,,,,,,
0.2,0.796993158,20,0,0,1,1,1,MIT_555,train,best.pt,,,,,,,
0.25,0.796993158,20,0,0,1,1,1,MIT_555,train,best.pt,,,,,,,
0.3,0.796993158,20,0,0,1,1,1,MIT_555,train,best.pt,,,,,,,
0.35,0.796993158,20,0,0,1,1,1,MIT_555,train,best.pt,,,,,,,
0.4,0.796993158,20,0,0,1,1,1,MIT_555,train,best.pt,,,,,,,
0.45,0.796993158,20,0,0,1,1,1,MIT_555,train,best.pt,,,,,,,
0.5,0.796993158,20,0,0,1,1,1,MIT_555,train,best.pt,,,,,,,
0.2,0.795885451,20,0,0,1,1,1,MIT_556,train,best.pt,,,,,,,
0.25,0.795885451,20,0,0,1,1,1,MIT_556,train,best.pt,,,,,,,
0.3,0.795885451,20,0,0,1,1,1,MIT_556,train,best.pt,,,,,,,
0.35,0.795885451,20,0,0,1,1,1,MIT_556,train,best.pt,,,,,,,
0.4,0.795885451,20,0,0,1,1,1,MIT_556,train,best.pt,,,,,,,
0.45,0.795885451,20,0,0,1,1,1,MIT_556,train,best.pt,,,,,,,
0.5,0.795885451,20,0,0,1,1,1,MIT_556,train,best.pt,,,,,,,
0.2,0.870857016,19,0,0,1,1,1,MIT_557,train,best.pt,,,,,,,
0.25,0.870857016,19,0,0,1,1,1,MIT_557,train,best.pt,,,,,,,
0.3,0.870857016,19,0,0,1,1,1,MIT_557,train,best.pt,,,,,,,
0.35,0.870857016,19,0,0,1,1,1,MIT_557,train,best.pt,,,,,,,
0.4,0.870857016,19,0,0,1,1,1,MIT_557,train,best.pt,,,,,,,
0.45,0.870857016,19,0,0,1,1,1,MIT_557,train,best.pt,,,,,,,
0.5,0.870857016,19,0,0,1,1,1,MIT_557,train,best.pt,,,,,,,
0.2,0.863439729,20,0,0,1,1,1,MIT_559,train,best.pt,,,,,,,
0.25,0.863439729,20,0,0,1,1,1,MIT_559,train,best.pt,,,,,,,
0.3,0.863439729,20,0,0,1,1,1,MIT_559,train,best.pt,,,,,,,
0.35,0.863439729,20,0,0,1,1,1,MIT_559,train,best.pt,,,,,,,
0.4,0.863439729,20,0,0,1,1,1,MIT_559,train,best.pt,,,,,,,
0.45,0.863439729,20,0,0,1,1,1,MIT_559,train,best.pt,,,,,,,
0.5,0.863439729,20,0,0,1,1,1,MIT_559,train,best.pt,,,,,,,
0.2,0.858898742,20,0,0,1,1,1,MIT_561,train,best.pt,,,,,,,
0.25,0.858898742,20,0,0,1,1,1,MIT_561,train,best.pt,,,,,,,
0.3,0.858898742,20,0,0,1,1,1,MIT_561,train,best.pt,,,,,,,
0.35,0.858898742,20,0,0,1,1,1,MIT_561,train,best.pt,,,,,,,
0.4,0.858898742,20,0,0,1,1,1,MIT_561,train,best.pt,,,,,,,
0.45,0.858898742,20,0,0,1,1,1,MIT_561,train,best.pt,,,,,,,
0.5,0.858898742,20,0,0,1,1,1,MIT_561,train,best.pt,,,,,,,
0.2,0.811709276,21,0,0,1,1,1,MIT_563,train,best.pt,,,,,,,
0.25,0.811709276,21,0,0,1,1,1,MIT_563,train,best.pt,,,,,,,
0.3,0.811709276,21,0,0,1,1,1,MIT_563,train,best.pt,,,,,,,
0.35,0.811709276,21,0,0,1,1,1,MIT_563,train,best.pt,,,,,,,
0.4,0.811709276,21,0,0,1,1,1,MIT_563,train,best.pt,,,,,,,
0.45,0.811709276,21,0,0,1,1,1,MIT_563,train,best.pt,,,,,,,
0.5,0.811709276,21,0,0,1,1,1,MIT_563,train,best.pt,,,,,,,
0.2,0.828284102,20,0,0,1,1,1,MIT_564,train,best.pt,,,,,,,
0.25,0.828284102,20,0,0,1,1,1,MIT_564,train,best.pt,,,,,,,
0.3,0.828284102,20,0,0,1,1,1,MIT_564,train,best.pt,,,,,,,
0.35,0.828284102,20,0,0,1,1,1,MIT_564,train,best.pt,,,,,,,
0.4,0.828284102,20,0,0,1,1,1,MIT_564,train,best.pt,,,,,,,
0.45,0.828284102,20,0,0,1,1,1,MIT_564,train,best.pt,,,,,,,
0.5,0.828284102,20,0,0,1,1,1,MIT_564,train,best.pt,,,,,,,
0.2,0.865851705,20,0,0,1,1,1,MIT_566,train,best.pt,,,,,,,
0.25,0.865851705,20,0,0,1,1,1,MIT_566,train,best.pt,,,,,,,
0.3,0.865851705,20,0,0,1,1,1,MIT_566,train,best.pt,,,,,,,
0.35,0.865851705,20,0,0,1,1,1,MIT_566,train,best.pt,,,,,,,
0.4,0.865851705,20,0,0,1,1,1,MIT_566,train,best.pt,,,,,,,
0.45,0.865851705,20,0,0,1,1,1,MIT_566,train,best.pt,,,,,,,
0.5,0.865851705,20,0,0,1,1,1,MIT_566,train,best.pt,,,,,,,
0.2,0.843950829,21,0,0,1,1,1,MIT_567,train,best.pt,,,,,,,
0.25,0.843950829,21,0,0,1,1,1,MIT_567,train,best.pt,,,,,,,
0.3,0.843950829,21,0,0,1,1,1,MIT_567,train,best.pt,,,,,,,
0.35,0.843950829,21,0,0,1,1,1,MIT_567,train,best.pt,,,,,,,
0.4,0.843950829,21,0,0,1,1,1,MIT_567,train,best.pt,,,,,,,
0.45,0.843950829,21,0,0,1,1,1,MIT_567,train,best.pt,,,,,,,
0.5,0.843950829,21,0,0,1,1,1,MIT_567,train,best.pt,,,,,,,
0.2,0.836739744,20,0,0,1,1,1,MIT_568,train,best.pt,,,,,,,
0.25,0.836739744,20,0,0,1,1,1,MIT_568,train,best.pt,,,,,,,
0.3,0.836739744,20,0,0,1,1,1,MIT_568,train,best.pt,,,,,,,
0.35,0.836739744,20,0,0,1,1,1,MIT_568,train,best.pt,,,,,,,
0.4,0.836739744,20,0,0,1,1,1,MIT_568,train,best.pt,,,,,,,
0.45,0.836739744,20,0,0,1,1,1,MIT_568,train,best.pt,,,,,,,
0.5,0.836739744,20,0,0,1,1,1,MIT_568,train,best.pt,,,,,,,
0.2,0.824358355,20,0,0,1,1,1,MIT_569,train,best.pt,,,,,,,
0.25,0.824358355,20,0,0,1,1,1,MIT_569,train,best.pt,,,,,,,
0.3,0.824358355,20,0,0,1,1,1,MIT_569,train,best.pt,,,,,,,
0.35,0.824358355,20,0,0,1,1,1,MIT_569,train,best.pt,,,,,,,
0.4,0.824358355,20,0,0,1,1,1,MIT_569,train,best.pt,,,,,,,
0.45,0.824358355,20,0,0,1,1,1,MIT_569,train,best.pt,,,,,,,
0.5,0.824358355,20,0,0,1,1,1,MIT_569,train,best.pt,,,,,,,
0.2,0.836494056,20,0,0,1,1,1,MIT_57,train,best.pt,,,,,,,
0.25,0.836494056,20,0,0,1,1,1,MIT_57,train,best.pt,,,,,,,
0.3,0.836494056,20,0,0,1,1,1,MIT_57,train,best.pt,,,,,,,
0.35,0.836494056,20,0,0,1,1,1,MIT_57,train,best.pt,,,,,,,
0.4,0.836494056,20,0,0,1,1,1,MIT_57,train,best.pt,,,,,,,
0.45,0.836494056,20,0,0,1,1,1,MIT_57,train,best.pt,,,,,,,
0.5,0.836494056,20,0,0,1,1,1,MIT_57,train,best.pt,,,,,,,
0.2,0.844392423,20,0,0,1,1,1,MIT_571,train,best.pt,,,,,,,
0.25,0.844392423,20,0,0,1,1,1,MIT_571,train,best.pt,,,,,,,
0.3,0.844392423,20,0,0,1,1,1,MIT_571,train,best.pt,,,,,,,
0.35,0.844392423,20,0,0,1,1,1,MIT_571,train,best.pt,,,,,,,
0.4,0.844392423,20,0,0,1,1,1,MIT_571,train,best.pt,,,,,,,
0.45,0.844392423,20,0,0,1,1,1,MIT_571,train,best.pt,,,,,,,
0.5,0.844392423,20,0,0,1,1,1,MIT_571,train,best.pt,,,,,,,
0.2,0.866639863,20,0,0,1,1,1,MIT_573,train,best.pt,,,,,,,
0.25,0.866639863,20,0,0,1,1,1,MIT_573,train,best.pt,,,,,,,
0.3,0.866639863,20,0,0,1,1,1,MIT_573,train,best.pt,,,,,,,
0.35,0.866639863,20,0,0,1,1,1,MIT_573,train,best.pt,,,,,,,
0.4,0.866639863,20,0,0,1,1,1,MIT_573,train,best.pt,,,,,,,
0.45,0.866639863,20,0,0,1,1,1,MIT_573,train,best.pt,,,,,,,
0.5,0.866639863,20,0,0,1,1,1,MIT_573,train,best.pt,,,,,,,
0.2,0.862077058,20,0,0,1,1,1,MIT_574,train,best.pt,,,,,,,
0.25,0.862077058,20,0,0,1,1,1,MIT_574,train,best.pt,,,,,,,
0.3,0.862077058,20,0,0,1,1,1,MIT_574,train,best.pt,,,,,,,
0.35,0.862077058,20,0,0,1,1,1,MIT_574,train,best.pt,,,,,,,
0.4,0.862077058,20,0,0,1,1,1,MIT_574,train,best.pt,,,,,,,
0.45,0.862077058,20,0,0,1,1,1,MIT_574,train,best.pt,,,,,,,
0.5,0.862077058,20,0,0,1,1,1,MIT_574,train,best.pt,,,,,,,
0.2,0.840490788,20,0,0,1,1,1,MIT_575,train,best.pt,,,,,,,
0.25,0.840490788,20,0,0,1,1,1,MIT_575,train,best.pt,,,,,,,
0.3,0.840490788,20,0,0,1,1,1,MIT_575,train,best.pt,,,,,,,
0.35,0.840490788,20,0,0,1,1,1,MIT_575,train,best.pt,,,,,,,
0.4,0.840490788,20,0,0,1,1,1,MIT_575,train,best.pt,,,,,,,
0.45,0.840490788,20,0,0,1,1,1,MIT_575,train,best.pt,,,,,,,
0.5,0.840490788,20,0,0,1,1,1,MIT_575,train,best.pt,,,,,,,
0.2,0.830631326,20,0,0,1,1,1,MIT_577,train,best.pt,,,,,,,
0.25,0.830631326,20,0,0,1,1,1,MIT_577,train,best.pt,,,,,,,
0.3,0.830631326,20,0,0,1,1,1,MIT_577,train,best.pt,,,,,,,
0.35,0.830631326,20,0,0,1,1,1,MIT_577,train,best.pt,,,,,,,
0.4,0.830631326,20,0,0,1,1,1,MIT_577,train,best.pt,,,,,,,
0.45,0.830631326,20,0,0,1,1,1,MIT_577,train,best.pt,,,,,,,
0.5,0.830631326,20,0,0,1,1,1,MIT_577,train,best.pt,,,,,,,
0.2,0.809736558,19,0,1,1,0.95,0.97,MIT_578,train,best.pt,,,,,,,
0.25,0.809736558,19,0,1,1,0.95,0.97,MIT_578,train,best.pt,,,,,,,
0.3,0.809736558,19,0,1,1,0.95,0.97,MIT_578,train,best.pt,,,,,,,
0.35,0.809736558,19,0,1,1,0.95,0.97,MIT_578,train,best.pt,,,,,,,
0.4,0.809736558,19,0,1,1,0.95,0.97,MIT_578,train,best.pt,,,,,,,
0.45,0.809736558,19,0,1,1,0.95,0.97,MIT_578,train,best.pt,,,,,,,
0.5,0.809736558,19,0,1,1,0.95,0.97,MIT_578,train,best.pt,,,,,,,
0.2,0.851509834,20,0,0,1,1,1,MIT_579,train,best.pt,,,,,,,
0.25,0.851509834,20,0,0,1,1,1,MIT_579,train,best.pt,,,,,,,
0.3,0.851509834,20,0,0,1,1,1,MIT_579,train,best.pt,,,,,,,
0.35,0.851509834,20,0,0,1,1,1,MIT_579,train,best.pt,,,,,,,
0.4,0.851509834,20,0,0,1,1,1,MIT_579,train,best.pt,,,,,,,
0.45,0.851509834,20,0,0,1,1,1,MIT_579,train,best.pt,,,,,,,
0.5,0.851509834,20,0,0,1,1,1,MIT_579,train,best.pt,,,,,,,
0.2,0.831510356,20,0,0,1,1,1,MIT_58,train,best.pt,,,,,,,
0.25,0.831510356,20,0,0,1,1,1,MIT_58,train,best.pt,,,,,,,
0.3,0.831510356,20,0,0,1,1,1,MIT_58,train,best.pt,,,,,,,
0.35,0.831510356,20,0,0,1,1,1,MIT_58,train,best.pt,,,,,,,
0.4,0.831510356,20,0,0,1,1,1,MIT_58,train,best.pt,,,,,,,
0.45,0.831510356,20,0,0,1,1,1,MIT_58,train,best.pt,,,,,,,
0.5,0.831510356,20,0,0,1,1,1,MIT_58,train,best.pt,,,,,,,
0.2,0.753295786,20,0,0,1,1,1,MIT_580,train,best.pt,,,,,,,
0.25,0.753295786,20,0,0,1,1,1,MIT_580,train,best.pt,,,,,,,
0.3,0.753295786,20,0,0,1,1,1,MIT_580,train,best.pt,,,,,,,
0.35,0.753295786,20,0,0,1,1,1,MIT_580,train,best.pt,,,,,,,
0.4,0.753295786,20,0,0,1,1,1,MIT_580,train,best.pt,,,,,,,
0.45,0.753295786,20,0,0,1,1,1,MIT_580,train,best.pt,,,,,,,
0.5,0.753295786,20,0,0,1,1,1,MIT_580,train,best.pt,,,,,,,
0.2,0.833869225,21,0,0,1,1,1,MIT_581,train,best.pt,,,,,,,
0.25,0.833869225,21,0,0,1,1,1,MIT_581,train,best.pt,,,,,,,
0.3,0.833869225,21,0,0,1,1,1,MIT_581,train,best.pt,,,,,,,
0.35,0.833869225,21,0,0,1,1,1,MIT_581,train,best.pt,,,,,,,
0.4,0.833869225,21,0,0,1,1,1,MIT_581,train,best.pt,,,,,,,
0.45,0.833869225,21,0,0,1,1,1,MIT_581,train,best.pt,,,,,,,
0.5,0.833869225,21,0,0,1,1,1,MIT_581,train,best.pt,,,,,,,
0.2,0.814926385,20,0,0,1,1,1,MIT_582,train,best.pt,,,,,,,
0.25,0.814926385,20,0,0,1,1,1,MIT_582,train,best.pt,,,,,,,
0.3,0.814926385,20,0,0,1,1,1,MIT_582,train,best.pt,,,,,,,
0.35,0.814926385,20,0,0,1,1,1,MIT_582,train,best.pt,,,,,,,
0.4,0.814926385,20,0,0,1,1,1,MIT_582,train,best.pt,,,,,,,
0.45,0.814926385,20,0,0,1,1,1,MIT_582,train,best.pt,,,,,,,
0.5,0.814926385,20,0,0,1,1,1,MIT_582,train,best.pt,,,,,,,
0.2,0.813458213,20,0,0,1,1,1,MIT_583,train,best.pt,,,,,,,
0.25,0.813458213,20,0,0,1,1,1,MIT_583,train,best.pt,,,,,,,
0.3,0.813458213,20,0,0,1,1,1,MIT_583,train,best.pt,,,,,,,
0.35,0.813458213,20,0,0,1,1,1,MIT_583,train,best.pt,,,,,,,
0.4,0.813458213,20,0,0,1,1,1,MIT_583,train,best.pt,,,,,,,
0.45,0.813458213,20,0,0,1,1,1,MIT_583,train,best.pt,,,,,,,
0.5,0.813458213,20,0,0,1,1,1,MIT_583,train,best.pt,,,,,,,
0.2,0.865431624,19,0,0,1,1,1,MIT_584,train,best.pt,,,,,,,
0.25,0.865431624,19,0,0,1,1,1,MIT_584,train,best.pt,,,,,,,
0.3,0.865431624,19,0,0,1,1,1,MIT_584,train,best.pt,,,,,,,
0.35,0.865431624,19,0,0,1,1,1,MIT_584,train,best.pt,,,,,,,
0.4,0.865431624,19,0,0,1,1,1,MIT_584,train,best.pt,,,,,,,
0.45,0.865431624,19,0,0,1,1,1,MIT_584,train,best.pt,,,,,,,
0.5,0.865431624,19,0,0,1,1,1,MIT_584,train,best.pt,,,,,,,
0.2,0.805894454,20,0,0,1,1,1,MIT_585,train,best.pt,,,,,,,
0.25,0.805894454,20,0,0,1,1,1,MIT_585,train,best.pt,,,,,,,
0.3,0.805894454,20,0,0,1,1,1,MIT_585,train,best.pt,,,,,,,
0.35,0.805894454,20,0,0,1,1,1,MIT_585,train,best.pt,,,,,,,
0.4,0.805894454,20,0,0,1,1,1,MIT_585,train,best.pt,,,,,,,
0.45,0.805894454,20,0,0,1,1,1,MIT_585,train,best.pt,,,,,,,
0.5,0.805894454,20,0,0,1,1,1,MIT_585,train,best.pt,,,,,,,
0.2,0.849864485,20,0,0,1,1,1,MIT_586,train,best.pt,,,,,,,
0.25,0.849864485,20,0,0,1,1,1,MIT_586,train,best.pt,,,,,,,
0.3,0.849864485,20,0,0,1,1,1,MIT_586,train,best.pt,,,,,,,
0.35,0.849864485,20,0,0,1,1,1,MIT_586,train,best.pt,,,,,,,
0.4,0.849864485,20,0,0,1,1,1,MIT_586,train,best.pt,,,,,,,
0.45,0.849864485,20,0,0,1,1,1,MIT_586,train,best.pt,,,,,,,
0.5,0.849864485,20,0,0,1,1,1,MIT_586,train,best.pt,,,,,,,
0.2,0.807940835,21,0,0,1,1,1,MIT_589,train,best.pt,,,,,,,
0.25,0.807940835,21,0,0,1,1,1,MIT_589,train,best.pt,,,,,,,
0.3,0.807940835,21,0,0,1,1,1,MIT_589,train,best.pt,,,,,,,
0.35,0.807940835,21,0,0,1,1,1,MIT_589,train,best.pt,,,,,,,
0.4,0.807940835,21,0,0,1,1,1,MIT_589,train,best.pt,,,,,,,
0.45,0.807940835,21,0,0,1,1,1,MIT_589,train,best.pt,,,,,,,
0.5,0.807940835,21,0,0,1,1,1,MIT_589,train,best.pt,,,,,,,
0.2,0.822543682,20,0,0,1,1,1,MIT_591,train,best.pt,,,,,,,
0.25,0.822543682,20,0,0,1,1,1,MIT_591,train,best.pt,,,,,,,
0.3,0.822543682,20,0,0,1,1,1,MIT_591,train,best.pt,,,,,,,
0.35,0.822543682,20,0,0,1,1,1,MIT_591,train,best.pt,,,,,,,
0.4,0.822543682,20,0,0,1,1,1,MIT_591,train,best.pt,,,,,,,
0.45,0.822543682,20,0,0,1,1,1,MIT_591,train,best.pt,,,,,,,
0.5,0.822543682,20,0,0,1,1,1,MIT_591,train,best.pt,,,,,,,
0.2,0.851664793,20,0,0,1,1,1,MIT_592,train,best.pt,,,,,,,
0.25,0.851664793,20,0,0,1,1,1,MIT_592,train,best.pt,,,,,,,
0.3,0.851664793,20,0,0,1,1,1,MIT_592,train,best.pt,,,,,,,
0.35,0.851664793,20,0,0,1,1,1,MIT_592,train,best.pt,,,,,,,
0.4,0.851664793,20,0,0,1,1,1,MIT_592,train,best.pt,,,,,,,
0.45,0.851664793,20,0,0,1,1,1,MIT_592,train,best.pt,,,,,,,
0.5,0.851664793,20,0,0,1,1,1,MIT_592,train,best.pt,,,,,,,
0.2,0.80093852,20,0,0,1,1,1,MIT_593,train,best.pt,,,,,,,
0.25,0.80093852,20,0,0,1,1,1,MIT_593,train,best.pt,,,,,,,
0.3,0.80093852,20,0,0,1,1,1,MIT_593,train,best.pt,,,,,,,
0.35,0.80093852,20,0,0,1,1,1,MIT_593,train,best.pt,,,,,,,
0.4,0.80093852,20,0,0,1,1,1,MIT_593,train,best.pt,,,,,,,
0.45,0.80093852,20,0,0,1,1,1,MIT_593,train,best.pt,,,,,,,
0.5,0.80093852,20,0,0,1,1,1,MIT_593,train,best.pt,,,,,,,
0.2,0.809438035,20,0,0,1,1,1,MIT_594,train,best.pt,,,,,,,
0.25,0.809438035,20,0,0,1,1,1,MIT_594,train,best.pt,,,,,,,
0.3,0.809438035,20,0,0,1,1,1,MIT_594,train,best.pt,,,,,,,
0.35,0.809438035,20,0,0,1,1,1,MIT_594,train,best.pt,,,,,,,
0.4,0.809438035,20,0,0,1,1,1,MIT_594,train,best.pt,,,,,,,
0.45,0.809438035,20,0,0,1,1,1,MIT_594,train,best.pt,,,,,,,
0.5,0.809438035,20,0,0,1,1,1,MIT_594,train,best.pt,,,,,,,
0.2,0.840964619,20,0,0,1,1,1,MIT_595,train,best.pt,,,,,,,
0.25,0.840964619,20,0,0,1,1,1,MIT_595,train,best.pt,,,,,,,
0.3,0.840964619,20,0,0,1,1,1,MIT_595,train,best.pt,,,,,,,
0.35,0.840964619,20,0,0,1,1,1,MIT_595,train,best.pt,,,,,,,
0.4,0.840964619,20,0,0,1,1,1,MIT_595,train,best.pt,,,,,,,
0.45,0.840964619,20,0,0,1,1,1,MIT_595,train,best.pt,,,,,,,
0.5,0.840964619,20,0,0,1,1,1,MIT_595,train,best.pt,,,,,,,
0.2,0.768047526,19,1,0,0.95,1,0.97,MIT_596,train,best.pt,,,,,,,
0.25,0.768047526,19,1,0,0.95,1,0.97,MIT_596,train,best.pt,,,,,,,
0.3,0.768047526,19,1,0,0.95,1,0.97,MIT_596,train,best.pt,,,,,,,
0.35,0.768047526,19,1,0,0.95,1,0.97,MIT_596,train,best.pt,,,,,,,
0.4,0.768047526,19,1,0,0.95,1,0.97,MIT_596,train,best.pt,,,,,,,
0.45,0.768047526,19,1,0,0.95,1,0.97,MIT_596,train,best.pt,,,,,,,
0.5,0.768047526,19,1,0,0.95,1,0.97,MIT_596,train,best.pt,,,,,,,
0.2,0.792254821,20,1,0,0.95,1,0.98,MIT_597,train,best.pt,,,,,,,
0.25,0.792254821,20,1,0,0.95,1,0.98,MIT_597,train,best.pt,,,,,,,
0.3,0.792254821,20,1,0,0.95,1,0.98,MIT_597,train,best.pt,,,,,,,
0.35,0.792254821,20,1,0,0.95,1,0.98,MIT_597,train,best.pt,,,,,,,
0.4,0.792254821,20,1,0,0.95,1,0.98,MIT_597,train,best.pt,,,,,,,
0.45,0.792254821,20,1,0,0.95,1,0.98,MIT_597,train,best.pt,,,,,,,
0.5,0.792254821,20,1,0,0.95,1,0.98,MIT_597,train,best.pt,,,,,,,
0.2,0.843225137,20,0,0,1,1,1,MIT_599,train,best.pt,,,,,,,
0.25,0.843225137,20,0,0,1,1,1,MIT_599,train,best.pt,,,,,,,
0.3,0.843225137,20,0,0,1,1,1,MIT_599,train,best.pt,,,,,,,
0.35,0.843225137,20,0,0,1,1,1,MIT_599,train,best.pt,,,,,,,
0.4,0.843225137,20,0,0,1,1,1,MIT_599,train,best.pt,,,,,,,
0.45,0.843225137,20,0,0,1,1,1,MIT_599,train,best.pt,,,,,,,
0.5,0.843225137,20,0,0,1,1,1,MIT_599,train,best.pt,,,,,,,
0.2,0.861531003,20,0,0,1,1,1,MIT_6,train,best.pt,,,,,,,
0.25,0.861531003,20,0,0,1,1,1,MIT_6,train,best.pt,,,,,,,
0.3,0.861531003,20,0,0,1,1,1,MIT_6,train,best.pt,,,,,,,
0.35,0.861531003,20,0,0,1,1,1,MIT_6,train,best.pt,,,,,,,
0.4,0.861531003,20,0,0,1,1,1,MIT_6,train,best.pt,,,,,,,
0.45,0.861531003,20,0,0,1,1,1,MIT_6,train,best.pt,,,,,,,
0.5,0.861531003,20,0,0,1,1,1,MIT_6,train,best.pt,,,,,,,
0.2,0.857319938,20,0,0,1,1,1,MIT_600,train,best.pt,,,,,,,
0.25,0.857319938,20,0,0,1,1,1,MIT_600,train,best.pt,,,,,,,
0.3,0.857319938,20,0,0,1,1,1,MIT_600,train,best.pt,,,,,,,
0.35,0.857319938,20,0,0,1,1,1,MIT_600,train,best.pt,,,,,,,
0.4,0.857319938,20,0,0,1,1,1,MIT_600,train,best.pt,,,,,,,
0.45,0.857319938,20,0,0,1,1,1,MIT_600,train,best.pt,,,,,,,
0.5,0.857319938,20,0,0,1,1,1,MIT_600,train,best.pt,,,,,,,
0.2,0.844816111,20,0,0,1,1,1,MIT_601,train,best.pt,,,,,,,
0.25,0.844816111,20,0,0,1,1,1,MIT_601,train,best.pt,,,,,,,
0.3,0.844816111,20,0,0,1,1,1,MIT_601,train,best.pt,,,,,,,
0.35,0.844816111,20,0,0,1,1,1,MIT_601,train,best.pt,,,,,,,
0.4,0.844816111,20,0,0,1,1,1,MIT_601,train,best.pt,,,,,,,
0.45,0.844816111,20,0,0,1,1,1,MIT_601,train,best.pt,,,,,,,
0.5,0.844816111,20,0,0,1,1,1,MIT_601,train,best.pt,,,,,,,
0.2,0.818189903,21,0,0,1,1,1,MIT_602,train,best.pt,,,,,,,
0.25,0.818189903,21,0,0,1,1,1,MIT_602,train,best.pt,,,,,,,
0.3,0.818189903,21,0,0,1,1,1,MIT_602,train,best.pt,,,,,,,
0.35,0.818189903,21,0,0,1,1,1,MIT_602,train,best.pt,,,,,,,
0.4,0.818189903,21,0,0,1,1,1,MIT_602,train,best.pt,,,,,,,
0.45,0.818189903,21,0,0,1,1,1,MIT_602,train,best.pt,,,,,,,
0.5,0.818189903,21,0,0,1,1,1,MIT_602,train,best.pt,,,,,,,
0.2,0.845749995,21,0,0,1,1,1,MIT_603,train,best.pt,,,,,,,
0.25,0.845749995,21,0,0,1,1,1,MIT_603,train,best.pt,,,,,,,
0.3,0.845749995,21,0,0,1,1,1,MIT_603,train,best.pt,,,,,,,
0.35,0.845749995,21,0,0,1,1,1,MIT_603,train,best.pt,,,,,,,
0.4,0.845749995,21,0,0,1,1,1,MIT_603,train,best.pt,,,,,,,
0.45,0.845749995,21,0,0,1,1,1,MIT_603,train,best.pt,,,,,,,
0.5,0.845749995,21,0,0,1,1,1,MIT_603,train,best.pt,,,,,,,
0.2,0.818955066,20,0,0,1,1,1,MIT_606,train,best.pt,,,,,,,
0.25,0.818955066,20,0,0,1,1,1,MIT_606,train,best.pt,,,,,,,
0.3,0.818955066,20,0,0,1,1,1,MIT_606,train,best.pt,,,,,,,
0.35,0.818955066,20,0,0,1,1,1,MIT_606,train,best.pt,,,,,,,
0.4,0.818955066,20,0,0,1,1,1,MIT_606,train,best.pt,,,,,,,
0.45,0.818955066,20,0,0,1,1,1,MIT_606,train,best.pt,,,,,,,
0.5,0.818955066,20,0,0,1,1,1,MIT_606,train,best.pt,,,,,,,
0.2,0.84177595,20,0,0,1,1,1,MIT_607,train,best.pt,,,,,,,
0.25,0.84177595,20,0,0,1,1,1,MIT_607,train,best.pt,,,,,,,
0.3,0.84177595,20,0,0,1,1,1,MIT_607,train,best.pt,,,,,,,
0.35,0.84177595,20,0,0,1,1,1,MIT_607,train,best.pt,,,,,,,
0.4,0.84177595,20,0,0,1,1,1,MIT_607,train,best.pt,,,,,,,
0.45,0.84177595,20,0,0,1,1,1,MIT_607,train,best.pt,,,,,,,
0.5,0.84177595,20,0,0,1,1,1,MIT_607,train,best.pt,,,,,,,
0.2,0.833976363,20,0,0,1,1,1,MIT_608,train,best.pt,,,,,,,
0.25,0.833976363,20,0,0,1,1,1,MIT_608,train,best.pt,,,,,,,
0.3,0.833976363,20,0,0,1,1,1,MIT_608,train,best.pt,,,,,,,
0.35,0.833976363,20,0,0,1,1,1,MIT_608,train,best.pt,,,,,,,
0.4,0.833976363,20,0,0,1,1,1,MIT_608,train,best.pt,,,,,,,
0.45,0.833976363,20,0,0,1,1,1,MIT_608,train,best.pt,,,,,,,
0.5,0.833976363,20,0,0,1,1,1,MIT_608,train,best.pt,,,,,,,
0.2,0.845330081,20,0,0,1,1,1,MIT_609,train,best.pt,,,,,,,
0.25,0.845330081,20,0,0,1,1,1,MIT_609,train,best.pt,,,,,,,
0.3,0.845330081,20,0,0,1,1,1,MIT_609,train,best.pt,,,,,,,
0.35,0.845330081,20,0,0,1,1,1,MIT_609,train,best.pt,,,,,,,
0.4,0.845330081,20,0,0,1,1,1,MIT_609,train,best.pt,,,,,,,
0.45,0.845330081,20,0,0,1,1,1,MIT_609,train,best.pt,,,,,,,
0.5,0.845330081,20,0,0,1,1,1,MIT_609,train,best.pt,,,,,,,
0.2,0.840674289,20,0,0,1,1,1,MIT_61,train,best.pt,,,,,,,
0.25,0.840674289,20,0,0,1,1,1,MIT_61,train,best.pt,,,,,,,
0.3,0.840674289,20,0,0,1,1,1,MIT_61,train,best.pt,,,,,,,
0.35,0.840674289,20,0,0,1,1,1,MIT_61,train,best.pt,,,,,,,
0.4,0.840674289,20,0,0,1,1,1,MIT_61,train,best.pt,,,,,,,
0.45,0.840674289,20,0,0,1,1,1,MIT_61,train,best.pt,,,,,,,
0.5,0.840674289,20,0,0,1,1,1,MIT_61,train,best.pt,,,,,,,
0.2,0.81990565,20,0,0,1,1,1,MIT_610,train,best.pt,,,,,,,
0.25,0.81990565,20,0,0,1,1,1,MIT_610,train,best.pt,,,,,,,
0.3,0.81990565,20,0,0,1,1,1,MIT_610,train,best.pt,,,,,,,
0.35,0.81990565,20,0,0,1,1,1,MIT_610,train,best.pt,,,,,,,
0.4,0.81990565,20,0,0,1,1,1,MIT_610,train,best.pt,,,,,,,
0.45,0.81990565,20,0,0,1,1,1,MIT_610,train,best.pt,,,,,,,
0.5,0.81990565,20,0,0,1,1,1,MIT_610,train,best.pt,,,,,,,
0.2,0.839425563,20,0,0,1,1,1,MIT_611,train,best.pt,,,,,,,
0.25,0.839425563,20,0,0,1,1,1,MIT_611,train,best.pt,,,,,,,
0.3,0.839425563,20,0,0,1,1,1,MIT_611,train,best.pt,,,,,,,
0.35,0.839425563,20,0,0,1,1,1,MIT_611,train,best.pt,,,,,,,
0.4,0.839425563,20,0,0,1,1,1,MIT_611,train,best.pt,,,,,,,
0.45,0.839425563,20,0,0,1,1,1,MIT_611,train,best.pt,,,,,,,
0.5,0.839425563,20,0,0,1,1,1,MIT_611,train,best.pt,,,,,,,
0.2,0.842911675,20,0,0,1,1,1,MIT_613,train,best.pt,,,,,,,
0.25,0.842911675,20,0,0,1,1,1,MIT_613,train,best.pt,,,,,,,
0.3,0.842911675,20,0,0,1,1,1,MIT_613,train,best.pt,,,,,,,
0.35,0.842911675,20,0,0,1,1,1,MIT_613,train,best.pt,,,,,,,
0.4,0.842911675,20,0,0,1,1,1,MIT_613,train,best.pt,,,,,,,
0.45,0.842911675,20,0,0,1,1,1,MIT_613,train,best.pt,,,,,,,
0.5,0.842911675,20,0,0,1,1,1,MIT_613,train,best.pt,,,,,,,
0.2,0.846813235,20,0,0,1,1,1,MIT_614,train,best.pt,,,,,,,
0.25,0.846813235,20,0,0,1,1,1,MIT_614,train,best.pt,,,,,,,
0.3,0.846813235,20,0,0,1,1,1,MIT_614,train,best.pt,,,,,,,
0.35,0.846813235,20,0,0,1,1,1,MIT_614,train,best.pt,,,,,,,
0.4,0.846813235,20,0,0,1,1,1,MIT_614,train,best.pt,,,,,,,
0.45,0.846813235,20,0,0,1,1,1,MIT_614,train,best.pt,,,,,,,
0.5,0.846813235,20,0,0,1,1,1,MIT_614,train,best.pt,,,,,,,
0.2,0.814980302,20,0,0,1,1,1,MIT_615,train,best.pt,,,,,,,
0.25,0.814980302,20,0,0,1,1,1,MIT_615,train,best.pt,,,,,,,
0.3,0.814980302,20,0,0,1,1,1,MIT_615,train,best.pt,,,,,,,
0.35,0.814980302,20,0,0,1,1,1,MIT_615,train,best.pt,,,,,,,
0.4,0.814980302,20,0,0,1,1,1,MIT_615,train,best.pt,,,,,,,
0.45,0.814980302,20,0,0,1,1,1,MIT_615,train,best.pt,,,,,,,
0.5,0.814980302,20,0,0,1,1,1,MIT_615,train,best.pt,,,,,,,
0.2,0.747213519,20,0,0,1,1,1,MIT_616,train,best.pt,,,,,,,
0.25,0.747213519,20,0,0,1,1,1,MIT_616,train,best.pt,,,,,,,
0.3,0.747213519,20,0,0,1,1,1,MIT_616,train,best.pt,,,,,,,
0.35,0.747213519,20,0,0,1,1,1,MIT_616,train,best.pt,,,,,,,
0.4,0.747213519,20,0,0,1,1,1,MIT_616,train,best.pt,,,,,,,
0.45,0.747213519,20,0,0,1,1,1,MIT_616,train,best.pt,,,,,,,
0.5,0.747213519,20,0,0,1,1,1,MIT_616,train,best.pt,,,,,,,
0.2,0.832289234,20,0,0,1,1,1,MIT_618,train,best.pt,,,,,,,
0.25,0.832289234,20,0,0,1,1,1,MIT_618,train,best.pt,,,,,,,
0.3,0.832289234,20,0,0,1,1,1,MIT_618,train,best.pt,,,,,,,
0.35,0.832289234,20,0,0,1,1,1,MIT_618,train,best.pt,,,,,,,
0.4,0.832289234,20,0,0,1,1,1,MIT_618,train,best.pt,,,,,,,
0.45,0.832289234,20,0,0,1,1,1,MIT_618,train,best.pt,,,,,,,
0.5,0.832289234,20,0,0,1,1,1,MIT_618,train,best.pt,,,,,,,
0.2,0.811594821,20,0,0,1,1,1,MIT_62,train,best.pt,,,,,,,
0.25,0.811594821,20,0,0,1,1,1,MIT_62,train,best.pt,,,,,,,
0.3,0.811594821,20,0,0,1,1,1,MIT_62,train,best.pt,,,,,,,
0.35,0.811594821,20,0,0,1,1,1,MIT_62,train,best.pt,,,,,,,
0.4,0.811594821,20,0,0,1,1,1,MIT_62,train,best.pt,,,,,,,
0.45,0.811594821,20,0,0,1,1,1,MIT_62,train,best.pt,,,,,,,
0.5,0.811594821,20,0,0,1,1,1,MIT_62,train,best.pt,,,,,,,
0.2,0.765306384,20,0,0,1,1,1,MIT_620,train,best.pt,,,,,,,
0.25,0.765306384,20,0,0,1,1,1,MIT_620,train,best.pt,,,,,,,
0.3,0.765306384,20,0,0,1,1,1,MIT_620,train,best.pt,,,,,,,
0.35,0.728863225,19,1,1,0.95,0.95,0.95,MIT_620,train,best.pt,,,,,,,
0.4,0.728863225,19,1,1,0.95,0.95,0.95,MIT_620,train,best.pt,,,,,,,
0.45,0.728863225,19,1,1,0.95,0.95,0.95,MIT_620,train,best.pt,,,,,,,
0.5,0.728863225,19,1,1,0.95,0.95,0.95,MIT_620,train,best.pt,,,,,,,
0.2,0.826649218,20,0,0,1,1,1,MIT_621,train,best.pt,,,,,,,
0.25,0.826649218,20,0,0,1,1,1,MIT_621,train,best.pt,,,,,,,
0.3,0.826649218,20,0,0,1,1,1,MIT_621,train,best.pt,,,,,,,
0.35,0.826649218,20,0,0,1,1,1,MIT_621,train,best.pt,,,,,,,
0.4,0.826649218,20,0,0,1,1,1,MIT_621,train,best.pt,,,,,,,
0.45,0.826649218,20,0,0,1,1,1,MIT_621,train,best.pt,,,,,,,
0.5,0.826649218,20,0,0,1,1,1,MIT_621,train,best.pt,,,,,,,
0.2,0.832514609,20,0,0,1,1,1,MIT_622,train,best.pt,,,,,,,
0.25,0.832514609,20,0,0,1,1,1,MIT_622,train,best.pt,,,,,,,
0.3,0.832514609,20,0,0,1,1,1,MIT_622,train,best.pt,,,,,,,
0.35,0.832514609,20,0,0,1,1,1,MIT_622,train,best.pt,,,,,,,
0.4,0.832514609,20,0,0,1,1,1,MIT_622,train,best.pt,,,,,,,
0.45,0.832514609,20,0,0,1,1,1,MIT_622,train,best.pt,,,,,,,
0.5,0.832514609,20,0,0,1,1,1,MIT_622,train,best.pt,,,,,,,
0.2,0.842402188,20,0,0,1,1,1,MIT_623,train,best.pt,,,,,,,
0.25,0.842402188,20,0,0,1,1,1,MIT_623,train,best.pt,,,,,,,
0.3,0.842402188,20,0,0,1,1,1,MIT_623,train,best.pt,,,,,,,
0.35,0.842402188,20,0,0,1,1,1,MIT_623,train,best.pt,,,,,,,
0.4,0.842402188,20,0,0,1,1,1,MIT_623,train,best.pt,,,,,,,
0.45,0.842402188,20,0,0,1,1,1,MIT_623,train,best.pt,,,,,,,
0.5,0.842402188,20,0,0,1,1,1,MIT_623,train,best.pt,,,,,,,
0.2,0.811859205,20,1,0,0.95,1,0.98,MIT_624,train,best.pt,,,,,,,
0.25,0.811859205,20,1,0,0.95,1,0.98,MIT_624,train,best.pt,,,,,,,
0.3,0.811859205,20,1,0,0.95,1,0.98,MIT_624,train,best.pt,,,,,,,
0.35,0.811859205,20,1,0,0.95,1,0.98,MIT_624,train,best.pt,,,,,,,
0.4,0.811859205,20,1,0,0.95,1,0.98,MIT_624,train,best.pt,,,,,,,
0.45,0.811859205,20,1,0,0.95,1,0.98,MIT_624,train,best.pt,,,,,,,
0.5,0.811859205,20,1,0,0.95,1,0.98,MIT_624,train,best.pt,,,,,,,
0.2,0.861550356,20,0,0,1,1,1,MIT_625,train,best.pt,,,,,,,
0.25,0.861550356,20,0,0,1,1,1,MIT_625,train,best.pt,,,,,,,
0.3,0.861550356,20,0,0,1,1,1,MIT_625,train,best.pt,,,,,,,
0.35,0.861550356,20,0,0,1,1,1,MIT_625,train,best.pt,,,,,,,
0.4,0.861550356,20,0,0,1,1,1,MIT_625,train,best.pt,,,,,,,
0.45,0.861550356,20,0,0,1,1,1,MIT_625,train,best.pt,,,,,,,
0.5,0.861550356,20,0,0,1,1,1,MIT_625,train,best.pt,,,,,,,
0.2,0.789074053,20,0,0,1,1,1,MIT_626,train,best.pt,,,,,,,
0.25,0.789074053,20,0,0,1,1,1,MIT_626,train,best.pt,,,,,,,
0.3,0.789074053,20,0,0,1,1,1,MIT_626,train,best.pt,,,,,,,
0.35,0.789074053,20,0,0,1,1,1,MIT_626,train,best.pt,,,,,,,
0.4,0.789074053,20,0,0,1,1,1,MIT_626,train,best.pt,,,,,,,
0.45,0.789074053,20,0,0,1,1,1,MIT_626,train,best.pt,,,,,,,
0.5,0.789074053,20,0,0,1,1,1,MIT_626,train,best.pt,,,,,,,
0.2,0.759820138,20,0,0,1,1,1,MIT_627,train,best.pt,,,,,,,
0.25,0.759820138,20,0,0,1,1,1,MIT_627,train,best.pt,,,,,,,
0.3,0.759820138,20,0,0,1,1,1,MIT_627,train,best.pt,,,,,,,
0.35,0.759820138,20,0,0,1,1,1,MIT_627,train,best.pt,,,,,,,
0.4,0.759820138,20,0,0,1,1,1,MIT_627,train,best.pt,,,,,,,
0.45,0.759820138,20,0,0,1,1,1,MIT_627,train,best.pt,,,,,,,
0.5,0.723638229,19,1,1,0.95,0.95,0.95,MIT_627,train,best.pt,,,,,,,
0.2,0.849811615,20,0,0,1,1,1,MIT_628,train,best.pt,,,,,,,
0.25,0.849811615,20,0,0,1,1,1,MIT_628,train,best.pt,,,,,,,
0.3,0.849811615,20,0,0,1,1,1,MIT_628,train,best.pt,,,,,,,
0.35,0.849811615,20,0,0,1,1,1,MIT_628,train,best.pt,,,,,,,
0.4,0.849811615,20,0,0,1,1,1,MIT_628,train,best.pt,,,,,,,
0.45,0.849811615,20,0,0,1,1,1,MIT_628,train,best.pt,,,,,,,
0.5,0.849811615,20,0,0,1,1,1,MIT_628,train,best.pt,,,,,,,
0.2,0.817407024,20,0,0,1,1,1,MIT_629,train,best.pt,,,,,,,
0.25,0.817407024,20,0,0,1,1,1,MIT_629,train,best.pt,,,,,,,
0.3,0.817407024,20,0,0,1,1,1,MIT_629,train,best.pt,,,,,,,
0.35,0.817407024,20,0,0,1,1,1,MIT_629,train,best.pt,,,,,,,
0.4,0.817407024,20,0,0,1,1,1,MIT_629,train,best.pt,,,,,,,
0.45,0.817407024,20,0,0,1,1,1,MIT_629,train,best.pt,,,,,,,
0.5,0.817407024,20,0,0,1,1,1,MIT_629,train,best.pt,,,,,,,
0.2,0.839640623,20,0,0,1,1,1,MIT_63,train,best.pt,,,,,,,
0.25,0.839640623,20,0,0,1,1,1,MIT_63,train,best.pt,,,,,,,
0.3,0.839640623,20,0,0,1,1,1,MIT_63,train,best.pt,,,,,,,
0.35,0.839640623,20,0,0,1,1,1,MIT_63,train,best.pt,,,,,,,
0.4,0.839640623,20,0,0,1,1,1,MIT_63,train,best.pt,,,,,,,
0.45,0.839640623,20,0,0,1,1,1,MIT_63,train,best.pt,,,,,,,
0.5,0.839640623,20,0,0,1,1,1,MIT_63,train,best.pt,,,,,,,
0.2,0.827424279,20,0,0,1,1,1,MIT_630,train,best.pt,,,,,,,
0.25,0.827424279,20,0,0,1,1,1,MIT_630,train,best.pt,,,,,,,
0.3,0.827424279,20,0,0,1,1,1,MIT_630,train,best.pt,,,,,,,
0.35,0.827424279,20,0,0,1,1,1,MIT_630,train,best.pt,,,,,,,
0.4,0.827424279,20,0,0,1,1,1,MIT_630,train,best.pt,,,,,,,
0.45,0.827424279,20,0,0,1,1,1,MIT_630,train,best.pt,,,,,,,
0.5,0.827424279,20,0,0,1,1,1,MIT_630,train,best.pt,,,,,,,
0.2,0.825891143,21,0,0,1,1,1,MIT_631,train,best.pt,,,,,,,
0.25,0.825891143,21,0,0,1,1,1,MIT_631,train,best.pt,,,,,,,
0.3,0.825891143,21,0,0,1,1,1,MIT_631,train,best.pt,,,,,,,
0.35,0.825891143,21,0,0,1,1,1,MIT_631,train,best.pt,,,,,,,
0.4,0.825891143,21,0,0,1,1,1,MIT_631,train,best.pt,,,,,,,
0.45,0.825891143,21,0,0,1,1,1,MIT_631,train,best.pt,,,,,,,
0.5,0.825891143,21,0,0,1,1,1,MIT_631,train,best.pt,,,,,,,
0.2,0.779798014,20,0,0,1,1,1,MIT_633,train,best.pt,,,,,,,
0.25,0.779798014,20,0,0,1,1,1,MIT_633,train,best.pt,,,,,,,
0.3,0.779798014,20,0,0,1,1,1,MIT_633,train,best.pt,,,,,,,
0.35,0.779798014,20,0,0,1,1,1,MIT_633,train,best.pt,,,,,,,
0.4,0.779798014,20,0,0,1,1,1,MIT_633,train,best.pt,,,,,,,
0.45,0.779798014,20,0,0,1,1,1,MIT_633,train,best.pt,,,,,,,
0.5,0.779798014,20,0,0,1,1,1,MIT_633,train,best.pt,,,,,,,
0.2,0.841453352,20,0,0,1,1,1,MIT_634,train,best.pt,,,,,,,
0.25,0.841453352,20,0,0,1,1,1,MIT_634,train,best.pt,,,,,,,
0.3,0.841453352,20,0,0,1,1,1,MIT_634,train,best.pt,,,,,,,
0.35,0.841453352,20,0,0,1,1,1,MIT_634,train,best.pt,,,,,,,
0.4,0.841453352,20,0,0,1,1,1,MIT_634,train,best.pt,,,,,,,
0.45,0.841453352,20,0,0,1,1,1,MIT_634,train,best.pt,,,,,,,
0.5,0.841453352,20,0,0,1,1,1,MIT_634,train,best.pt,,,,,,,
0.2,0.834095315,20,0,0,1,1,1,MIT_635,train,best.pt,,,,,,,
0.25,0.834095315,20,0,0,1,1,1,MIT_635,train,best.pt,,,,,,,
0.3,0.834095315,20,0,0,1,1,1,MIT_635,train,best.pt,,,,,,,
0.35,0.834095315,20,0,0,1,1,1,MIT_635,train,best.pt,,,,,,,
0.4,0.834095315,20,0,0,1,1,1,MIT_635,train,best.pt,,,,,,,
0.45,0.834095315,20,0,0,1,1,1,MIT_635,train,best.pt,,,,,,,
0.5,0.834095315,20,0,0,1,1,1,MIT_635,train,best.pt,,,,,,,
0.2,0.859528093,20,0,0,1,1,1,MIT_636,train,best.pt,,,,,,,
0.25,0.859528093,20,0,0,1,1,1,MIT_636,train,best.pt,,,,,,,
0.3,0.859528093,20,0,0,1,1,1,MIT_636,train,best.pt,,,,,,,
0.35,0.859528093,20,0,0,1,1,1,MIT_636,train,best.pt,,,,,,,
0.4,0.859528093,20,0,0,1,1,1,MIT_636,train,best.pt,,,,,,,
0.45,0.859528093,20,0,0,1,1,1,MIT_636,train,best.pt,,,,,,,
0.5,0.859528093,20,0,0,1,1,1,MIT_636,train,best.pt,,,,,,,
0.2,0.843985613,20,0,0,1,1,1,MIT_638,train,best.pt,,,,,,,
0.25,0.843985613,20,0,0,1,1,1,MIT_638,train,best.pt,,,,,,,
0.3,0.843985613,20,0,0,1,1,1,MIT_638,train,best.pt,,,,,,,
0.35,0.843985613,20,0,0,1,1,1,MIT_638,train,best.pt,,,,,,,
0.4,0.843985613,20,0,0,1,1,1,MIT_638,train,best.pt,,,,,,,
0.45,0.843985613,20,0,0,1,1,1,MIT_638,train,best.pt,,,,,,,
0.5,0.843985613,20,0,0,1,1,1,MIT_638,train,best.pt,,,,,,,
0.2,0.82562513,20,0,0,1,1,1,MIT_639,train,best.pt,,,,,,,
0.25,0.82562513,20,0,0,1,1,1,MIT_639,train,best.pt,,,,,,,
0.3,0.82562513,20,0,0,1,1,1,MIT_639,train,best.pt,,,,,,,
0.35,0.82562513,20,0,0,1,1,1,MIT_639,train,best.pt,,,,,,,
0.4,0.82562513,20,0,0,1,1,1,MIT_639,train,best.pt,,,,,,,
0.45,0.82562513,20,0,0,1,1,1,MIT_639,train,best.pt,,,,,,,
0.5,0.82562513,20,0,0,1,1,1,MIT_639,train,best.pt,,,,,,,
0.2,0.836590552,20,0,0,1,1,1,MIT_64,train,best.pt,,,,,,,
0.25,0.836590552,20,0,0,1,1,1,MIT_64,train,best.pt,,,,,,,
0.3,0.836590552,20,0,0,1,1,1,MIT_64,train,best.pt,,,,,,,
0.35,0.836590552,20,0,0,1,1,1,MIT_64,train,best.pt,,,,,,,
0.4,0.836590552,20,0,0,1,1,1,MIT_64,train,best.pt,,,,,,,
0.45,0.836590552,20,0,0,1,1,1,MIT_64,train,best.pt,,,,,,,
0.5,0.836590552,20,0,0,1,1,1,MIT_64,train,best.pt,,,,,,,
0.2,0.762775647,20,0,0,1,1,1,MIT_640,train,best.pt,,,,,,,
0.25,0.762775647,20,0,0,1,1,1,MIT_640,train,best.pt,,,,,,,
0.3,0.762775647,20,0,0,1,1,1,MIT_640,train,best.pt,,,,,,,
0.35,0.762775647,20,0,0,1,1,1,MIT_640,train,best.pt,,,,,,,
0.4,0.762775647,20,0,0,1,1,1,MIT_640,train,best.pt,,,,,,,
0.45,0.762775647,20,0,0,1,1,1,MIT_640,train,best.pt,,,,,,,
0.5,0.762775647,20,0,0,1,1,1,MIT_640,train,best.pt,,,,,,,
0.2,0.747629529,20,0,0,1,1,1,MIT_641,train,best.pt,,,,,,,
0.25,0.747629529,20,0,0,1,1,1,MIT_641,train,best.pt,,,,,,,
0.3,0.747629529,20,0,0,1,1,1,MIT_641,train,best.pt,,,,,,,
0.35,0.747629529,20,0,0,1,1,1,MIT_641,train,best.pt,,,,,,,
0.4,0.747629529,20,0,0,1,1,1,MIT_641,train,best.pt,,,,,,,
0.45,0.747629529,20,0,0,1,1,1,MIT_641,train,best.pt,,,,,,,
0.5,0.747629529,20,0,0,1,1,1,MIT_641,train,best.pt,,,,,,,
0.2,0.862384189,20,0,0,1,1,1,MIT_644,train,best.pt,,,,,,,
0.25,0.862384189,20,0,0,1,1,1,MIT_644,train,best.pt,,,,,,,
0.3,0.862384189,20,0,0,1,1,1,MIT_644,train,best.pt,,,,,,,
0.35,0.862384189,20,0,0,1,1,1,MIT_644,train,best.pt,,,,,,,
0.4,0.862384189,20,0,0,1,1,1,MIT_644,train,best.pt,,,,,,,
0.45,0.862384189,20,0,0,1,1,1,MIT_644,train,best.pt,,,,,,,
0.5,0.862384189,20,0,0,1,1,1,MIT_644,train,best.pt,,,,,,,
0.2,0.830269872,21,0,0,1,1,1,MIT_645,train,best.pt,,,,,,,
0.25,0.830269872,21,0,0,1,1,1,MIT_645,train,best.pt,,,,,,,
0.3,0.830269872,21,0,0,1,1,1,MIT_645,train,best.pt,,,,,,,
0.35,0.830269872,21,0,0,1,1,1,MIT_645,train,best.pt,,,,,,,
0.4,0.830269872,21,0,0,1,1,1,MIT_645,train,best.pt,,,,,,,
0.45,0.830269872,21,0,0,1,1,1,MIT_645,train,best.pt,,,,,,,
0.5,0.830269872,21,0,0,1,1,1,MIT_645,train,best.pt,,,,,,,
0.2,0.836009035,20,0,0,1,1,1,MIT_646,train,best.pt,,,,,,,
0.25,0.836009035,20,0,0,1,1,1,MIT_646,train,best.pt,,,,,,,
0.3,0.836009035,20,0,0,1,1,1,MIT_646,train,best.pt,,,,,,,
0.35,0.836009035,20,0,0,1,1,1,MIT_646,train,best.pt,,,,,,,
0.4,0.836009035,20,0,0,1,1,1,MIT_646,train,best.pt,,,,,,,
0.45,0.836009035,20,0,0,1,1,1,MIT_646,train,best.pt,,,,,,,
0.5,0.836009035,20,0,0,1,1,1,MIT_646,train,best.pt,,,,,,,
0.2,0.82962257,20,0,0,1,1,1,MIT_649,train,best.pt,,,,,,,
0.25,0.82962257,20,0,0,1,1,1,MIT_649,train,best.pt,,,,,,,
0.3,0.82962257,20,0,0,1,1,1,MIT_649,train,best.pt,,,,,,,
0.35,0.82962257,20,0,0,1,1,1,MIT_649,train,best.pt,,,,,,,
0.4,0.82962257,20,0,0,1,1,1,MIT_649,train,best.pt,,,,,,,
0.45,0.82962257,20,0,0,1,1,1,MIT_649,train,best.pt,,,,,,,
0.5,0.82962257,20,0,0,1,1,1,MIT_649,train,best.pt,,,,,,,
0.2,0.86971617,20,0,0,1,1,1,MIT_65,train,best.pt,,,,,,,
0.25,0.86971617,20,0,0,1,1,1,MIT_65,train,best.pt,,,,,,,
0.3,0.86971617,20,0,0,1,1,1,MIT_65,train,best.pt,,,,,,,
0.35,0.86971617,20,0,0,1,1,1,MIT_65,train,best.pt,,,,,,,
0.4,0.86971617,20,0,0,1,1,1,MIT_65,train,best.pt,,,,,,,
0.45,0.86971617,20,0,0,1,1,1,MIT_65,train,best.pt,,,,,,,
0.5,0.86971617,20,0,0,1,1,1,MIT_65,train,best.pt,,,,,,,
0.2,0.848128791,20,0,0,1,1,1,MIT_650,train,best.pt,,,,,,,
0.25,0.848128791,20,0,0,1,1,1,MIT_650,train,best.pt,,,,,,,
0.3,0.848128791,20,0,0,1,1,1,MIT_650,train,best.pt,,,,,,,
0.35,0.848128791,20,0,0,1,1,1,MIT_650,train,best.pt,,,,,,,
0.4,0.848128791,20,0,0,1,1,1,MIT_650,train,best.pt,,,,,,,
0.45,0.848128791,20,0,0,1,1,1,MIT_650,train,best.pt,,,,,,,
0.5,0.848128791,20,0,0,1,1,1,MIT_650,train,best.pt,,,,,,,
0.2,0.777698244,19,1,0,0.95,1,0.97,MIT_651,train,best.pt,,,,,,,
0.25,0.777698244,19,1,0,0.95,1,0.97,MIT_651,train,best.pt,,,,,,,
0.3,0.777698244,19,1,0,0.95,1,0.97,MIT_651,train,best.pt,,,,,,,
0.35,0.777698244,19,1,0,0.95,1,0.97,MIT_651,train,best.pt,,,,,,,
0.4,0.777698244,19,1,0,0.95,1,0.97,MIT_651,train,best.pt,,,,,,,
0.45,0.777698244,19,1,0,0.95,1,0.97,MIT_651,train,best.pt,,,,,,,
0.5,0.777698244,19,1,0,0.95,1,0.97,MIT_651,train,best.pt,,,,,,,
0.2,0.83493809,20,0,0,1,1,1,MIT_652,train,best.pt,,,,,,,
0.25,0.83493809,20,0,0,1,1,1,MIT_652,train,best.pt,,,,,,,
0.3,0.83493809,20,0,0,1,1,1,MIT_652,train,best.pt,,,,,,,
0.35,0.83493809,20,0,0,1,1,1,MIT_652,train,best.pt,,,,,,,
0.4,0.83493809,20,0,0,1,1,1,MIT_652,train,best.pt,,,,,,,
0.45,0.83493809,20,0,0,1,1,1,MIT_652,train,best.pt,,,,,,,
0.5,0.83493809,20,0,0,1,1,1,MIT_652,train,best.pt,,,,,,,
0.2,0.836042297,20,0,0,1,1,1,MIT_654,train,best.pt,,,,,,,
0.25,0.836042297,20,0,0,1,1,1,MIT_654,train,best.pt,,,,,,,
0.3,0.836042297,20,0,0,1,1,1,MIT_654,train,best.pt,,,,,,,
0.35,0.836042297,20,0,0,1,1,1,MIT_654,train,best.pt,,,,,,,
0.4,0.836042297,20,0,0,1,1,1,MIT_654,train,best.pt,,,,,,,
0.45,0.836042297,20,0,0,1,1,1,MIT_654,train,best.pt,,,,,,,
0.5,0.836042297,20,0,0,1,1,1,MIT_654,train,best.pt,,,,,,,
0.2,0.74026218,20,0,0,1,1,1,MIT_655,train,best.pt,,,,,,,
0.25,0.74026218,20,0,0,1,1,1,MIT_655,train,best.pt,,,,,,,
0.3,0.74026218,20,0,0,1,1,1,MIT_655,train,best.pt,,,,,,,
0.35,0.74026218,20,0,0,1,1,1,MIT_655,train,best.pt,,,,,,,
0.4,0.74026218,20,0,0,1,1,1,MIT_655,train,best.pt,,,,,,,
0.45,0.74026218,20,0,0,1,1,1,MIT_655,train,best.pt,,,,,,,
0.5,0.705011601,19,1,1,0.95,0.95,0.95,MIT_655,train,best.pt,,,,,,,
0.2,0.842909291,21,0,0,1,1,1,MIT_656,train,best.pt,,,,,,,
0.25,0.842909291,21,0,0,1,1,1,MIT_656,train,best.pt,,,,,,,
0.3,0.842909291,21,0,0,1,1,1,MIT_656,train,best.pt,,,,,,,
0.35,0.842909291,21,0,0,1,1,1,MIT_656,train,best.pt,,,,,,,
0.4,0.842909291,21,0,0,1,1,1,MIT_656,train,best.pt,,,,,,,
0.45,0.842909291,21,0,0,1,1,1,MIT_656,train,best.pt,,,,,,,
0.5,0.842909291,21,0,0,1,1,1,MIT_656,train,best.pt,,,,,,,
0.2,0.779569036,20,0,0,1,1,1,MIT_66,train,best.pt,,,,,,,
0.25,0.779569036,20,0,0,1,1,1,MIT_66,train,best.pt,,,,,,,
0.3,0.779569036,20,0,0,1,1,1,MIT_66,train,best.pt,,,,,,,
0.35,0.779569036,20,0,0,1,1,1,MIT_66,train,best.pt,,,,,,,
0.4,0.779569036,20,0,0,1,1,1,MIT_66,train,best.pt,,,,,,,
0.45,0.779569036,20,0,0,1,1,1,MIT_66,train,best.pt,,,,,,,
0.5,0.779569036,20,0,0,1,1,1,MIT_66,train,best.pt,,,,,,,
0.2,0.828315427,20,0,0,1,1,1,MIT_660,train,best.pt,,,,,,,
0.25,0.828315427,20,0,0,1,1,1,MIT_660,train,best.pt,,,,,,,
0.3,0.828315427,20,0,0,1,1,1,MIT_660,train,best.pt,,,,,,,
0.35,0.828315427,20,0,0,1,1,1,MIT_660,train,best.pt,,,,,,,
0.4,0.828315427,20,0,0,1,1,1,MIT_660,train,best.pt,,,,,,,
0.45,0.828315427,20,0,0,1,1,1,MIT_660,train,best.pt,,,,,,,
0.5,0.828315427,20,0,0,1,1,1,MIT_660,train,best.pt,,,,,,,
0.2,0.798492933,19,1,0,0.95,1,0.97,MIT_661,train,best.pt,,,,,,,
0.25,0.798492933,19,1,0,0.95,1,0.97,MIT_661,train,best.pt,,,,,,,
0.3,0.798492933,19,1,0,0.95,1,0.97,MIT_661,train,best.pt,,,,,,,
0.35,0.798492933,19,1,0,0.95,1,0.97,MIT_661,train,best.pt,,,,,,,
0.4,0.798492933,19,1,0,0.95,1,0.97,MIT_661,train,best.pt,,,,,,,
0.45,0.798492933,19,1,0,0.95,1,0.97,MIT_661,train,best.pt,,,,,,,
0.5,0.798492933,19,1,0,0.95,1,0.97,MIT_661,train,best.pt,,,,,,,
0.2,0.78541167,21,0,0,1,1,1,MIT_663,train,best.pt,,,,,,,
0.25,0.78541167,21,0,0,1,1,1,MIT_663,train,best.pt,,,,,,,
0.3,0.78541167,21,0,0,1,1,1,MIT_663,train,best.pt,,,,,,,
0.35,0.78541167,21,0,0,1,1,1,MIT_663,train,best.pt,,,,,,,
0.4,0.78541167,21,0,0,1,1,1,MIT_663,train,best.pt,,,,,,,
0.45,0.78541167,21,0,0,1,1,1,MIT_663,train,best.pt,,,,,,,
0.5,0.78541167,21,0,0,1,1,1,MIT_663,train,best.pt,,,,,,,
0.2,0.838086633,20,0,0,1,1,1,MIT_664,train,best.pt,,,,,,,
0.25,0.838086633,20,0,0,1,1,1,MIT_664,train,best.pt,,,,,,,
0.3,0.838086633,20,0,0,1,1,1,MIT_664,train,best.pt,,,,,,,
0.35,0.838086633,20,0,0,1,1,1,MIT_664,train,best.pt,,,,,,,
0.4,0.838086633,20,0,0,1,1,1,MIT_664,train,best.pt,,,,,,,
0.45,0.838086633,20,0,0,1,1,1,MIT_664,train,best.pt,,,,,,,
0.5,0.838086633,20,0,0,1,1,1,MIT_664,train,best.pt,,,,,,,
0.2,0.76881359,20,0,0,1,1,1,MIT_665,train,best.pt,,,,,,,
0.25,0.76881359,20,0,0,1,1,1,MIT_665,train,best.pt,,,,,,,
0.3,0.76881359,20,0,0,1,1,1,MIT_665,train,best.pt,,,,,,,
0.35,0.76881359,20,0,0,1,1,1,MIT_665,train,best.pt,,,,,,,
0.4,0.76881359,20,0,0,1,1,1,MIT_665,train,best.pt,,,,,,,
0.45,0.76881359,20,0,0,1,1,1,MIT_665,train,best.pt,,,,,,,
0.5,0.76881359,20,0,0,1,1,1,MIT_665,train,best.pt,,,,,,,
0.2,0.828209655,18,0,0,1,1,1,MIT_666,train,best.pt,,,,,,,
0.25,0.828209655,18,0,0,1,1,1,MIT_666,train,best.pt,,,,,,,
0.3,0.828209655,18,0,0,1,1,1,MIT_666,train,best.pt,,,,,,,
0.35,0.828209655,18,0,0,1,1,1,MIT_666,train,best.pt,,,,,,,
0.4,0.828209655,18,0,0,1,1,1,MIT_666,train,best.pt,,,,,,,
0.45,0.828209655,18,0,0,1,1,1,MIT_666,train,best.pt,,,,,,,
0.5,0.828209655,18,0,0,1,1,1,MIT_666,train,best.pt,,,,,,,
0.2,0.821661582,21,0,0,1,1,1,MIT_667,train,best.pt,,,,,,,
0.25,0.821661582,21,0,0,1,1,1,MIT_667,train,best.pt,,,,,,,
0.3,0.821661582,21,0,0,1,1,1,MIT_667,train,best.pt,,,,,,,
0.35,0.821661582,21,0,0,1,1,1,MIT_667,train,best.pt,,,,,,,
0.4,0.821661582,21,0,0,1,1,1,MIT_667,train,best.pt,,,,,,,
0.45,0.821661582,21,0,0,1,1,1,MIT_667,train,best.pt,,,,,,,
0.5,0.821661582,21,0,0,1,1,1,MIT_667,train,best.pt,,,,,,,
0.2,0.828205363,20,0,0,1,1,1,MIT_669,train,best.pt,,,,,,,
0.25,0.828205363,20,0,0,1,1,1,MIT_669,train,best.pt,,,,,,,
0.3,0.828205363,20,0,0,1,1,1,MIT_669,train,best.pt,,,,,,,
0.35,0.828205363,20,0,0,1,1,1,MIT_669,train,best.pt,,,,,,,
0.4,0.828205363,20,0,0,1,1,1,MIT_669,train,best.pt,,,,,,,
0.45,0.828205363,20,0,0,1,1,1,MIT_669,train,best.pt,,,,,,,
0.5,0.828205363,20,0,0,1,1,1,MIT_669,train,best.pt,,,,,,,
0.2,0.841472887,20,0,0,1,1,1,MIT_67,train,best.pt,,,,,,,
0.25,0.841472887,20,0,0,1,1,1,MIT_67,train,best.pt,,,,,,,
0.3,0.841472887,20,0,0,1,1,1,MIT_67,train,best.pt,,,,,,,
0.35,0.841472887,20,0,0,1,1,1,MIT_67,train,best.pt,,,,,,,
0.4,0.841472887,20,0,0,1,1,1,MIT_67,train,best.pt,,,,,,,
0.45,0.841472887,20,0,0,1,1,1,MIT_67,train,best.pt,,,,,,,
0.5,0.841472887,20,0,0,1,1,1,MIT_67,train,best.pt,,,,,,,
0.2,0.82133156,20,0,0,1,1,1,MIT_670,train,best.pt,,,,,,,
0.25,0.82133156,20,0,0,1,1,1,MIT_670,train,best.pt,,,,,,,
0.3,0.82133156,20,0,0,1,1,1,MIT_670,train,best.pt,,,,,,,
0.35,0.82133156,20,0,0,1,1,1,MIT_670,train,best.pt,,,,,,,
0.4,0.82133156,20,0,0,1,1,1,MIT_670,train,best.pt,,,,,,,
0.45,0.82133156,20,0,0,1,1,1,MIT_670,train,best.pt,,,,,,,
0.5,0.82133156,20,0,0,1,1,1,MIT_670,train,best.pt,,,,,,,
0.2,0.825021899,20,0,0,1,1,1,MIT_671,train,best.pt,,,,,,,
0.25,0.825021899,20,0,0,1,1,1,MIT_671,train,best.pt,,,,,,,
0.3,0.825021899,20,0,0,1,1,1,MIT_671,train,best.pt,,,,,,,
0.35,0.825021899,20,0,0,1,1,1,MIT_671,train,best.pt,,,,,,,
0.4,0.825021899,20,0,0,1,1,1,MIT_671,train,best.pt,,,,,,,
0.45,0.825021899,20,0,0,1,1,1,MIT_671,train,best.pt,,,,,,,
0.5,0.825021899,20,0,0,1,1,1,MIT_671,train,best.pt,,,,,,,
0.2,0.822310646,18,0,0,1,1,1,MIT_672,train,best.pt,,,,,,,
0.25,0.822310646,18,0,0,1,1,1,MIT_672,train,best.pt,,,,,,,
0.3,0.822310646,18,0,0,1,1,1,MIT_672,train,best.pt,,,,,,,
0.35,0.822310646,18,0,0,1,1,1,MIT_672,train,best.pt,,,,,,,
0.4,0.822310646,18,0,0,1,1,1,MIT_672,train,best.pt,,,,,,,
0.45,0.822310646,18,0,0,1,1,1,MIT_672,train,best.pt,,,,,,,
0.5,0.822310646,18,0,0,1,1,1,MIT_672,train,best.pt,,,,,,,
0.2,0.862036679,20,0,0,1,1,1,MIT_673,train,best.pt,,,,,,,
0.25,0.862036679,20,0,0,1,1,1,MIT_673,train,best.pt,,,,,,,
0.3,0.862036679,20,0,0,1,1,1,MIT_673,train,best.pt,,,,,,,
0.35,0.862036679,20,0,0,1,1,1,MIT_673,train,best.pt,,,,,,,
0.4,0.862036679,20,0,0,1,1,1,MIT_673,train,best.pt,,,,,,,
0.45,0.862036679,20,0,0,1,1,1,MIT_673,train,best.pt,,,,,,,
0.5,0.862036679,20,0,0,1,1,1,MIT_673,train,best.pt,,,,,,,
0.2,0.82467181,19,0,0,1,1,1,MIT_674,train,best.pt,,,,,,,
0.25,0.82467181,19,0,0,1,1,1,MIT_674,train,best.pt,,,,,,,
0.3,0.82467181,19,0,0,1,1,1,MIT_674,train,best.pt,,,,,,,
0.35,0.82467181,19,0,0,1,1,1,MIT_674,train,best.pt,,,,,,,
0.4,0.82467181,19,0,0,1,1,1,MIT_674,train,best.pt,,,,,,,
0.45,0.82467181,19,0,0,1,1,1,MIT_674,train,best.pt,,,,,,,
0.5,0.82467181,19,0,0,1,1,1,MIT_674,train,best.pt,,,,,,,
0.2,0.84156251,20,0,0,1,1,1,MIT_678,train,best.pt,,,,,,,
0.25,0.84156251,20,0,0,1,1,1,MIT_678,train,best.pt,,,,,,,
0.3,0.84156251,20,0,0,1,1,1,MIT_678,train,best.pt,,,,,,,
0.35,0.84156251,20,0,0,1,1,1,MIT_678,train,best.pt,,,,,,,
0.4,0.84156251,20,0,0,1,1,1,MIT_678,train,best.pt,,,,,,,
0.45,0.84156251,20,0,0,1,1,1,MIT_678,train,best.pt,,,,,,,
0.5,0.84156251,20,0,0,1,1,1,MIT_678,train,best.pt,,,,,,,
0.2,0.832061217,21,0,0,1,1,1,MIT_679,train,best.pt,,,,,,,
0.25,0.832061217,21,0,0,1,1,1,MIT_679,train,best.pt,,,,,,,
0.3,0.832061217,21,0,0,1,1,1,MIT_679,train,best.pt,,,,,,,
0.35,0.832061217,21,0,0,1,1,1,MIT_679,train,best.pt,,,,,,,
0.4,0.832061217,21,0,0,1,1,1,MIT_679,train,best.pt,,,,,,,
0.45,0.832061217,21,0,0,1,1,1,MIT_679,train,best.pt,,,,,,,
0.5,0.832061217,21,0,0,1,1,1,MIT_679,train,best.pt,,,,,,,
0.2,0.766930235,20,0,0,1,1,1,MIT_682,train,best.pt,,,,,,,
0.25,0.766930235,20,0,0,1,1,1,MIT_682,train,best.pt,,,,,,,
0.3,0.766930235,20,0,0,1,1,1,MIT_682,train,best.pt,,,,,,,
0.35,0.766930235,20,0,0,1,1,1,MIT_682,train,best.pt,,,,,,,
0.4,0.766930235,20,0,0,1,1,1,MIT_682,train,best.pt,,,,,,,
0.45,0.766930235,20,0,0,1,1,1,MIT_682,train,best.pt,,,,,,,
0.5,0.766930235,20,0,0,1,1,1,MIT_682,train,best.pt,,,,,,,
0.2,0.852010337,20,0,0,1,1,1,MIT_683,train,best.pt,,,,,,,
0.25,0.852010337,20,0,0,1,1,1,MIT_683,train,best.pt,,,,,,,
0.3,0.852010337,20,0,0,1,1,1,MIT_683,train,best.pt,,,,,,,
0.35,0.852010337,20,0,0,1,1,1,MIT_683,train,best.pt,,,,,,,
0.4,0.852010337,20,0,0,1,1,1,MIT_683,train,best.pt,,,,,,,
0.45,0.852010337,20,0,0,1,1,1,MIT_683,train,best.pt,,,,,,,
0.5,0.852010337,20,0,0,1,1,1,MIT_683,train,best.pt,,,,,,,
0.2,0.823172076,20,0,0,1,1,1,MIT_684,train,best.pt,,,,,,,
0.25,0.823172076,20,0,0,1,1,1,MIT_684,train,best.pt,,,,,,,
0.3,0.823172076,20,0,0,1,1,1,MIT_684,train,best.pt,,,,,,,
0.35,0.823172076,20,0,0,1,1,1,MIT_684,train,best.pt,,,,,,,
0.4,0.823172076,20,0,0,1,1,1,MIT_684,train,best.pt,,,,,,,
0.45,0.823172076,20,0,0,1,1,1,MIT_684,train,best.pt,,,,,,,
0.5,0.823172076,20,0,0,1,1,1,MIT_684,train,best.pt,,,,,,,
0.2,0.832663958,20,0,0,1,1,1,MIT_685,train,best.pt,,,,,,,
0.25,0.832663958,20,0,0,1,1,1,MIT_685,train,best.pt,,,,,,,
0.3,0.832663958,20,0,0,1,1,1,MIT_685,train,best.pt,,,,,,,
0.35,0.832663958,20,0,0,1,1,1,MIT_685,train,best.pt,,,,,,,
0.4,0.832663958,20,0,0,1,1,1,MIT_685,train,best.pt,,,,,,,
0.45,0.832663958,20,0,0,1,1,1,MIT_685,train,best.pt,,,,,,,
0.5,0.832663958,20,0,0,1,1,1,MIT_685,train,best.pt,,,,,,,
0.2,0.830615044,20,0,0,1,1,1,MIT_686,train,best.pt,,,,,,,
0.25,0.830615044,20,0,0,1,1,1,MIT_686,train,best.pt,,,,,,,
0.3,0.830615044,20,0,0,1,1,1,MIT_686,train,best.pt,,,,,,,
0.35,0.830615044,20,0,0,1,1,1,MIT_686,train,best.pt,,,,,,,
0.4,0.830615044,20,0,0,1,1,1,MIT_686,train,best.pt,,,,,,,
0.45,0.830615044,20,0,0,1,1,1,MIT_686,train,best.pt,,,,,,,
0.5,0.830615044,20,0,0,1,1,1,MIT_686,train,best.pt,,,,,,,
0.2,0.815757617,19,0,0,1,1,1,MIT_688,train,best.pt,,,,,,,
0.25,0.815757617,19,0,0,1,1,1,MIT_688,train,best.pt,,,,,,,
0.3,0.815757617,19,0,0,1,1,1,MIT_688,train,best.pt,,,,,,,
0.35,0.815757617,19,0,0,1,1,1,MIT_688,train,best.pt,,,,,,,
0.4,0.815757617,19,0,0,1,1,1,MIT_688,train,best.pt,,,,,,,
0.45,0.815757617,19,0,0,1,1,1,MIT_688,train,best.pt,,,,,,,
0.5,0.815757617,19,0,0,1,1,1,MIT_688,train,best.pt,,,,,,,
0.2,0.829328691,20,0,0,1,1,1,MIT_689,train,best.pt,,,,,,,
0.25,0.829328691,20,0,0,1,1,1,MIT_689,train,best.pt,,,,,,,
0.3,0.829328691,20,0,0,1,1,1,MIT_689,train,best.pt,,,,,,,
0.35,0.829328691,20,0,0,1,1,1,MIT_689,train,best.pt,,,,,,,
0.4,0.829328691,20,0,0,1,1,1,MIT_689,train,best.pt,,,,,,,
0.45,0.829328691,20,0,0,1,1,1,MIT_689,train,best.pt,,,,,,,
0.5,0.829328691,20,0,0,1,1,1,MIT_689,train,best.pt,,,,,,,
0.2,0.810444861,21,0,0,1,1,1,MIT_69,train,best.pt,,,,,,,
0.25,0.810444861,21,0,0,1,1,1,MIT_69,train,best.pt,,,,,,,
0.3,0.810444861,21,0,0,1,1,1,MIT_69,train,best.pt,,,,,,,
0.35,0.810444861,21,0,0,1,1,1,MIT_69,train,best.pt,,,,,,,
0.4,0.810444861,21,0,0,1,1,1,MIT_69,train,best.pt,,,,,,,
0.45,0.810444861,21,0,0,1,1,1,MIT_69,train,best.pt,,,,,,,
0.5,0.810444861,21,0,0,1,1,1,MIT_69,train,best.pt,,,,,,,
0.2,0.812317524,20,0,0,1,1,1,MIT_690,train,best.pt,,,,,,,
0.25,0.812317524,20,0,0,1,1,1,MIT_690,train,best.pt,,,,,,,
0.3,0.812317524,20,0,0,1,1,1,MIT_690,train,best.pt,,,,,,,
0.35,0.812317524,20,0,0,1,1,1,MIT_690,train,best.pt,,,,,,,
0.4,0.812317524,20,0,0,1,1,1,MIT_690,train,best.pt,,,,,,,
0.45,0.812317524,20,0,0,1,1,1,MIT_690,train,best.pt,,,,,,,
0.5,0.812317524,20,0,0,1,1,1,MIT_690,train,best.pt,,,,,,,
0.2,0.751290345,20,0,0,1,1,1,MIT_693,train,best.pt,,,,,,,
0.25,0.751290345,20,0,0,1,1,1,MIT_693,train,best.pt,,,,,,,
0.3,0.751290345,20,0,0,1,1,1,MIT_693,train,best.pt,,,,,,,
0.35,0.751290345,20,0,0,1,1,1,MIT_693,train,best.pt,,,,,,,
0.4,0.751290345,20,0,0,1,1,1,MIT_693,train,best.pt,,,,,,,
0.45,0.751290345,20,0,0,1,1,1,MIT_693,train,best.pt,,,,,,,
0.5,0.751290345,20,0,0,1,1,1,MIT_693,train,best.pt,,,,,,,
0.2,0.83943096,20,0,0,1,1,1,MIT_694,train,best.pt,,,,,,,
0.25,0.83943096,20,0,0,1,1,1,MIT_694,train,best.pt,,,,,,,
0.3,0.83943096,20,0,0,1,1,1,MIT_694,train,best.pt,,,,,,,
0.35,0.83943096,20,0,0,1,1,1,MIT_694,train,best.pt,,,,,,,
0.4,0.83943096,20,0,0,1,1,1,MIT_694,train,best.pt,,,,,,,
0.45,0.83943096,20,0,0,1,1,1,MIT_694,train,best.pt,,,,,,,
0.5,0.83943096,20,0,0,1,1,1,MIT_694,train,best.pt,,,,,,,
0.2,0.834018323,20,0,0,1,1,1,MIT_695,train,best.pt,,,,,,,
0.25,0.834018323,20,0,0,1,1,1,MIT_695,train,best.pt,,,,,,,
0.3,0.834018323,20,0,0,1,1,1,MIT_695,train,best.pt,,,,,,,
0.35,0.834018323,20,0,0,1,1,1,MIT_695,train,best.pt,,,,,,,
0.4,0.834018323,20,0,0,1,1,1,MIT_695,train,best.pt,,,,,,,
0.45,0.834018323,20,0,0,1,1,1,MIT_695,train,best.pt,,,,,,,
0.5,0.834018323,20,0,0,1,1,1,MIT_695,train,best.pt,,,,,,,
0.2,0.835821486,20,0,0,1,1,1,MIT_696,train,best.pt,,,,,,,
0.25,0.835821486,20,0,0,1,1,1,MIT_696,train,best.pt,,,,,,,
0.3,0.835821486,20,0,0,1,1,1,MIT_696,train,best.pt,,,,,,,
0.35,0.835821486,20,0,0,1,1,1,MIT_696,train,best.pt,,,,,,,
0.4,0.835821486,20,0,0,1,1,1,MIT_696,train,best.pt,,,,,,,
0.45,0.835821486,20,0,0,1,1,1,MIT_696,train,best.pt,,,,,,,
0.5,0.835821486,20,0,0,1,1,1,MIT_696,train,best.pt,,,,,,,
0.2,0.838680572,20,0,0,1,1,1,MIT_697,train,best.pt,,,,,,,
0.25,0.838680572,20,0,0,1,1,1,MIT_697,train,best.pt,,,,,,,
0.3,0.838680572,20,0,0,1,1,1,MIT_697,train,best.pt,,,,,,,
0.35,0.838680572,20,0,0,1,1,1,MIT_697,train,best.pt,,,,,,,
0.4,0.838680572,20,0,0,1,1,1,MIT_697,train,best.pt,,,,,,,
0.45,0.838680572,20,0,0,1,1,1,MIT_697,train,best.pt,,,,,,,
0.5,0.838680572,20,0,0,1,1,1,MIT_697,train,best.pt,,,,,,,
0.2,0.835857468,20,0,0,1,1,1,MIT_699,train,best.pt,,,,,,,
0.25,0.835857468,20,0,0,1,1,1,MIT_699,train,best.pt,,,,,,,
0.3,0.835857468,20,0,0,1,1,1,MIT_699,train,best.pt,,,,,,,
0.35,0.835857468,20,0,0,1,1,1,MIT_699,train,best.pt,,,,,,,
0.4,0.835857468,20,0,0,1,1,1,MIT_699,train,best.pt,,,,,,,
0.45,0.835857468,20,0,0,1,1,1,MIT_699,train,best.pt,,,,,,,
0.5,0.835857468,20,0,0,1,1,1,MIT_699,train,best.pt,,,,,,,
0.2,0.838536087,20,0,0,1,1,1,MIT_70,train,best.pt,,,,,,,
0.25,0.838536087,20,0,0,1,1,1,MIT_70,train,best.pt,,,,,,,
0.3,0.838536087,20,0,0,1,1,1,MIT_70,train,best.pt,,,,,,,
0.35,0.838536087,20,0,0,1,1,1,MIT_70,train,best.pt,,,,,,,
0.4,0.838536087,20,0,0,1,1,1,MIT_70,train,best.pt,,,,,,,
0.45,0.838536087,20,0,0,1,1,1,MIT_70,train,best.pt,,,,,,,
0.5,0.838536087,20,0,0,1,1,1,MIT_70,train,best.pt,,,,,,,
0.2,0.840831932,20,0,0,1,1,1,MIT_700,train,best.pt,,,,,,,
0.25,0.840831932,20,0,0,1,1,1,MIT_700,train,best.pt,,,,,,,
0.3,0.840831932,20,0,0,1,1,1,MIT_700,train,best.pt,,,,,,,
0.35,0.840831932,20,0,0,1,1,1,MIT_700,train,best.pt,,,,,,,
0.4,0.840831932,20,0,0,1,1,1,MIT_700,train,best.pt,,,,,,,
0.45,0.840831932,20,0,0,1,1,1,MIT_700,train,best.pt,,,,,,,
0.5,0.840831932,20,0,0,1,1,1,MIT_700,train,best.pt,,,,,,,
0.2,0.797981286,21,0,0,1,1,1,MIT_71,train,best.pt,,,,,,,
0.25,0.797981286,21,0,0,1,1,1,MIT_71,train,best.pt,,,,,,,
0.3,0.797981286,21,0,0,1,1,1,MIT_71,train,best.pt,,,,,,,
0.35,0.797981286,21,0,0,1,1,1,MIT_71,train,best.pt,,,,,,,
0.4,0.797981286,21,0,0,1,1,1,MIT_71,train,best.pt,,,,,,,
0.45,0.797981286,21,0,0,1,1,1,MIT_71,train,best.pt,,,,,,,
0.5,0.797981286,21,0,0,1,1,1,MIT_71,train,best.pt,,,,,,,
0.2,0.806872329,20,0,0,1,1,1,MIT_72,train,best.pt,,,,,,,
0.25,0.806872329,20,0,0,1,1,1,MIT_72,train,best.pt,,,,,,,
0.3,0.806872329,20,0,0,1,1,1,MIT_72,train,best.pt,,,,,,,
0.35,0.806872329,20,0,0,1,1,1,MIT_72,train,best.pt,,,,,,,
0.4,0.806872329,20,0,0,1,1,1,MIT_72,train,best.pt,,,,,,,
0.45,0.806872329,20,0,0,1,1,1,MIT_72,train,best.pt,,,,,,,
0.5,0.806872329,20,0,0,1,1,1,MIT_72,train,best.pt,,,,,,,
0.2,0.84450449,21,0,0,1,1,1,MIT_74,train,best.pt,,,,,,,
0.25,0.84450449,21,0,0,1,1,1,MIT_74,train,best.pt,,,,,,,
0.3,0.84450449,21,0,0,1,1,1,MIT_74,train,best.pt,,,,,,,
0.35,0.84450449,21,0,0,1,1,1,MIT_74,train,best.pt,,,,,,,
0.4,0.84450449,21,0,0,1,1,1,MIT_74,train,best.pt,,,,,,,
0.45,0.84450449,21,0,0,1,1,1,MIT_74,train,best.pt,,,,,,,
0.5,0.84450449,21,0,0,1,1,1,MIT_74,train,best.pt,,,,,,,
0.2,0.796892237,20,0,0,1,1,1,MIT_75,train,best.pt,,,,,,,
0.25,0.796892237,20,0,0,1,1,1,MIT_75,train,best.pt,,,,,,,
0.3,0.796892237,20,0,0,1,1,1,MIT_75,train,best.pt,,,,,,,
0.35,0.796892237,20,0,0,1,1,1,MIT_75,train,best.pt,,,,,,,
0.4,0.796892237,20,0,0,1,1,1,MIT_75,train,best.pt,,,,,,,
0.45,0.796892237,20,0,0,1,1,1,MIT_75,train,best.pt,,,,,,,
0.5,0.796892237,20,0,0,1,1,1,MIT_75,train,best.pt,,,,,,,
0.2,0.84504532,21,0,0,1,1,1,MIT_76,train,best.pt,,,,,,,
0.25,0.84504532,21,0,0,1,1,1,MIT_76,train,best.pt,,,,,,,
0.3,0.84504532,21,0,0,1,1,1,MIT_76,train,best.pt,,,,,,,
0.35,0.84504532,21,0,0,1,1,1,MIT_76,train,best.pt,,,,,,,
0.4,0.84504532,21,0,0,1,1,1,MIT_76,train,best.pt,,,,,,,
0.45,0.84504532,21,0,0,1,1,1,MIT_76,train,best.pt,,,,,,,
0.5,0.84504532,21,0,0,1,1,1,MIT_76,train,best.pt,,,,,,,
0.2,0.776094773,20,0,0,1,1,1,MIT_77,train,best.pt,,,,,,,
0.25,0.776094773,20,0,0,1,1,1,MIT_77,train,best.pt,,,,,,,
0.3,0.776094773,20,0,0,1,1,1,MIT_77,train,best.pt,,,,,,,
0.35,0.776094773,20,0,0,1,1,1,MIT_77,train,best.pt,,,,,,,
0.4,0.776094773,20,0,0,1,1,1,MIT_77,train,best.pt,,,,,,,
0.45,0.776094773,20,0,0,1,1,1,MIT_77,train,best.pt,,,,,,,
0.5,0.776094773,20,0,0,1,1,1,MIT_77,train,best.pt,,,,,,,
0.2,0.827932147,20,0,0,1,1,1,MIT_78,train,best.pt,,,,,,,
0.25,0.827932147,20,0,0,1,1,1,MIT_78,train,best.pt,,,,,,,
0.3,0.827932147,20,0,0,1,1,1,MIT_78,train,best.pt,,,,,,,
0.35,0.827932147,20,0,0,1,1,1,MIT_78,train,best.pt,,,,,,,
0.4,0.827932147,20,0,0,1,1,1,MIT_78,train,best.pt,,,,,,,
0.45,0.827932147,20,0,0,1,1,1,MIT_78,train,best.pt,,,,,,,
0.5,0.827932147,20,0,0,1,1,1,MIT_78,train,best.pt,,,,,,,
0.2,0.839407943,21,0,0,1,1,1,MIT_79,train,best.pt,,,,,,,
0.25,0.839407943,21,0,0,1,1,1,MIT_79,train,best.pt,,,,,,,
0.3,0.839407943,21,0,0,1,1,1,MIT_79,train,best.pt,,,,,,,
0.35,0.839407943,21,0,0,1,1,1,MIT_79,train,best.pt,,,,,,,
0.4,0.839407943,21,0,0,1,1,1,MIT_79,train,best.pt,,,,,,,
0.45,0.839407943,21,0,0,1,1,1,MIT_79,train,best.pt,,,,,,,
0.5,0.839407943,21,0,0,1,1,1,MIT_79,train,best.pt,,,,,,,
0.2,0.826385106,21,0,0,1,1,1,MIT_8,train,best.pt,,,,,,,
0.25,0.826385106,21,0,0,1,1,1,MIT_8,train,best.pt,,,,,,,
0.3,0.826385106,21,0,0,1,1,1,MIT_8,train,best.pt,,,,,,,
0.35,0.826385106,21,0,0,1,1,1,MIT_8,train,best.pt,,,,,,,
0.4,0.826385106,21,0,0,1,1,1,MIT_8,train,best.pt,,,,,,,
0.45,0.826385106,21,0,0,1,1,1,MIT_8,train,best.pt,,,,,,,
0.5,0.826385106,21,0,0,1,1,1,MIT_8,train,best.pt,,,,,,,
0.2,0.792761736,21,0,0,1,1,1,MIT_80,train,best.pt,,,,,,,
0.25,0.792761736,21,0,0,1,1,1,MIT_80,train,best.pt,,,,,,,
0.3,0.792761736,21,0,0,1,1,1,MIT_80,train,best.pt,,,,,,,
0.35,0.792761736,21,0,0,1,1,1,MIT_80,train,best.pt,,,,,,,
0.4,0.792761736,21,0,0,1,1,1,MIT_80,train,best.pt,,,,,,,
0.45,0.792761736,21,0,0,1,1,1,MIT_80,train,best.pt,,,,,,,
0.5,0.792761736,21,0,0,1,1,1,MIT_80,train,best.pt,,,,,,,
0.2,0.848772749,20,0,0,1,1,1,MIT_82,train,best.pt,,,,,,,
0.25,0.848772749,20,0,0,1,1,1,MIT_82,train,best.pt,,,,,,,
0.3,0.848772749,20,0,0,1,1,1,MIT_82,train,best.pt,,,,,,,
0.35,0.848772749,20,0,0,1,1,1,MIT_82,train,best.pt,,,,,,,
0.4,0.848772749,20,0,0,1,1,1,MIT_82,train,best.pt,,,,,,,
0.45,0.848772749,20,0,0,1,1,1,MIT_82,train,best.pt,,,,,,,
0.5,0.848772749,20,0,0,1,1,1,MIT_82,train,best.pt,,,,,,,
0.2,0.856656108,20,0,0,1,1,1,MIT_83,train,best.pt,,,,,,,
0.25,0.856656108,20,0,0,1,1,1,MIT_83,train,best.pt,,,,,,,
0.3,0.856656108,20,0,0,1,1,1,MIT_83,train,best.pt,,,,,,,
0.35,0.856656108,20,0,0,1,1,1,MIT_83,train,best.pt,,,,,,,
0.4,0.856656108,20,0,0,1,1,1,MIT_83,train,best.pt,,,,,,,
0.45,0.856656108,20,0,0,1,1,1,MIT_83,train,best.pt,,,,,,,
0.5,0.856656108,20,0,0,1,1,1,MIT_83,train,best.pt,,,,,,,
0.2,0.841076814,20,0,0,1,1,1,MIT_85,train,best.pt,,,,,,,
0.25,0.841076814,20,0,0,1,1,1,MIT_85,train,best.pt,,,,,,,
0.3,0.841076814,20,0,0,1,1,1,MIT_85,train,best.pt,,,,,,,
0.35,0.841076814,20,0,0,1,1,1,MIT_85,train,best.pt,,,,,,,
0.4,0.841076814,20,0,0,1,1,1,MIT_85,train,best.pt,,,,,,,
0.45,0.841076814,20,0,0,1,1,1,MIT_85,train,best.pt,,,,,,,
0.5,0.841076814,20,0,0,1,1,1,MIT_85,train,best.pt,,,,,,,
0.2,0.820082264,20,0,0,1,1,1,MIT_86,train,best.pt,,,,,,,
0.25,0.820082264,20,0,0,1,1,1,MIT_86,train,best.pt,,,,,,,
0.3,0.820082264,20,0,0,1,1,1,MIT_86,train,best.pt,,,,,,,
0.35,0.820082264,20,0,0,1,1,1,MIT_86,train,best.pt,,,,,,,
0.4,0.820082264,20,0,0,1,1,1,MIT_86,train,best.pt,,,,,,,
0.45,0.820082264,20,0,0,1,1,1,MIT_86,train,best.pt,,,,,,,
0.5,0.820082264,20,0,0,1,1,1,MIT_86,train,best.pt,,,,,,,
0.2,0.842469751,20,0,0,1,1,1,MIT_87,train,best.pt,,,,,,,
0.25,0.842469751,20,0,0,1,1,1,MIT_87,train,best.pt,,,,,,,
0.3,0.842469751,20,0,0,1,1,1,MIT_87,train,best.pt,,,,,,,
0.35,0.842469751,20,0,0,1,1,1,MIT_87,train,best.pt,,,,,,,
0.4,0.842469751,20,0,0,1,1,1,MIT_87,train,best.pt,,,,,,,
0.45,0.842469751,20,0,0,1,1,1,MIT_87,train,best.pt,,,,,,,
0.5,0.842469751,20,0,0,1,1,1,MIT_87,train,best.pt,,,,,,,
0.2,0.823822987,20,0,0,1,1,1,MIT_88,train,best.pt,,,,,,,
0.25,0.823822987,20,0,0,1,1,1,MIT_88,train,best.pt,,,,,,,
0.3,0.823822987,20,0,0,1,1,1,MIT_88,train,best.pt,,,,,,,
0.35,0.823822987,20,0,0,1,1,1,MIT_88,train,best.pt,,,,,,,
0.4,0.823822987,20,0,0,1,1,1,MIT_88,train,best.pt,,,,,,,
0.45,0.823822987,20,0,0,1,1,1,MIT_88,train,best.pt,,,,,,,
0.5,0.823822987,20,0,0,1,1,1,MIT_88,train,best.pt,,,,,,,
0.2,0.837305368,20,0,0,1,1,1,MIT_90,train,best.pt,,,,,,,
0.25,0.837305368,20,0,0,1,1,1,MIT_90,train,best.pt,,,,,,,
0.3,0.837305368,20,0,0,1,1,1,MIT_90,train,best.pt,,,,,,,
0.35,0.837305368,20,0,0,1,1,1,MIT_90,train,best.pt,,,,,,,
0.4,0.837305368,20,0,0,1,1,1,MIT_90,train,best.pt,,,,,,,
0.45,0.837305368,20,0,0,1,1,1,MIT_90,train,best.pt,,,,,,,
0.5,0.837305368,20,0,0,1,1,1,MIT_90,train,best.pt,,,,,,,
0.2,0.816062887,20,0,0,1,1,1,MIT_91,train,best.pt,,,,,,,
0.25,0.816062887,20,0,0,1,1,1,MIT_91,train,best.pt,,,,,,,
0.3,0.816062887,20,0,0,1,1,1,MIT_91,train,best.pt,,,,,,,
0.35,0.816062887,20,0,0,1,1,1,MIT_91,train,best.pt,,,,,,,
0.4,0.816062887,20,0,0,1,1,1,MIT_91,train,best.pt,,,,,,,
0.45,0.816062887,20,0,0,1,1,1,MIT_91,train,best.pt,,,,,,,
0.5,0.816062887,20,0,0,1,1,1,MIT_91,train,best.pt,,,,,,,
0.2,0.783284312,20,1,0,0.95,1,0.98,MIT_92,train,best.pt,,,,,,,
0.25,0.783284312,20,1,0,0.95,1,0.98,MIT_92,train,best.pt,,,,,,,
0.3,0.783284312,20,1,0,0.95,1,0.98,MIT_92,train,best.pt,,,,,,,
0.35,0.783284312,20,1,0,0.95,1,0.98,MIT_92,train,best.pt,,,,,,,
0.4,0.783284312,20,1,0,0.95,1,0.98,MIT_92,train,best.pt,,,,,,,
0.45,0.783284312,20,1,0,0.95,1,0.98,MIT_92,train,best.pt,,,,,,,
0.5,0.783284312,20,1,0,0.95,1,0.98,MIT_92,train,best.pt,,,,,,,
0.2,0.811041617,20,0,0,1,1,1,MIT_93,train,best.pt,,,,,,,
0.25,0.811041617,20,0,0,1,1,1,MIT_93,train,best.pt,,,,,,,
0.3,0.811041617,20,0,0,1,1,1,MIT_93,train,best.pt,,,,,,,
0.35,0.811041617,20,0,0,1,1,1,MIT_93,train,best.pt,,,,,,,
0.4,0.811041617,20,0,0,1,1,1,MIT_93,train,best.pt,,,,,,,
0.45,0.811041617,20,0,0,1,1,1,MIT_93,train,best.pt,,,,,,,
0.5,0.811041617,20,0,0,1,1,1,MIT_93,train,best.pt,,,,,,,
0.2,0.800438105,20,0,0,1,1,1,MIT_94,train,best.pt,,,,,,,
0.25,0.800438105,20,0,0,1,1,1,MIT_94,train,best.pt,,,,,,,
0.3,0.800438105,20,0,0,1,1,1,MIT_94,train,best.pt,,,,,,,
0.35,0.800438105,20,0,0,1,1,1,MIT_94,train,best.pt,,,,,,,
0.4,0.800438105,20,0,0,1,1,1,MIT_94,train,best.pt,,,,,,,
0.45,0.800438105,20,0,0,1,1,1,MIT_94,train,best.pt,,,,,,,
0.5,0.800438105,20,0,0,1,1,1,MIT_94,train,best.pt,,,,,,,
0.2,0.837118546,20,0,0,1,1,1,MIT_95,train,best.pt,,,,,,,
0.25,0.837118546,20,0,0,1,1,1,MIT_95,train,best.pt,,,,,,,
0.3,0.837118546,20,0,0,1,1,1,MIT_95,train,best.pt,,,,,,,
0.35,0.837118546,20,0,0,1,1,1,MIT_95,train,best.pt,,,,,,,
0.4,0.837118546,20,0,0,1,1,1,MIT_95,train,best.pt,,,,,,,
0.45,0.837118546,20,0,0,1,1,1,MIT_95,train,best.pt,,,,,,,
0.5,0.837118546,20,0,0,1,1,1,MIT_95,train,best.pt,,,,,,,
0.2,0.797524099,20,0,0,1,1,1,MIT_97,train,best.pt,,,,,,,
0.25,0.797524099,20,0,0,1,1,1,MIT_97,train,best.pt,,,,,,,
0.3,0.797524099,20,0,0,1,1,1,MIT_97,train,best.pt,,,,,,,
0.35,0.797524099,20,0,0,1,1,1,MIT_97,train,best.pt,,,,,,,
0.4,0.797524099,20,0,0,1,1,1,MIT_97,train,best.pt,,,,,,,
0.45,0.797524099,20,0,0,1,1,1,MIT_97,train,best.pt,,,,,,,
0.5,0.797524099,20,0,0,1,1,1,MIT_97,train,best.pt,,,,,,,
0.2,0.83582138,20,0,0,1,1,1,MIT_98,train,best.pt,,,,,,,
0.25,0.83582138,20,0,0,1,1,1,MIT_98,train,best.pt,,,,,,,
0.3,0.83582138,20,0,0,1,1,1,MIT_98,train,best.pt,,,,,,,
0.35,0.83582138,20,0,0,1,1,1,MIT_98,train,best.pt,,,,,,,
0.4,0.83582138,20,0,0,1,1,1,MIT_98,train,best.pt,,,,,,,
0.45,0.83582138,20,0,0,1,1,1,MIT_98,train,best.pt,,,,,,,
0.5,0.83582138,20,0,0,1,1,1,MIT_98,train,best.pt,,,,,,,
0.2,0.810752788,19,0,0,1,1,1,TCE_1001,train,best.pt,,,,,,,
0.25,0.810752788,19,0,0,1,1,1,TCE_1001,train,best.pt,,,,,,,
0.3,0.810752788,19,0,0,1,1,1,TCE_1001,train,best.pt,,,,,,,
0.35,0.810752788,19,0,0,1,1,1,TCE_1001,train,best.pt,,,,,,,
0.4,0.810752788,19,0,0,1,1,1,TCE_1001,train,best.pt,,,,,,,
0.45,0.810752788,19,0,0,1,1,1,TCE_1001,train,best.pt,,,,,,,
0.5,0.810752788,19,0,0,1,1,1,TCE_1001,train,best.pt,,,,,,,
0.2,0.772562804,17,0,0,1,1,1,TCE_1002,train,best.pt,,,,,,,
0.25,0.772562804,17,0,0,1,1,1,TCE_1002,train,best.pt,,,,,,,
0.3,0.772562804,17,0,0,1,1,1,TCE_1002,train,best.pt,,,,,,,
0.35,0.772562804,17,0,0,1,1,1,TCE_1002,train,best.pt,,,,,,,
0.4,0.772562804,17,0,0,1,1,1,TCE_1002,train,best.pt,,,,,,,
0.45,0.772562804,17,0,0,1,1,1,TCE_1002,train,best.pt,,,,,,,
0.5,0.772562804,17,0,0,1,1,1,TCE_1002,train,best.pt,,,,,,,
0.2,0.828513125,19,0,0,1,1,1,TCE_1003,train,best.pt,,,,,,,
0.25,0.828513125,19,0,0,1,1,1,TCE_1003,train,best.pt,,,,,,,
0.3,0.828513125,19,0,0,1,1,1,TCE_1003,train,best.pt,,,,,,,
0.35,0.828513125,19,0,0,1,1,1,TCE_1003,train,best.pt,,,,,,,
0.4,0.828513125,19,0,0,1,1,1,TCE_1003,train,best.pt,,,,,,,
0.45,0.828513125,19,0,0,1,1,1,TCE_1003,train,best.pt,,,,,,,
0.5,0.828513125,19,0,0,1,1,1,TCE_1003,train,best.pt,,,,,,,
0.2,0.837088083,17,0,0,1,1,1,TCE_1004,train,best.pt,,,,,,,
0.25,0.837088083,17,0,0,1,1,1,TCE_1004,train,best.pt,,,,,,,
0.3,0.837088083,17,0,0,1,1,1,TCE_1004,train,best.pt,,,,,,,
0.35,0.837088083,17,0,0,1,1,1,TCE_1004,train,best.pt,,,,,,,
0.4,0.837088083,17,0,0,1,1,1,TCE_1004,train,best.pt,,,,,,,
0.45,0.837088083,17,0,0,1,1,1,TCE_1004,train,best.pt,,,,,,,
0.5,0.837088083,17,0,0,1,1,1,TCE_1004,train,best.pt,,,,,,,
0.2,0.694234207,20,0,0,1,1,1,TCE_1005,train,best.pt,,,,,,,
0.25,0.694234207,20,0,0,1,1,1,TCE_1005,train,best.pt,,,,,,,
0.3,0.694234207,20,0,0,1,1,1,TCE_1005,train,best.pt,,,,,,,
0.35,0.694234207,20,0,0,1,1,1,TCE_1005,train,best.pt,,,,,,,
0.4,0.694234207,20,0,0,1,1,1,TCE_1005,train,best.pt,,,,,,,
0.45,0.694234207,20,0,0,1,1,1,TCE_1005,train,best.pt,,,,,,,
0.5,0.694234207,20,0,0,1,1,1,TCE_1005,train,best.pt,,,,,,,
0.2,0.739933603,19,0,0,1,1,1,TCE_1011,train,best.pt,,,,,,,
0.25,0.739933603,19,0,0,1,1,1,TCE_1011,train,best.pt,,,,,,,
0.3,0.739933603,19,0,0,1,1,1,TCE_1011,train,best.pt,,,,,,,
0.35,0.739933603,19,0,0,1,1,1,TCE_1011,train,best.pt,,,,,,,
0.4,0.739933603,19,0,0,1,1,1,TCE_1011,train,best.pt,,,,,,,
0.45,0.739933603,19,0,0,1,1,1,TCE_1011,train,best.pt,,,,,,,
0.5,0.739933603,19,0,0,1,1,1,TCE_1011,train,best.pt,,,,,,,
0.2,0.727662911,19,0,0,1,1,1,TCE_1012,train,best.pt,,,,,,,
0.25,0.727662911,19,0,0,1,1,1,TCE_1012,train,best.pt,,,,,,,
0.3,0.727662911,19,0,0,1,1,1,TCE_1012,train,best.pt,,,,,,,
0.35,0.727662911,19,0,0,1,1,1,TCE_1012,train,best.pt,,,,,,,
0.4,0.727662911,19,0,0,1,1,1,TCE_1012,train,best.pt,,,,,,,
0.45,0.727662911,19,0,0,1,1,1,TCE_1012,train,best.pt,,,,,,,
0.5,0.727662911,19,0,0,1,1,1,TCE_1012,train,best.pt,,,,,,,
0.2,0.728478069,18,0,1,1,0.95,0.97,TCE_1013,train,best.pt,,,,,,,
0.25,0.728478069,18,0,1,1,0.95,0.97,TCE_1013,train,best.pt,,,,,,,
0.3,0.728478069,18,0,1,1,0.95,0.97,TCE_1013,train,best.pt,,,,,,,
0.35,0.728478069,18,0,1,1,0.95,0.97,TCE_1013,train,best.pt,,,,,,,
0.4,0.728478069,18,0,1,1,0.95,0.97,TCE_1013,train,best.pt,,,,,,,
0.45,0.728478069,18,0,1,1,0.95,0.97,TCE_1013,train,best.pt,,,,,,,
0.5,0.728478069,18,0,1,1,0.95,0.97,TCE_1013,train,best.pt,,,,,,,
0.2,0.65222702,18,0,1,1,0.95,0.97,TCE_1014,train,best.pt,,,,,,,
0.25,0.65222702,18,0,1,1,0.95,0.97,TCE_1014,train,best.pt,,,,,,,
0.3,0.65222702,18,0,1,1,0.95,0.97,TCE_1014,train,best.pt,,,,,,,
0.35,0.65222702,18,0,1,1,0.95,0.97,TCE_1014,train,best.pt,,,,,,,
0.4,0.65222702,18,0,1,1,0.95,0.97,TCE_1014,train,best.pt,,,,,,,
0.45,0.65222702,18,0,1,1,0.95,0.97,TCE_1014,train,best.pt,,,,,,,
0.5,0.563286976,15,3,4,0.83,0.79,0.81,TCE_1014,train,best.pt,,,,,,,
0.2,0.714875398,18,0,1,1,0.95,0.97,TCE_1015,train,best.pt,,,,,,,
0.25,0.714875398,18,0,1,1,0.95,0.97,TCE_1015,train,best.pt,,,,,,,
0.3,0.714875398,18,0,1,1,0.95,0.97,TCE_1015,train,best.pt,,,,,,,
0.35,0.714875398,18,0,1,1,0.95,0.97,TCE_1015,train,best.pt,,,,,,,
0.4,0.714875398,18,0,1,1,0.95,0.97,TCE_1015,train,best.pt,,,,,,,
0.45,0.714875398,18,0,1,1,0.95,0.97,TCE_1015,train,best.pt,,,,,,,
0.5,0.714875398,18,0,1,1,0.95,0.97,TCE_1015,train,best.pt,,,,,,,
0.2,0.702720378,18,0,1,1,0.95,0.97,TCE_1017,train,best.pt,,,,,,,
0.25,0.702720378,18,0,1,1,0.95,0.97,TCE_1017,train,best.pt,,,,,,,
0.3,0.702720378,18,0,1,1,0.95,0.97,TCE_1017,train,best.pt,,,,,,,
0.35,0.702720378,18,0,1,1,0.95,0.97,TCE_1017,train,best.pt,,,,,,,
0.4,0.702720378,18,0,1,1,0.95,0.97,TCE_1017,train,best.pt,,,,,,,
0.45,0.702720378,18,0,1,1,0.95,0.97,TCE_1017,train,best.pt,,,,,,,
0.5,0.667584361,17,1,2,0.94,0.89,0.92,TCE_1017,train,best.pt,,,,,,,
0.2,0.679008608,18,0,1,1,0.95,0.97,TCE_1018,train,best.pt,,,,,,,
0.25,0.679008608,18,0,1,1,0.95,0.97,TCE_1018,train,best.pt,,,,,,,
0.3,0.679008608,18,0,1,1,0.95,0.97,TCE_1018,train,best.pt,,,,,,,
0.35,0.679008608,18,0,1,1,0.95,0.97,TCE_1018,train,best.pt,,,,,,,
0.4,0.679008608,18,0,1,1,0.95,0.97,TCE_1018,train,best.pt,,,,,,,
0.45,0.679008608,18,0,1,1,0.95,0.97,TCE_1018,train,best.pt,,,,,,,
0.5,0.679008608,18,0,1,1,0.95,0.97,TCE_1018,train,best.pt,,,,,,,
0.2,0.732778185,19,0,0,1,1,1,TCE_1019,train,best.pt,,,,,,,
0.25,0.732778185,19,0,0,1,1,1,TCE_1019,train,best.pt,,,,,,,
0.3,0.732778185,19,0,0,1,1,1,TCE_1019,train,best.pt,,,,,,,
0.35,0.732778185,19,0,0,1,1,1,TCE_1019,train,best.pt,,,,,,,
0.4,0.732778185,19,0,0,1,1,1,TCE_1019,train,best.pt,,,,,,,
0.45,0.732778185,19,0,0,1,1,1,TCE_1019,train,best.pt,,,,,,,
0.5,0.696139278,18,1,1,0.95,0.95,0.95,TCE_1019,train,best.pt,,,,,,,
0.2,0.731296832,19,0,0,1,1,1,TCE_1020,train,best.pt,,,,,,,
0.25,0.731296832,19,0,0,1,1,1,TCE_1020,train,best.pt,,,,,,,
0.3,0.731296832,19,0,0,1,1,1,TCE_1020,train,best.pt,,,,,,,
0.35,0.731296832,19,0,0,1,1,1,TCE_1020,train,best.pt,,,,,,,
0.4,0.731296832,19,0,0,1,1,1,TCE_1020,train,best.pt,,,,,,,
0.45,0.731296832,19,0,0,1,1,1,TCE_1020,train,best.pt,,,,,,,
0.5,0.731296832,19,0,0,1,1,1,TCE_1020,train,best.pt,,,,,,,
0.2,0.688089478,18,0,1,1,0.95,0.97,TCE_1021,train,best.pt,,,,,,,
0.25,0.688089478,18,0,1,1,0.95,0.97,TCE_1021,train,best.pt,,,,,,,
0.3,0.688089478,18,0,1,1,0.95,0.97,TCE_1021,train,best.pt,,,,,,,
0.35,0.688089478,18,0,1,1,0.95,0.97,TCE_1021,train,best.pt,,,,,,,
0.4,0.688089478,18,0,1,1,0.95,0.97,TCE_1021,train,best.pt,,,,,,,
0.45,0.688089478,18,0,1,1,0.95,0.97,TCE_1021,train,best.pt,,,,,,,
0.5,0.688089478,18,0,1,1,0.95,0.97,TCE_1021,train,best.pt,,,,,,,
0.2,0.724912548,19,0,0,1,1,1,TCE_1022,train,best.pt,,,,,,,
0.25,0.724912548,19,0,0,1,1,1,TCE_1022,train,best.pt,,,,,,,
0.3,0.724912548,19,0,0,1,1,1,TCE_1022,train,best.pt,,,,,,,
0.35,0.724912548,19,0,0,1,1,1,TCE_1022,train,best.pt,,,,,,,
0.4,0.724912548,19,0,0,1,1,1,TCE_1022,train,best.pt,,,,,,,
0.45,0.724912548,19,0,0,1,1,1,TCE_1022,train,best.pt,,,,,,,
0.5,0.724912548,19,0,0,1,1,1,TCE_1022,train,best.pt,,,,,,,
0.2,0.748683128,19,0,0,1,1,1,TCE_1024,train,best.pt,,,,,,,
0.25,0.748683128,19,0,0,1,1,1,TCE_1024,train,best.pt,,,,,,,
0.3,0.748683128,19,0,0,1,1,1,TCE_1024,train,best.pt,,,,,,,
0.35,0.748683128,19,0,0,1,1,1,TCE_1024,train,best.pt,,,,,,,
0.4,0.748683128,19,0,0,1,1,1,TCE_1024,train,best.pt,,,,,,,
0.45,0.748683128,19,0,0,1,1,1,TCE_1024,train,best.pt,,,,,,,
0.5,0.711248973,18,1,1,0.95,0.95,0.95,TCE_1024,train,best.pt,,,,,,,
0.2,0.771276386,19,0,0,1,1,1,TCE_1025,train,best.pt,,,,,,,
0.25,0.771276386,19,0,0,1,1,1,TCE_1025,train,best.pt,,,,,,,
0.3,0.771276386,19,0,0,1,1,1,TCE_1025,train,best.pt,,,,,,,
0.35,0.771276386,19,0,0,1,1,1,TCE_1025,train,best.pt,,,,,,,
0.4,0.771276386,19,0,0,1,1,1,TCE_1025,train,best.pt,,,,,,,
0.45,0.771276386,19,0,0,1,1,1,TCE_1025,train,best.pt,,,,,,,
0.5,0.771276386,19,0,0,1,1,1,TCE_1025,train,best.pt,,,,,,,
0.2,0.733502352,19,0,0,1,1,1,TCE_1026,train,best.pt,,,,,,,
0.25,0.733502352,19,0,0,1,1,1,TCE_1026,train,best.pt,,,,,,,
0.3,0.733502352,19,0,0,1,1,1,TCE_1026,train,best.pt,,,,,,,
0.35,0.733502352,19,0,0,1,1,1,TCE_1026,train,best.pt,,,,,,,
0.4,0.733502352,19,0,0,1,1,1,TCE_1026,train,best.pt,,,,,,,
0.45,0.733502352,19,0,0,1,1,1,TCE_1026,train,best.pt,,,,,,,
0.5,0.733502352,19,0,0,1,1,1,TCE_1026,train,best.pt,,,,,,,
0.2,0.751629314,19,0,0,1,1,1,TCE_1027,train,best.pt,,,,,,,
0.25,0.751629314,19,0,0,1,1,1,TCE_1027,train,best.pt,,,,,,,
0.3,0.751629314,19,0,0,1,1,1,TCE_1027,train,best.pt,,,,,,,
0.35,0.751629314,19,0,0,1,1,1,TCE_1027,train,best.pt,,,,,,,
0.4,0.751629314,19,0,0,1,1,1,TCE_1027,train,best.pt,,,,,,,
0.45,0.751629314,19,0,0,1,1,1,TCE_1027,train,best.pt,,,,,,,
0.5,0.751629314,19,0,0,1,1,1,TCE_1027,train,best.pt,,,,,,,
0.2,0.737702811,19,0,0,1,1,1,TCE_1031,train,best.pt,,,,,,,
0.25,0.737702811,19,0,0,1,1,1,TCE_1031,train,best.pt,,,,,,,
0.3,0.737702811,19,0,0,1,1,1,TCE_1031,train,best.pt,,,,,,,
0.35,0.737702811,19,0,0,1,1,1,TCE_1031,train,best.pt,,,,,,,
0.4,0.737702811,19,0,0,1,1,1,TCE_1031,train,best.pt,,,,,,,
0.45,0.737702811,19,0,0,1,1,1,TCE_1031,train,best.pt,,,,,,,
0.5,0.737702811,19,0,0,1,1,1,TCE_1031,train,best.pt,,,,,,,
0.2,0.660603627,19,0,0,1,1,1,TCE_1032,train,best.pt,,,,,,,
0.25,0.660603627,19,0,0,1,1,1,TCE_1032,train,best.pt,,,,,,,
0.3,0.660603627,19,0,0,1,1,1,TCE_1032,train,best.pt,,,,,,,
0.35,0.660603627,19,0,0,1,1,1,TCE_1032,train,best.pt,,,,,,,
0.4,0.660603627,19,0,0,1,1,1,TCE_1032,train,best.pt,,,,,,,
0.45,0.660603627,19,0,0,1,1,1,TCE_1032,train,best.pt,,,,,,,
0.5,0.597688999,17,2,2,0.89,0.89,0.89,TCE_1032,train,best.pt,,,,,,,
0.2,0.700433215,19,0,0,1,1,1,TCE_1033,train,best.pt,,,,,,,
0.25,0.700433215,19,0,0,1,1,1,TCE_1033,train,best.pt,,,,,,,
0.3,0.700433215,19,0,0,1,1,1,TCE_1033,train,best.pt,,,,,,,
0.35,0.700433215,19,0,0,1,1,1,TCE_1033,train,best.pt,,,,,,,
0.4,0.700433215,19,0,0,1,1,1,TCE_1033,train,best.pt,,,,,,,
0.45,0.700433215,19,0,0,1,1,1,TCE_1033,train,best.pt,,,,,,,
0.5,0.665411556,18,1,1,0.95,0.95,0.95,TCE_1033,train,best.pt,,,,,,,
0.2,0.699676634,19,0,0,1,1,1,TCE_1035,train,best.pt,,,,,,,
0.25,0.699676634,19,0,0,1,1,1,TCE_1035,train,best.pt,,,,,,,
0.3,0.699676634,19,0,0,1,1,1,TCE_1035,train,best.pt,,,,,,,
0.35,0.699676634,19,0,0,1,1,1,TCE_1035,train,best.pt,,,,,,,
0.4,0.699676634,19,0,0,1,1,1,TCE_1035,train,best.pt,,,,,,,
0.45,0.699676634,19,0,0,1,1,1,TCE_1035,train,best.pt,,,,,,,
0.5,0.664692804,18,1,1,0.95,0.95,0.95,TCE_1035,train,best.pt,,,,,,,
0.2,0.757795273,19,0,0,1,1,1,TCE_1036,train,best.pt,,,,,,,
0.25,0.757795273,19,0,0,1,1,1,TCE_1036,train,best.pt,,,,,,,
0.3,0.757795273,19,0,0,1,1,1,TCE_1036,train,best.pt,,,,,,,
0.35,0.757795273,19,0,0,1,1,1,TCE_1036,train,best.pt,,,,,,,
0.4,0.757795273,19,0,0,1,1,1,TCE_1036,train,best.pt,,,,,,,
0.45,0.757795273,19,0,0,1,1,1,TCE_1036,train,best.pt,,,,,,,
0.5,0.757795273,19,0,0,1,1,1,TCE_1036,train,best.pt,,,,,,,
0.2,0.704626068,18,0,1,1,0.95,0.97,TCE_1037,train,best.pt,,,,,,,
0.25,0.704626068,18,0,1,1,0.95,0.97,TCE_1037,train,best.pt,,,,,,,
0.3,0.704626068,18,0,1,1,0.95,0.97,TCE_1037,train,best.pt,,,,,,,
0.35,0.704626068,18,0,1,1,0.95,0.97,TCE_1037,train,best.pt,,,,,,,
0.4,0.704626068,18,0,1,1,0.95,0.97,TCE_1037,train,best.pt,,,,,,,
0.45,0.669394767,17,1,2,0.94,0.89,0.92,TCE_1037,train,best.pt,,,,,,,
0.5,0.669394767,17,1,2,0.94,0.89,0.92,TCE_1037,train,best.pt,,,,,,,
0.2,0.720464462,19,0,0,1,1,1,TCE_1038,train,best.pt,,,,,,,
0.25,0.720464462,19,0,0,1,1,1,TCE_1038,train,best.pt,,,,,,,
0.3,0.720464462,19,0,0,1,1,1,TCE_1038,train,best.pt,,,,,,,
0.35,0.720464462,19,0,0,1,1,1,TCE_1038,train,best.pt,,,,,,,
0.4,0.684441241,18,1,1,0.95,0.95,0.95,TCE_1038,train,best.pt,,,,,,,
0.45,0.684441241,18,1,1,0.95,0.95,0.95,TCE_1038,train,best.pt,,,,,,,
0.5,0.684441241,18,1,1,0.95,0.95,0.95,TCE_1038,train,best.pt,,,,,,,
0.2,0.667051937,19,0,0,1,1,1,TCE_1040,train,best.pt,,,,,,,
0.25,0.667051937,19,0,0,1,1,1,TCE_1040,train,best.pt,,,,,,,
0.3,0.667051937,19,0,0,1,1,1,TCE_1040,train,best.pt,,,,,,,
0.35,0.667051937,19,0,0,1,1,1,TCE_1040,train,best.pt,,,,,,,
0.4,0.667051937,19,0,0,1,1,1,TCE_1040,train,best.pt,,,,,,,
0.45,0.667051937,19,0,0,1,1,1,TCE_1040,train,best.pt,,,,,,,
0.5,0.633699342,18,1,1,0.95,0.95,0.95,TCE_1040,train,best.pt,,,,,,,
0.2,0.630839248,16,0,3,1,0.84,0.91,TCE_1042,train,best.pt,,,,,,,
0.25,0.630839248,16,0,3,1,0.84,0.91,TCE_1042,train,best.pt,,,,,,,
0.3,0.630839248,16,0,3,1,0.84,0.91,TCE_1042,train,best.pt,,,,,,,
0.35,0.630839248,16,0,3,1,0.84,0.91,TCE_1042,train,best.pt,,,,,,,
0.4,0.630839248,16,0,3,1,0.84,0.91,TCE_1042,train,best.pt,,,,,,,
0.45,0.630839248,16,0,3,1,0.84,0.91,TCE_1042,train,best.pt,,,,,,,
0.5,0.630839248,16,0,3,1,0.84,0.91,TCE_1042,train,best.pt,,,,,,,
0.2,0.765032087,19,0,0,1,1,1,TCE_1043,train,best.pt,,,,,,,
0.25,0.765032087,19,0,0,1,1,1,TCE_1043,train,best.pt,,,,,,,
0.3,0.765032087,19,0,0,1,1,1,TCE_1043,train,best.pt,,,,,,,
0.35,0.765032087,19,0,0,1,1,1,TCE_1043,train,best.pt,,,,,,,
0.4,0.765032087,19,0,0,1,1,1,TCE_1043,train,best.pt,,,,,,,
0.45,0.765032087,19,0,0,1,1,1,TCE_1043,train,best.pt,,,,,,,
0.5,0.765032087,19,0,0,1,1,1,TCE_1043,train,best.pt,,,,,,,
0.2,0.77273536,19,0,0,1,1,1,TCE_1044,train,best.pt,,,,,,,
0.25,0.77273536,19,0,0,1,1,1,TCE_1044,train,best.pt,,,,,,,
0.3,0.77273536,19,0,0,1,1,1,TCE_1044,train,best.pt,,,,,,,
0.35,0.77273536,19,0,0,1,1,1,TCE_1044,train,best.pt,,,,,,,
0.4,0.77273536,19,0,0,1,1,1,TCE_1044,train,best.pt,,,,,,,
0.45,0.77273536,19,0,0,1,1,1,TCE_1044,train,best.pt,,,,,,,
0.5,0.77273536,19,0,0,1,1,1,TCE_1044,train,best.pt,,,,,,,
0.2,0.67454302,19,0,0,1,1,1,TCE_1045,train,best.pt,,,,,,,
0.25,0.67454302,19,0,0,1,1,1,TCE_1045,train,best.pt,,,,,,,
0.3,0.67454302,19,0,0,1,1,1,TCE_1045,train,best.pt,,,,,,,
0.35,0.67454302,19,0,0,1,1,1,TCE_1045,train,best.pt,,,,,,,
0.4,0.67454302,19,0,0,1,1,1,TCE_1045,train,best.pt,,,,,,,
0.45,0.61030083,17,2,2,0.89,0.89,0.89,TCE_1045,train,best.pt,,,,,,,
0.5,0.582559885,16,3,3,0.84,0.84,0.84,TCE_1045,train,best.pt,,,,,,,
0.2,0.728128879,19,0,0,1,1,1,TCE_1046,train,best.pt,,,,,,,
0.25,0.728128879,19,0,0,1,1,1,TCE_1046,train,best.pt,,,,,,,
0.3,0.728128879,19,0,0,1,1,1,TCE_1046,train,best.pt,,,,,,,
0.35,0.728128879,19,0,0,1,1,1,TCE_1046,train,best.pt,,,,,,,
0.4,0.728128879,19,0,0,1,1,1,TCE_1046,train,best.pt,,,,,,,
0.45,0.728128879,19,0,0,1,1,1,TCE_1046,train,best.pt,,,,,,,
0.5,0.728128879,19,0,0,1,1,1,TCE_1046,train,best.pt,,,,,,,
0.2,0.783329996,19,0,0,1,1,1,TCE_1048,train,best.pt,,,,,,,
0.25,0.783329996,19,0,0,1,1,1,TCE_1048,train,best.pt,,,,,,,
0.3,0.783329996,19,0,0,1,1,1,TCE_1048,train,best.pt,,,,,,,
0.35,0.783329996,19,0,0,1,1,1,TCE_1048,train,best.pt,,,,,,,
0.4,0.783329996,19,0,0,1,1,1,TCE_1048,train,best.pt,,,,,,,
0.45,0.783329996,19,0,0,1,1,1,TCE_1048,train,best.pt,,,,,,,
0.5,0.783329996,19,0,0,1,1,1,TCE_1048,train,best.pt,,,,,,,
0.2,0.744205157,19,0,0,1,1,1,TCE_1049,train,best.pt,,,,,,,
0.25,0.744205157,19,0,0,1,1,1,TCE_1049,train,best.pt,,,,,,,
0.3,0.744205157,19,0,0,1,1,1,TCE_1049,train,best.pt,,,,,,,
0.35,0.744205157,19,0,0,1,1,1,TCE_1049,train,best.pt,,,,,,,
0.4,0.744205157,19,0,0,1,1,1,TCE_1049,train,best.pt,,,,,,,
0.45,0.744205157,19,0,0,1,1,1,TCE_1049,train,best.pt,,,,,,,
0.5,0.673328479,17,2,2,0.89,0.89,0.89,TCE_1049,train,best.pt,,,,,,,
0.2,0.781945086,19,0,0,1,1,1,TCE_1051,train,best.pt,,,,,,,
0.25,0.781945086,19,0,0,1,1,1,TCE_1051,train,best.pt,,,,,,,
0.3,0.781945086,19,0,0,1,1,1,TCE_1051,train,best.pt,,,,,,,
0.35,0.781945086,19,0,0,1,1,1,TCE_1051,train,best.pt,,,,,,,
0.4,0.781945086,19,0,0,1,1,1,TCE_1051,train,best.pt,,,,,,,
0.45,0.781945086,19,0,0,1,1,1,TCE_1051,train,best.pt,,,,,,,
0.5,0.781945086,19,0,0,1,1,1,TCE_1051,train,best.pt,,,,,,,
0.2,0.742804906,19,0,0,1,1,1,TCE_1052,train,best.pt,,,,,,,
0.25,0.742804906,19,0,0,1,1,1,TCE_1052,train,best.pt,,,,,,,
0.3,0.742804906,19,0,0,1,1,1,TCE_1052,train,best.pt,,,,,,,
0.35,0.742804906,19,0,0,1,1,1,TCE_1052,train,best.pt,,,,,,,
0.4,0.742804906,19,0,0,1,1,1,TCE_1052,train,best.pt,,,,,,,
0.45,0.742804906,19,0,0,1,1,1,TCE_1052,train,best.pt,,,,,,,
0.5,0.742804906,19,0,0,1,1,1,TCE_1052,train,best.pt,,,,,,,
0.2,0.708161705,17,0,1,1,0.94,0.97,TCE_1053,train,best.pt,,,,,,,
0.25,0.708161705,17,0,1,1,0.94,0.97,TCE_1053,train,best.pt,,,,,,,
0.3,0.708161705,17,0,1,1,0.94,0.97,TCE_1053,train,best.pt,,,,,,,
0.35,0.708161705,17,0,1,1,0.94,0.97,TCE_1053,train,best.pt,,,,,,,
0.4,0.708161705,17,0,1,1,0.94,0.97,TCE_1053,train,best.pt,,,,,,,
0.45,0.708161705,17,0,1,1,0.94,0.97,TCE_1053,train,best.pt,,,,,,,
0.5,0.708161705,17,0,1,1,0.94,0.97,TCE_1053,train,best.pt,,,,,,,
0.2,0.791734085,19,0,0,1,1,1,TCE_1055,train,best.pt,,,,,,,
0.25,0.791734085,19,0,0,1,1,1,TCE_1055,train,best.pt,,,,,,,
0.3,0.791734085,19,0,0,1,1,1,TCE_1055,train,best.pt,,,,,,,
0.35,0.791734085,19,0,0,1,1,1,TCE_1055,train,best.pt,,,,,,,
0.4,0.791734085,19,0,0,1,1,1,TCE_1055,train,best.pt,,,,,,,
0.45,0.791734085,19,0,0,1,1,1,TCE_1055,train,best.pt,,,,,,,
0.5,0.791734085,19,0,0,1,1,1,TCE_1055,train,best.pt,,,,,,,
0.2,0.780515306,19,0,0,1,1,1,TCE_1056,train,best.pt,,,,,,,
0.25,0.780515306,19,0,0,1,1,1,TCE_1056,train,best.pt,,,,,,,
0.3,0.780515306,19,0,0,1,1,1,TCE_1056,train,best.pt,,,,,,,
0.35,0.780515306,19,0,0,1,1,1,TCE_1056,train,best.pt,,,,,,,
0.4,0.780515306,19,0,0,1,1,1,TCE_1056,train,best.pt,,,,,,,
0.45,0.780515306,19,0,0,1,1,1,TCE_1056,train,best.pt,,,,,,,
0.5,0.780515306,19,0,0,1,1,1,TCE_1056,train,best.pt,,,,,,,
0.2,0.777757887,19,0,0,1,1,1,TCE_1057,train,best.pt,,,,,,,
0.25,0.777757887,19,0,0,1,1,1,TCE_1057,train,best.pt,,,,,,,
0.3,0.777757887,19,0,0,1,1,1,TCE_1057,train,best.pt,,,,,,,
0.35,0.777757887,19,0,0,1,1,1,TCE_1057,train,best.pt,,,,,,,
0.4,0.777757887,19,0,0,1,1,1,TCE_1057,train,best.pt,,,,,,,
0.45,0.777757887,19,0,0,1,1,1,TCE_1057,train,best.pt,,,,,,,
0.5,0.777757887,19,0,0,1,1,1,TCE_1057,train,best.pt,,,,,,,
0.2,0.761784632,19,0,0,1,1,1,TCE_1060,train,best.pt,,,,,,,
0.25,0.761784632,19,0,0,1,1,1,TCE_1060,train,best.pt,,,,,,,
0.3,0.761784632,19,0,0,1,1,1,TCE_1060,train,best.pt,,,,,,,
0.35,0.761784632,19,0,0,1,1,1,TCE_1060,train,best.pt,,,,,,,
0.4,0.761784632,19,0,0,1,1,1,TCE_1060,train,best.pt,,,,,,,
0.45,0.761784632,19,0,0,1,1,1,TCE_1060,train,best.pt,,,,,,,
0.5,0.723695402,18,1,1,0.95,0.95,0.95,TCE_1060,train,best.pt,,,,,,,
0.2,0.701587026,19,0,0,1,1,1,TCE_1061,train,best.pt,,,,,,,
0.25,0.701587026,19,0,0,1,1,1,TCE_1061,train,best.pt,,,,,,,
0.3,0.701587026,19,0,0,1,1,1,TCE_1061,train,best.pt,,,,,,,
0.35,0.701587026,19,0,0,1,1,1,TCE_1061,train,best.pt,,,,,,,
0.4,0.701587026,19,0,0,1,1,1,TCE_1061,train,best.pt,,,,,,,
0.45,0.666507676,18,1,1,0.95,0.95,0.95,TCE_1061,train,best.pt,,,,,,,
0.5,0.634769217,17,2,2,0.89,0.89,0.89,TCE_1061,train,best.pt,,,,,,,
0.2,0.744957069,17,0,0,1,1,1,TCE_1063,train,best.pt,,,,,,,
0.25,0.744957069,17,0,0,1,1,1,TCE_1063,train,best.pt,,,,,,,
0.3,0.744957069,17,0,0,1,1,1,TCE_1063,train,best.pt,,,,,,,
0.35,0.744957069,17,0,0,1,1,1,TCE_1063,train,best.pt,,,,,,,
0.4,0.744957069,17,0,0,1,1,1,TCE_1063,train,best.pt,,,,,,,
0.45,0.744957069,17,0,0,1,1,1,TCE_1063,train,best.pt,,,,,,,
0.5,0.744957069,17,0,0,1,1,1,TCE_1063,train,best.pt,,,,,,,
0.2,0.731273017,17,0,0,1,1,1,TCE_1064,train,best.pt,,,,,,,
0.25,0.731273017,17,0,0,1,1,1,TCE_1064,train,best.pt,,,,,,,
0.3,0.731273017,17,0,0,1,1,1,TCE_1064,train,best.pt,,,,,,,
0.35,0.731273017,17,0,0,1,1,1,TCE_1064,train,best.pt,,,,,,,
0.4,0.731273017,17,0,0,1,1,1,TCE_1064,train,best.pt,,,,,,,
0.45,0.731273017,17,0,0,1,1,1,TCE_1064,train,best.pt,,,,,,,
0.5,0.731273017,17,0,0,1,1,1,TCE_1064,train,best.pt,,,,,,,
0.2,0.755677421,19,0,0,1,1,1,TCE_1065,train,best.pt,,,,,,,
0.25,0.755677421,19,0,0,1,1,1,TCE_1065,train,best.pt,,,,,,,
0.3,0.755677421,19,0,0,1,1,1,TCE_1065,train,best.pt,,,,,,,
0.35,0.755677421,19,0,0,1,1,1,TCE_1065,train,best.pt,,,,,,,
0.4,0.755677421,19,0,0,1,1,1,TCE_1065,train,best.pt,,,,,,,
0.45,0.755677421,19,0,0,1,1,1,TCE_1065,train,best.pt,,,,,,,
0.5,0.717893552,18,1,1,0.95,0.95,0.95,TCE_1065,train,best.pt,,,,,,,
0.2,0.704560858,19,0,0,1,1,1,TCE_1066,train,best.pt,,,,,,,
0.25,0.704560858,19,0,0,1,1,1,TCE_1066,train,best.pt,,,,,,,
0.3,0.704560858,19,0,0,1,1,1,TCE_1066,train,best.pt,,,,,,,
0.35,0.704560858,19,0,0,1,1,1,TCE_1066,train,best.pt,,,,,,,
0.4,0.704560858,19,0,0,1,1,1,TCE_1066,train,best.pt,,,,,,,
0.45,0.704560858,19,0,0,1,1,1,TCE_1066,train,best.pt,,,,,,,
0.5,0.704560858,19,0,0,1,1,1,TCE_1066,train,best.pt,,,,,,,
0.2,0.646126122,17,0,2,1,0.89,0.94,TCE_1067,train,best.pt,,,,,,,
0.25,0.646126122,17,0,2,1,0.89,0.94,TCE_1067,train,best.pt,,,,,,,
0.3,0.646126122,17,0,2,1,0.89,0.94,TCE_1067,train,best.pt,,,,,,,
0.35,0.646126122,17,0,2,1,0.89,0.94,TCE_1067,train,best.pt,,,,,,,
0.4,0.646126122,17,0,2,1,0.89,0.94,TCE_1067,train,best.pt,,,,,,,
0.45,0.646126122,17,0,2,1,0.89,0.94,TCE_1067,train,best.pt,,,,,,,
0.5,0.646126122,17,0,2,1,0.89,0.94,TCE_1067,train,best.pt,,,,,,,
0.2,0.713048125,17,0,0,1,1,1,TCE_1069,train,best.pt,,,,,,,
0.25,0.713048125,17,0,0,1,1,1,TCE_1069,train,best.pt,,,,,,,
0.3,0.713048125,17,0,0,1,1,1,TCE_1069,train,best.pt,,,,,,,
0.35,0.713048125,17,0,0,1,1,1,TCE_1069,train,best.pt,,,,,,,
0.4,0.713048125,17,0,0,1,1,1,TCE_1069,train,best.pt,,,,,,,
0.45,0.673434342,16,1,1,0.94,0.94,0.94,TCE_1069,train,best.pt,,,,,,,
0.5,0.673434342,16,1,1,0.94,0.94,0.94,TCE_1069,train,best.pt,,,,,,,
0.2,0.789231401,16,0,0,1,1,1,TCE_1070,train,best.pt,,,,,,,
0.25,0.789231401,16,0,0,1,1,1,TCE_1070,train,best.pt,,,,,,,
0.3,0.789231401,16,0,0,1,1,1,TCE_1070,train,best.pt,,,,,,,
0.35,0.789231401,16,0,0,1,1,1,TCE_1070,train,best.pt,,,,,,,
0.4,0.789231401,16,0,0,1,1,1,TCE_1070,train,best.pt,,,,,,,
0.45,0.789231401,16,0,0,1,1,1,TCE_1070,train,best.pt,,,,,,,
0.5,0.742806027,15,1,1,0.94,0.94,0.94,TCE_1070,train,best.pt,,,,,,,
0.2,0.709669241,19,0,0,1,1,1,TCE_1072,train,best.pt,,,,,,,
0.25,0.709669241,19,0,0,1,1,1,TCE_1072,train,best.pt,,,,,,,
0.3,0.709669241,19,0,0,1,1,1,TCE_1072,train,best.pt,,,,,,,
0.35,0.709669241,19,0,0,1,1,1,TCE_1072,train,best.pt,,,,,,,
0.4,0.709669241,19,0,0,1,1,1,TCE_1072,train,best.pt,,,,,,,
0.45,0.709669241,19,0,0,1,1,1,TCE_1072,train,best.pt,,,,,,,
0.5,0.67418578,18,1,1,0.95,0.95,0.95,TCE_1072,train,best.pt,,,,,,,
0.2,0.660897312,18,0,1,1,0.95,0.97,TCE_1075,train,best.pt,,,,,,,
0.25,0.660897312,18,0,1,1,0.95,0.97,TCE_1075,train,best.pt,,,,,,,
0.3,0.660897312,18,0,1,1,0.95,0.97,TCE_1075,train,best.pt,,,,,,,
0.35,0.660897312,18,0,1,1,0.95,0.97,TCE_1075,train,best.pt,,,,,,,
0.4,0.660897312,18,0,1,1,0.95,0.97,TCE_1075,train,best.pt,,,,,,,
0.45,0.660897312,18,0,1,1,0.95,0.97,TCE_1075,train,best.pt,,,,,,,
0.5,0.660897312,18,0,1,1,0.95,0.97,TCE_1075,train,best.pt,,,,,,,
0.2,0.725208804,19,0,0,1,1,1,TCE_1076,train,best.pt,,,,,,,
0.25,0.725208804,19,0,0,1,1,1,TCE_1076,train,best.pt,,,,,,,
0.3,0.725208804,19,0,0,1,1,1,TCE_1076,train,best.pt,,,,,,,
0.35,0.725208804,19,0,0,1,1,1,TCE_1076,train,best.pt,,,,,,,
0.4,0.725208804,19,0,0,1,1,1,TCE_1076,train,best.pt,,,,,,,
0.45,0.725208804,19,0,0,1,1,1,TCE_1076,train,best.pt,,,,,,,
0.5,0.725208804,19,0,0,1,1,1,TCE_1076,train,best.pt,,,,,,,
0.2,0.724078286,19,0,0,1,1,1,TCE_1077,train,best.pt,,,,,,,
0.25,0.724078286,19,0,0,1,1,1,TCE_1077,train,best.pt,,,,,,,
0.3,0.724078286,19,0,0,1,1,1,TCE_1077,train,best.pt,,,,,,,
0.35,0.724078286,19,0,0,1,1,1,TCE_1077,train,best.pt,,,,,,,
0.4,0.724078286,19,0,0,1,1,1,TCE_1077,train,best.pt,,,,,,,
0.45,0.724078286,19,0,0,1,1,1,TCE_1077,train,best.pt,,,,,,,
0.5,0.687874373,18,1,1,0.95,0.95,0.95,TCE_1077,train,best.pt,,,,,,,
0.2,0.752431956,19,0,0,1,1,1,TCE_1078,train,best.pt,,,,,,,
0.25,0.752431956,19,0,0,1,1,1,TCE_1078,train,best.pt,,,,,,,
0.3,0.752431956,19,0,0,1,1,1,TCE_1078,train,best.pt,,,,,,,
0.35,0.752431956,19,0,0,1,1,1,TCE_1078,train,best.pt,,,,,,,
0.4,0.752431956,19,0,0,1,1,1,TCE_1078,train,best.pt,,,,,,,
0.45,0.752431956,19,0,0,1,1,1,TCE_1078,train,best.pt,,,,,,,
0.5,0.71481036,18,1,1,0.95,0.95,0.95,TCE_1078,train,best.pt,,,,,,,
0.2,0.766529526,19,0,0,1,1,1,TCE_1080,train,best.pt,,,,,,,
0.25,0.766529526,19,0,0,1,1,1,TCE_1080,train,best.pt,,,,,,,
0.3,0.766529526,19,0,0,1,1,1,TCE_1080,train,best.pt,,,,,,,
0.35,0.766529526,19,0,0,1,1,1,TCE_1080,train,best.pt,,,,,,,
0.4,0.766529526,19,0,0,1,1,1,TCE_1080,train,best.pt,,,,,,,
0.45,0.766529526,19,0,0,1,1,1,TCE_1080,train,best.pt,,,,,,,
0.5,0.766529526,19,0,0,1,1,1,TCE_1080,train,best.pt,,,,,,,
0.2,0.733270869,19,0,0,1,1,1,TCE_1081,train,best.pt,,,,,,,
0.25,0.733270869,19,0,0,1,1,1,TCE_1081,train,best.pt,,,,,,,
0.3,0.733270869,19,0,0,1,1,1,TCE_1081,train,best.pt,,,,,,,
0.35,0.733270869,19,0,0,1,1,1,TCE_1081,train,best.pt,,,,,,,
0.4,0.733270869,19,0,0,1,1,1,TCE_1081,train,best.pt,,,,,,,
0.45,0.733270869,19,0,0,1,1,1,TCE_1081,train,best.pt,,,,,,,
0.5,0.733270869,19,0,0,1,1,1,TCE_1081,train,best.pt,,,,,,,
0.2,0.764754596,19,0,0,1,1,1,TCE_1082,train,best.pt,,,,,,,
0.25,0.764754596,19,0,0,1,1,1,TCE_1082,train,best.pt,,,,,,,
0.3,0.764754596,19,0,0,1,1,1,TCE_1082,train,best.pt,,,,,,,
0.35,0.764754596,19,0,0,1,1,1,TCE_1082,train,best.pt,,,,,,,
0.4,0.764754596,19,0,0,1,1,1,TCE_1082,train,best.pt,,,,,,,
0.45,0.764754596,19,0,0,1,1,1,TCE_1082,train,best.pt,,,,,,,
0.5,0.764754596,19,0,0,1,1,1,TCE_1082,train,best.pt,,,,,,,
0.2,0.746591877,19,0,0,1,1,1,TCE_1086,train,best.pt,,,,,,,
0.25,0.746591877,19,0,0,1,1,1,TCE_1086,train,best.pt,,,,,,,
0.3,0.746591877,19,0,0,1,1,1,TCE_1086,train,best.pt,,,,,,,
0.35,0.746591877,19,0,0,1,1,1,TCE_1086,train,best.pt,,,,,,,
0.4,0.746591877,19,0,0,1,1,1,TCE_1086,train,best.pt,,,,,,,
0.45,0.746591877,19,0,0,1,1,1,TCE_1086,train,best.pt,,,,,,,
0.5,0.746591877,19,0,0,1,1,1,TCE_1086,train,best.pt,,,,,,,
0.2,0.751711368,19,0,0,1,1,1,TCE_1087,train,best.pt,,,,,,,
0.25,0.751711368,19,0,0,1,1,1,TCE_1087,train,best.pt,,,,,,,
0.3,0.751711368,19,0,0,1,1,1,TCE_1087,train,best.pt,,,,,,,
0.35,0.751711368,19,0,0,1,1,1,TCE_1087,train,best.pt,,,,,,,
0.4,0.751711368,19,0,0,1,1,1,TCE_1087,train,best.pt,,,,,,,
0.45,0.751711368,19,0,0,1,1,1,TCE_1087,train,best.pt,,,,,,,
0.5,0.751711368,19,0,0,1,1,1,TCE_1087,train,best.pt,,,,,,,
0.2,0.754540102,19,0,0,1,1,1,TCE_1089,train,best.pt,,,,,,,
0.25,0.754540102,19,0,0,1,1,1,TCE_1089,train,best.pt,,,,,,,
0.3,0.754540102,19,0,0,1,1,1,TCE_1089,train,best.pt,,,,,,,
0.35,0.754540102,19,0,0,1,1,1,TCE_1089,train,best.pt,,,,,,,
0.4,0.754540102,19,0,0,1,1,1,TCE_1089,train,best.pt,,,,,,,
0.45,0.754540102,19,0,0,1,1,1,TCE_1089,train,best.pt,,,,,,,
0.5,0.754540102,19,0,0,1,1,1,TCE_1089,train,best.pt,,,,,,,
0.2,0.738461489,19,0,0,1,1,1,TCE_1090,train,best.pt,,,,,,,
0.25,0.738461489,19,0,0,1,1,1,TCE_1090,train,best.pt,,,,,,,
0.3,0.738461489,19,0,0,1,1,1,TCE_1090,train,best.pt,,,,,,,
0.35,0.738461489,19,0,0,1,1,1,TCE_1090,train,best.pt,,,,,,,
0.4,0.738461489,19,0,0,1,1,1,TCE_1090,train,best.pt,,,,,,,
0.45,0.738461489,19,0,0,1,1,1,TCE_1090,train,best.pt,,,,,,,
0.5,0.738461489,19,0,0,1,1,1,TCE_1090,train,best.pt,,,,,,,
0.2,0.762098918,19,0,0,1,1,1,TCE_1093,train,best.pt,,,,,,,
0.25,0.762098918,19,0,0,1,1,1,TCE_1093,train,best.pt,,,,,,,
0.3,0.762098918,19,0,0,1,1,1,TCE_1093,train,best.pt,,,,,,,
0.35,0.762098918,19,0,0,1,1,1,TCE_1093,train,best.pt,,,,,,,
0.4,0.762098918,19,0,0,1,1,1,TCE_1093,train,best.pt,,,,,,,
0.45,0.762098918,19,0,0,1,1,1,TCE_1093,train,best.pt,,,,,,,
0.5,0.762098918,19,0,0,1,1,1,TCE_1093,train,best.pt,,,,,,,
0.2,0.720200769,19,0,0,1,1,1,TCE_1094,train,best.pt,,,,,,,
0.25,0.720200769,19,0,0,1,1,1,TCE_1094,train,best.pt,,,,,,,
0.3,0.720200769,19,0,0,1,1,1,TCE_1094,train,best.pt,,,,,,,
0.35,0.720200769,19,0,0,1,1,1,TCE_1094,train,best.pt,,,,,,,
0.4,0.720200769,19,0,0,1,1,1,TCE_1094,train,best.pt,,,,,,,
0.45,0.720200769,19,0,0,1,1,1,TCE_1094,train,best.pt,,,,,,,
0.5,0.720200769,19,0,0,1,1,1,TCE_1094,train,best.pt,,,,,,,
0.2,0.694492568,19,0,0,1,1,1,TCE_1095,train,best.pt,,,,,,,
0.25,0.694492568,19,0,0,1,1,1,TCE_1095,train,best.pt,,,,,,,
0.3,0.694492568,19,0,0,1,1,1,TCE_1095,train,best.pt,,,,,,,
0.35,0.694492568,19,0,0,1,1,1,TCE_1095,train,best.pt,,,,,,,
0.4,0.694492568,19,0,0,1,1,1,TCE_1095,train,best.pt,,,,,,,
0.45,0.694492568,19,0,0,1,1,1,TCE_1095,train,best.pt,,,,,,,
0.5,0.659767941,18,1,1,0.95,0.95,0.95,TCE_1095,train,best.pt,,,,,,,
0.2,0.747583322,19,0,0,1,1,1,TCE_1097,train,best.pt,,,,,,,
0.25,0.747583322,19,0,0,1,1,1,TCE_1097,train,best.pt,,,,,,,
0.3,0.747583322,19,0,0,1,1,1,TCE_1097,train,best.pt,,,,,,,
0.35,0.747583322,19,0,0,1,1,1,TCE_1097,train,best.pt,,,,,,,
0.4,0.747583322,19,0,0,1,1,1,TCE_1097,train,best.pt,,,,,,,
0.45,0.710204157,18,1,1,0.95,0.95,0.95,TCE_1097,train,best.pt,,,,,,,
0.5,0.710204157,18,1,1,0.95,0.95,0.95,TCE_1097,train,best.pt,,,,,,,
0.2,0.719029362,19,0,0,1,1,1,TCE_1099,train,best.pt,,,,,,,
0.25,0.719029362,19,0,0,1,1,1,TCE_1099,train,best.pt,,,,,,,
0.3,0.719029362,19,0,0,1,1,1,TCE_1099,train,best.pt,,,,,,,
0.35,0.719029362,19,0,0,1,1,1,TCE_1099,train,best.pt,,,,,,,
0.4,0.719029362,19,0,0,1,1,1,TCE_1099,train,best.pt,,,,,,,
0.45,0.719029362,19,0,0,1,1,1,TCE_1099,train,best.pt,,,,,,,
0.5,0.719029362,19,0,0,1,1,1,TCE_1099,train,best.pt,,,,,,,
0.2,0.785048126,19,0,0,1,1,1,TCE_1101,train,best.pt,,,,,,,
0.25,0.785048126,19,0,0,1,1,1,TCE_1101,train,best.pt,,,,,,,
0.3,0.785048126,19,0,0,1,1,1,TCE_1101,train,best.pt,,,,,,,
0.35,0.785048126,19,0,0,1,1,1,TCE_1101,train,best.pt,,,,,,,
0.4,0.785048126,19,0,0,1,1,1,TCE_1101,train,best.pt,,,,,,,
0.45,0.785048126,19,0,0,1,1,1,TCE_1101,train,best.pt,,,,,,,
0.5,0.785048126,19,0,0,1,1,1,TCE_1101,train,best.pt,,,,,,,
0.2,0.749915234,19,0,0,1,1,1,TCE_1102,train,best.pt,,,,,,,
0.25,0.749915234,19,0,0,1,1,1,TCE_1102,train,best.pt,,,,,,,
0.3,0.749915234,19,0,0,1,1,1,TCE_1102,train,best.pt,,,,,,,
0.35,0.749915234,19,0,0,1,1,1,TCE_1102,train,best.pt,,,,,,,
0.4,0.749915234,19,0,0,1,1,1,TCE_1102,train,best.pt,,,,,,,
0.45,0.712419474,18,1,1,0.95,0.95,0.95,TCE_1102,train,best.pt,,,,,,,
0.5,0.712419474,18,1,1,0.95,0.95,0.95,TCE_1102,train,best.pt,,,,,,,
0.2,0.731030545,19,0,0,1,1,1,TCE_1109,train,best.pt,,,,,,,
0.25,0.731030545,19,0,0,1,1,1,TCE_1109,train,best.pt,,,,,,,
0.3,0.731030545,19,0,0,1,1,1,TCE_1109,train,best.pt,,,,,,,
0.35,0.731030545,19,0,0,1,1,1,TCE_1109,train,best.pt,,,,,,,
0.4,0.731030545,19,0,0,1,1,1,TCE_1109,train,best.pt,,,,,,,
0.45,0.731030545,19,0,0,1,1,1,TCE_1109,train,best.pt,,,,,,,
0.5,0.731030545,19,0,0,1,1,1,TCE_1109,train,best.pt,,,,,,,
0.2,0.818305168,19,0,0,1,1,1,TCE_1111,train,best.pt,,,,,,,
0.25,0.818305168,19,0,0,1,1,1,TCE_1111,train,best.pt,,,,,,,
0.3,0.818305168,19,0,0,1,1,1,TCE_1111,train,best.pt,,,,,,,
0.35,0.818305168,19,0,0,1,1,1,TCE_1111,train,best.pt,,,,,,,
0.4,0.818305168,19,0,0,1,1,1,TCE_1111,train,best.pt,,,,,,,
0.45,0.818305168,19,0,0,1,1,1,TCE_1111,train,best.pt,,,,,,,
0.5,0.818305168,19,0,0,1,1,1,TCE_1111,train,best.pt,,,,,,,
0.2,0.765853122,19,0,0,1,1,1,TCE_1113,train,best.pt,,,,,,,
0.25,0.765853122,19,0,0,1,1,1,TCE_1113,train,best.pt,,,,,,,
0.3,0.765853122,19,0,0,1,1,1,TCE_1113,train,best.pt,,,,,,,
0.35,0.765853122,19,0,0,1,1,1,TCE_1113,train,best.pt,,,,,,,
0.4,0.765853122,19,0,0,1,1,1,TCE_1113,train,best.pt,,,,,,,
0.45,0.765853122,19,0,0,1,1,1,TCE_1113,train,best.pt,,,,,,,
0.5,0.727560468,18,1,1,0.95,0.95,0.95,TCE_1113,train,best.pt,,,,,,,
0.2,0.776682488,19,0,0,1,1,1,TCE_1114,train,best.pt,,,,,,,
0.25,0.776682488,19,0,0,1,1,1,TCE_1114,train,best.pt,,,,,,,
0.3,0.776682488,19,0,0,1,1,1,TCE_1114,train,best.pt,,,,,,,
0.35,0.776682488,19,0,0,1,1,1,TCE_1114,train,best.pt,,,,,,,
0.4,0.776682488,19,0,0,1,1,1,TCE_1114,train,best.pt,,,,,,,
0.45,0.776682488,19,0,0,1,1,1,TCE_1114,train,best.pt,,,,,,,
0.5,0.776682488,19,0,0,1,1,1,TCE_1114,train,best.pt,,,,,,,
0.2,0.786196741,19,0,0,1,1,1,TCE_1115,train,best.pt,,,,,,,
0.25,0.786196741,19,0,0,1,1,1,TCE_1115,train,best.pt,,,,,,,
0.3,0.786196741,19,0,0,1,1,1,TCE_1115,train,best.pt,,,,,,,
0.35,0.786196741,19,0,0,1,1,1,TCE_1115,train,best.pt,,,,,,,
0.4,0.786196741,19,0,0,1,1,1,TCE_1115,train,best.pt,,,,,,,
0.45,0.786196741,19,0,0,1,1,1,TCE_1115,train,best.pt,,,,,,,
0.5,0.746886906,18,1,1,0.95,0.95,0.95,TCE_1115,train,best.pt,,,,,,,
0.2,0.722151045,18,0,1,1,0.95,0.97,TCE_1116,train,best.pt,,,,,,,
0.25,0.722151045,18,0,1,1,0.95,0.97,TCE_1116,train,best.pt,,,,,,,
0.3,0.722151045,18,0,1,1,0.95,0.97,TCE_1116,train,best.pt,,,,,,,
0.35,0.722151045,18,0,1,1,0.95,0.97,TCE_1116,train,best.pt,,,,,,,
0.4,0.722151045,18,0,1,1,0.95,0.97,TCE_1116,train,best.pt,,,,,,,
0.45,0.722151045,18,0,1,1,0.95,0.97,TCE_1116,train,best.pt,,,,,,,
0.5,0.722151045,18,0,1,1,0.95,0.97,TCE_1116,train,best.pt,,,,,,,
0.2,0.648625684,17,0,2,1,0.89,0.94,TCE_1118,train,best.pt,,,,,,,
0.25,0.648625684,17,0,2,1,0.89,0.94,TCE_1118,train,best.pt,,,,,,,
0.3,0.648625684,17,0,2,1,0.89,0.94,TCE_1118,train,best.pt,,,,,,,
0.35,0.648625684,17,0,2,1,0.89,0.94,TCE_1118,train,best.pt,,,,,,,
0.4,0.648625684,17,0,2,1,0.89,0.94,TCE_1118,train,best.pt,,,,,,,
0.45,0.648625684,17,0,2,1,0.89,0.94,TCE_1118,train,best.pt,,,,,,,
0.5,0.648625684,17,0,2,1,0.89,0.94,TCE_1118,train,best.pt,,,,,,,
0.2,0.708512377,18,0,1,1,0.95,0.97,TCE_1119,train,best.pt,,,,,,,
0.25,0.708512377,18,0,1,1,0.95,0.97,TCE_1119,train,best.pt,,,,,,,
0.3,0.708512377,18,0,1,1,0.95,0.97,TCE_1119,train,best.pt,,,,,,,
0.35,0.708512377,18,0,1,1,0.95,0.97,TCE_1119,train,best.pt,,,,,,,
0.4,0.708512377,18,0,1,1,0.95,0.97,TCE_1119,train,best.pt,,,,,,,
0.45,0.708512377,18,0,1,1,0.95,0.97,TCE_1119,train,best.pt,,,,,,,
0.5,0.708512377,18,0,1,1,0.95,0.97,TCE_1119,train,best.pt,,,,,,,
0.2,0.787569586,20,0,1,1,0.95,0.98,TCE_1120,train,best.pt,,,,,,,
0.25,0.787569586,20,0,1,1,0.95,0.98,TCE_1120,train,best.pt,,,,,,,
0.3,0.787569586,20,0,1,1,0.95,0.98,TCE_1120,train,best.pt,,,,,,,
0.35,0.787569586,20,0,1,1,0.95,0.98,TCE_1120,train,best.pt,,,,,,,
0.4,0.787569586,20,0,1,1,0.95,0.98,TCE_1120,train,best.pt,,,,,,,
0.45,0.787569586,20,0,1,1,0.95,0.98,TCE_1120,train,best.pt,,,,,,,
0.5,0.787569586,20,0,1,1,0.95,0.98,TCE_1120,train,best.pt,,,,,,,
0.2,0.774060259,19,0,0,1,1,1,TCE_1121,train,best.pt,,,,,,,
0.25,0.774060259,19,0,0,1,1,1,TCE_1121,train,best.pt,,,,,,,
0.3,0.774060259,19,0,0,1,1,1,TCE_1121,train,best.pt,,,,,,,
0.35,0.774060259,19,0,0,1,1,1,TCE_1121,train,best.pt,,,,,,,
0.4,0.774060259,19,0,0,1,1,1,TCE_1121,train,best.pt,,,,,,,
0.45,0.774060259,19,0,0,1,1,1,TCE_1121,train,best.pt,,,,,,,
0.5,0.735357248,18,1,1,0.95,0.95,0.95,TCE_1121,train,best.pt,,,,,,,
0.2,0.774946167,19,0,0,1,1,1,TCE_1122,train,best.pt,,,,,,,
0.25,0.774946167,19,0,0,1,1,1,TCE_1122,train,best.pt,,,,,,,
0.3,0.774946167,19,0,0,1,1,1,TCE_1122,train,best.pt,,,,,,,
0.35,0.774946167,19,0,0,1,1,1,TCE_1122,train,best.pt,,,,,,,
0.4,0.774946167,19,0,0,1,1,1,TCE_1122,train,best.pt,,,,,,,
0.45,0.774946167,19,0,0,1,1,1,TCE_1122,train,best.pt,,,,,,,
0.5,0.774946167,19,0,0,1,1,1,TCE_1122,train,best.pt,,,,,,,
0.2,0.729394891,18,0,1,1,0.95,0.97,TCE_1123,train,best.pt,,,,,,,
0.25,0.729394891,18,0,1,1,0.95,0.97,TCE_1123,train,best.pt,,,,,,,
0.3,0.729394891,18,0,1,1,0.95,0.97,TCE_1123,train,best.pt,,,,,,,
0.35,0.729394891,18,0,1,1,0.95,0.97,TCE_1123,train,best.pt,,,,,,,
0.4,0.729394891,18,0,1,1,0.95,0.97,TCE_1123,train,best.pt,,,,,,,
0.45,0.729394891,18,0,1,1,0.95,0.97,TCE_1123,train,best.pt,,,,,,,
0.5,0.692925149,17,1,2,0.94,0.89,0.92,TCE_1123,train,best.pt,,,,,,,
0.2,0.783860463,19,0,0,1,1,1,TCE_1124,train,best.pt,,,,,,,
0.25,0.783860463,19,0,0,1,1,1,TCE_1124,train,best.pt,,,,,,,
0.3,0.783860463,19,0,0,1,1,1,TCE_1124,train,best.pt,,,,,,,
0.35,0.783860463,19,0,0,1,1,1,TCE_1124,train,best.pt,,,,,,,
0.4,0.783860463,19,0,0,1,1,1,TCE_1124,train,best.pt,,,,,,,
0.45,0.783860463,19,0,0,1,1,1,TCE_1124,train,best.pt,,,,,,,
0.5,0.783860463,19,0,0,1,1,1,TCE_1124,train,best.pt,,,,,,,
0.2,0.739145761,19,0,0,1,1,1,TCE_1125,train,best.pt,,,,,,,
0.25,0.739145761,19,0,0,1,1,1,TCE_1125,train,best.pt,,,,,,,
0.3,0.739145761,19,0,0,1,1,1,TCE_1125,train,best.pt,,,,,,,
0.35,0.739145761,19,0,0,1,1,1,TCE_1125,train,best.pt,,,,,,,
0.4,0.739145761,19,0,0,1,1,1,TCE_1125,train,best.pt,,,,,,,
0.45,0.739145761,19,0,0,1,1,1,TCE_1125,train,best.pt,,,,,,,
0.5,0.702188475,18,1,1,0.95,0.95,0.95,TCE_1125,train,best.pt,,,,,,,
0.2,0.755549185,17,0,0,1,1,1,TCE_1127,train,best.pt,,,,,,,
0.25,0.755549185,17,0,0,1,1,1,TCE_1127,train,best.pt,,,,,,,
0.3,0.755549185,17,0,0,1,1,1,TCE_1127,train,best.pt,,,,,,,
0.35,0.755549185,17,0,0,1,1,1,TCE_1127,train,best.pt,,,,,,,
0.4,0.755549185,17,0,0,1,1,1,TCE_1127,train,best.pt,,,,,,,
0.45,0.755549185,17,0,0,1,1,1,TCE_1127,train,best.pt,,,,,,,
0.5,0.713574232,16,1,1,0.94,0.94,0.94,TCE_1127,train,best.pt,,,,,,,
0.2,0.797268257,19,0,0,1,1,1,TCE_1128,train,best.pt,,,,,,,
0.25,0.797268257,19,0,0,1,1,1,TCE_1128,train,best.pt,,,,,,,
0.3,0.797268257,19,0,0,1,1,1,TCE_1128,train,best.pt,,,,,,,
0.35,0.797268257,19,0,0,1,1,1,TCE_1128,train,best.pt,,,,,,,
0.4,0.797268257,19,0,0,1,1,1,TCE_1128,train,best.pt,,,,,,,
0.45,0.797268257,19,0,0,1,1,1,TCE_1128,train,best.pt,,,,,,,
0.5,0.797268257,19,0,0,1,1,1,TCE_1128,train,best.pt,,,,,,,
0.2,0.768113623,19,0,0,1,1,1,TCE_1130,train,best.pt,,,,,,,
0.25,0.768113623,19,0,0,1,1,1,TCE_1130,train,best.pt,,,,,,,
0.3,0.768113623,19,0,0,1,1,1,TCE_1130,train,best.pt,,,,,,,
0.35,0.768113623,19,0,0,1,1,1,TCE_1130,train,best.pt,,,,,,,
0.4,0.768113623,19,0,0,1,1,1,TCE_1130,train,best.pt,,,,,,,
0.45,0.768113623,19,0,0,1,1,1,TCE_1130,train,best.pt,,,,,,,
0.5,0.729707944,18,1,1,0.95,0.95,0.95,TCE_1130,train,best.pt,,,,,,,
0.2,0.753309902,19,0,0,1,1,1,TCE_1132,train,best.pt,,,,,,,
0.25,0.753309902,19,0,0,1,1,1,TCE_1132,train,best.pt,,,,,,,
0.3,0.753309902,19,0,0,1,1,1,TCE_1132,train,best.pt,,,,,,,
0.35,0.753309902,19,0,0,1,1,1,TCE_1132,train,best.pt,,,,,,,
0.4,0.753309902,19,0,0,1,1,1,TCE_1132,train,best.pt,,,,,,,
0.45,0.753309902,19,0,0,1,1,1,TCE_1132,train,best.pt,,,,,,,
0.5,0.753309902,19,0,0,1,1,1,TCE_1132,train,best.pt,,,,,,,
0.2,0.7387234,19,0,0,1,1,1,TCE_1133,train,best.pt,,,,,,,
0.25,0.7387234,19,0,0,1,1,1,TCE_1133,train,best.pt,,,,,,,
0.3,0.7387234,19,0,0,1,1,1,TCE_1133,train,best.pt,,,,,,,
0.35,0.7387234,19,0,0,1,1,1,TCE_1133,train,best.pt,,,,,,,
0.4,0.7387234,19,0,0,1,1,1,TCE_1133,train,best.pt,,,,,,,
0.45,0.7387234,19,0,0,1,1,1,TCE_1133,train,best.pt,,,,,,,
0.5,0.7387234,19,0,0,1,1,1,TCE_1133,train,best.pt,,,,,,,
0.2,0.771922104,19,0,0,1,1,1,TCE_1134,train,best.pt,,,,,,,
0.25,0.771922104,19,0,0,1,1,1,TCE_1134,train,best.pt,,,,,,,
0.3,0.771922104,19,0,0,1,1,1,TCE_1134,train,best.pt,,,,,,,
0.35,0.771922104,19,0,0,1,1,1,TCE_1134,train,best.pt,,,,,,,
0.4,0.771922104,19,0,0,1,1,1,TCE_1134,train,best.pt,,,,,,,
0.45,0.771922104,19,0,0,1,1,1,TCE_1134,train,best.pt,,,,,,,
0.5,0.771922104,19,0,0,1,1,1,TCE_1134,train,best.pt,,,,,,,
0.2,0.728365189,19,0,0,1,1,1,TCE_1137,train,best.pt,,,,,,,
0.25,0.728365189,19,0,0,1,1,1,TCE_1137,train,best.pt,,,,,,,
0.3,0.728365189,19,0,0,1,1,1,TCE_1137,train,best.pt,,,,,,,
0.35,0.728365189,19,0,0,1,1,1,TCE_1137,train,best.pt,,,,,,,
0.4,0.728365189,19,0,0,1,1,1,TCE_1137,train,best.pt,,,,,,,
0.45,0.728365189,19,0,0,1,1,1,TCE_1137,train,best.pt,,,,,,,
0.5,0.728365189,19,0,0,1,1,1,TCE_1137,train,best.pt,,,,,,,
0.2,0.752991963,19,0,0,1,1,1,TCE_1138,train,best.pt,,,,,,,
0.25,0.752991963,19,0,0,1,1,1,TCE_1138,train,best.pt,,,,,,,
0.3,0.752991963,19,0,0,1,1,1,TCE_1138,train,best.pt,,,,,,,
0.35,0.752991963,19,0,0,1,1,1,TCE_1138,train,best.pt,,,,,,,
0.4,0.752991963,19,0,0,1,1,1,TCE_1138,train,best.pt,,,,,,,
0.45,0.752991963,19,0,0,1,1,1,TCE_1138,train,best.pt,,,,,,,
0.5,0.752991963,19,0,0,1,1,1,TCE_1138,train,best.pt,,,,,,,
0.2,0.773013799,19,0,0,1,1,1,TCE_1140,train,best.pt,,,,,,,
0.25,0.773013799,19,0,0,1,1,1,TCE_1140,train,best.pt,,,,,,,
0.3,0.773013799,19,0,0,1,1,1,TCE_1140,train,best.pt,,,,,,,
0.35,0.773013799,19,0,0,1,1,1,TCE_1140,train,best.pt,,,,,,,
0.4,0.773013799,19,0,0,1,1,1,TCE_1140,train,best.pt,,,,,,,
0.45,0.773013799,19,0,0,1,1,1,TCE_1140,train,best.pt,,,,,,,
0.5,0.773013799,19,0,0,1,1,1,TCE_1140,train,best.pt,,,,,,,
0.2,0.787156202,19,0,0,1,1,1,TCE_1141,train,best.pt,,,,,,,
0.25,0.787156202,19,0,0,1,1,1,TCE_1141,train,best.pt,,,,,,,
0.3,0.787156202,19,0,0,1,1,1,TCE_1141,train,best.pt,,,,,,,
0.35,0.787156202,19,0,0,1,1,1,TCE_1141,train,best.pt,,,,,,,
0.4,0.787156202,19,0,0,1,1,1,TCE_1141,train,best.pt,,,,,,,
0.45,0.787156202,19,0,0,1,1,1,TCE_1141,train,best.pt,,,,,,,
0.5,0.787156202,19,0,0,1,1,1,TCE_1141,train,best.pt,,,,,,,
0.2,0.754020003,19,0,0,1,1,1,TCE_1143,train,best.pt,,,,,,,
0.25,0.754020003,19,0,0,1,1,1,TCE_1143,train,best.pt,,,,,,,
0.3,0.754020003,19,0,0,1,1,1,TCE_1143,train,best.pt,,,,,,,
0.35,0.754020003,19,0,0,1,1,1,TCE_1143,train,best.pt,,,,,,,
0.4,0.754020003,19,0,0,1,1,1,TCE_1143,train,best.pt,,,,,,,
0.45,0.754020003,19,0,0,1,1,1,TCE_1143,train,best.pt,,,,,,,
0.5,0.754020003,19,0,0,1,1,1,TCE_1143,train,best.pt,,,,,,,
0.2,0.762604276,19,0,0,1,1,1,TCE_1146,train,best.pt,,,,,,,
0.25,0.762604276,19,0,0,1,1,1,TCE_1146,train,best.pt,,,,,,,
0.3,0.762604276,19,0,0,1,1,1,TCE_1146,train,best.pt,,,,,,,
0.35,0.762604276,19,0,0,1,1,1,TCE_1146,train,best.pt,,,,,,,
0.4,0.762604276,19,0,0,1,1,1,TCE_1146,train,best.pt,,,,,,,
0.45,0.762604276,19,0,0,1,1,1,TCE_1146,train,best.pt,,,,,,,
0.5,0.724474064,18,1,1,0.95,0.95,0.95,TCE_1146,train,best.pt,,,,,,,
0.2,0.78892482,19,0,0,1,1,1,TCE_1147,train,best.pt,,,,,,,
0.25,0.78892482,19,0,0,1,1,1,TCE_1147,train,best.pt,,,,,,,
0.3,0.78892482,19,0,0,1,1,1,TCE_1147,train,best.pt,,,,,,,
0.35,0.78892482,19,0,0,1,1,1,TCE_1147,train,best.pt,,,,,,,
0.4,0.78892482,19,0,0,1,1,1,TCE_1147,train,best.pt,,,,,,,
0.45,0.78892482,19,0,0,1,1,1,TCE_1147,train,best.pt,,,,,,,
0.5,0.78892482,19,0,0,1,1,1,TCE_1147,train,best.pt,,,,,,,
0.2,0.797055154,19,0,0,1,1,1,TCE_1148,train,best.pt,,,,,,,
0.25,0.797055154,19,0,0,1,1,1,TCE_1148,train,best.pt,,,,,,,
0.3,0.797055154,19,0,0,1,1,1,TCE_1148,train,best.pt,,,,,,,
0.35,0.797055154,19,0,0,1,1,1,TCE_1148,train,best.pt,,,,,,,
0.4,0.797055154,19,0,0,1,1,1,TCE_1148,train,best.pt,,,,,,,
0.45,0.797055154,19,0,0,1,1,1,TCE_1148,train,best.pt,,,,,,,
0.5,0.797055154,19,0,0,1,1,1,TCE_1148,train,best.pt,,,,,,,
0.2,0.786609399,19,0,0,1,1,1,TCE_1149,train,best.pt,,,,,,,
0.25,0.786609399,19,0,0,1,1,1,TCE_1149,train,best.pt,,,,,,,
0.3,0.786609399,19,0,0,1,1,1,TCE_1149,train,best.pt,,,,,,,
0.35,0.786609399,19,0,0,1,1,1,TCE_1149,train,best.pt,,,,,,,
0.4,0.786609399,19,0,0,1,1,1,TCE_1149,train,best.pt,,,,,,,
0.45,0.786609399,19,0,0,1,1,1,TCE_1149,train,best.pt,,,,,,,
0.5,0.786609399,19,0,0,1,1,1,TCE_1149,train,best.pt,,,,,,,
0.2,0.742980738,19,0,0,1,1,1,TCE_1150,train,best.pt,,,,,,,
0.25,0.742980738,19,0,0,1,1,1,TCE_1150,train,best.pt,,,,,,,
0.3,0.742980738,19,0,0,1,1,1,TCE_1150,train,best.pt,,,,,,,
0.35,0.742980738,19,0,0,1,1,1,TCE_1150,train,best.pt,,,,,,,
0.4,0.742980738,19,0,0,1,1,1,TCE_1150,train,best.pt,,,,,,,
0.45,0.742980738,19,0,0,1,1,1,TCE_1150,train,best.pt,,,,,,,
0.5,0.742980738,19,0,0,1,1,1,TCE_1150,train,best.pt,,,,,,,
0.2,0.741279387,18,0,1,1,0.95,0.97,TCE_1151,train,best.pt,,,,,,,
0.25,0.741279387,18,0,1,1,0.95,0.97,TCE_1151,train,best.pt,,,,,,,
0.3,0.741279387,18,0,1,1,0.95,0.97,TCE_1151,train,best.pt,,,,,,,
0.35,0.741279387,18,0,1,1,0.95,0.97,TCE_1151,train,best.pt,,,,,,,
0.4,0.741279387,18,0,1,1,0.95,0.97,TCE_1151,train,best.pt,,,,,,,
0.45,0.741279387,18,0,1,1,0.95,0.97,TCE_1151,train,best.pt,,,,,,,
0.5,0.741279387,18,0,1,1,0.95,0.97,TCE_1151,train,best.pt,,,,,,,
0.2,0.800752829,19,0,0,1,1,1,TCE_1153,train,best.pt,,,,,,,
0.25,0.800752829,19,0,0,1,1,1,TCE_1153,train,best.pt,,,,,,,
0.3,0.800752829,19,0,0,1,1,1,TCE_1153,train,best.pt,,,,,,,
0.35,0.800752829,19,0,0,1,1,1,TCE_1153,train,best.pt,,,,,,,
0.4,0.800752829,19,0,0,1,1,1,TCE_1153,train,best.pt,,,,,,,
0.45,0.800752829,19,0,0,1,1,1,TCE_1153,train,best.pt,,,,,,,
0.5,0.800752829,19,0,0,1,1,1,TCE_1153,train,best.pt,,,,,,,
0.2,0.736609621,19,0,0,1,1,1,TCE_1154,train,best.pt,,,,,,,
0.25,0.736609621,19,0,0,1,1,1,TCE_1154,train,best.pt,,,,,,,
0.3,0.736609621,19,0,0,1,1,1,TCE_1154,train,best.pt,,,,,,,
0.35,0.736609621,19,0,0,1,1,1,TCE_1154,train,best.pt,,,,,,,
0.4,0.736609621,19,0,0,1,1,1,TCE_1154,train,best.pt,,,,,,,
0.45,0.736609621,19,0,0,1,1,1,TCE_1154,train,best.pt,,,,,,,
0.5,0.736609621,19,0,0,1,1,1,TCE_1154,train,best.pt,,,,,,,
0.2,0.748007947,19,0,0,1,1,1,TCE_1155,train,best.pt,,,,,,,
0.25,0.748007947,19,0,0,1,1,1,TCE_1155,train,best.pt,,,,,,,
0.3,0.748007947,19,0,0,1,1,1,TCE_1155,train,best.pt,,,,,,,
0.35,0.748007947,19,0,0,1,1,1,TCE_1155,train,best.pt,,,,,,,
0.4,0.748007947,19,0,0,1,1,1,TCE_1155,train,best.pt,,,,,,,
0.45,0.748007947,19,0,0,1,1,1,TCE_1155,train,best.pt,,,,,,,
0.5,0.748007947,19,0,0,1,1,1,TCE_1155,train,best.pt,,,,,,,
0.2,0.759012486,19,0,0,1,1,1,TCE_1159,train,best.pt,,,,,,,
0.25,0.759012486,19,0,0,1,1,1,TCE_1159,train,best.pt,,,,,,,
0.3,0.759012486,19,0,0,1,1,1,TCE_1159,train,best.pt,,,,,,,
0.35,0.759012486,19,0,0,1,1,1,TCE_1159,train,best.pt,,,,,,,
0.4,0.759012486,19,0,0,1,1,1,TCE_1159,train,best.pt,,,,,,,
0.45,0.759012486,19,0,0,1,1,1,TCE_1159,train,best.pt,,,,,,,
0.5,0.686725586,17,2,2,0.89,0.89,0.89,TCE_1159,train,best.pt,,,,,,,
0.2,0.769065692,19,0,1,1,0.95,0.97,TCE_1160,train,best.pt,,,,,,,
0.25,0.769065692,19,0,1,1,0.95,0.97,TCE_1160,train,best.pt,,,,,,,
0.3,0.769065692,19,0,1,1,0.95,0.97,TCE_1160,train,best.pt,,,,,,,
0.35,0.769065692,19,0,1,1,0.95,0.97,TCE_1160,train,best.pt,,,,,,,
0.4,0.769065692,19,0,1,1,0.95,0.97,TCE_1160,train,best.pt,,,,,,,
0.45,0.769065692,19,0,1,1,0.95,0.97,TCE_1160,train,best.pt,,,,,,,
0.5,0.769065692,19,0,1,1,0.95,0.97,TCE_1160,train,best.pt,,,,,,,
0.2,0.804359649,20,0,0,1,1,1,TCE_1161,train,best.pt,,,,,,,
0.25,0.804359649,20,0,0,1,1,1,TCE_1161,train,best.pt,,,,,,,
0.3,0.804359649,20,0,0,1,1,1,TCE_1161,train,best.pt,,,,,,,
0.35,0.804359649,20,0,0,1,1,1,TCE_1161,train,best.pt,,,,,,,
0.4,0.804359649,20,0,0,1,1,1,TCE_1161,train,best.pt,,,,,,,
0.45,0.804359649,20,0,0,1,1,1,TCE_1161,train,best.pt,,,,,,,
0.5,0.804359649,20,0,0,1,1,1,TCE_1161,train,best.pt,,,,,,,
0.2,0.768663314,19,0,0,1,1,1,TCE_1163,train,best.pt,,,,,,,
0.25,0.768663314,19,0,0,1,1,1,TCE_1163,train,best.pt,,,,,,,
0.3,0.768663314,19,0,0,1,1,1,TCE_1163,train,best.pt,,,,,,,
0.35,0.768663314,19,0,0,1,1,1,TCE_1163,train,best.pt,,,,,,,
0.4,0.768663314,19,0,0,1,1,1,TCE_1163,train,best.pt,,,,,,,
0.45,0.768663314,19,0,0,1,1,1,TCE_1163,train,best.pt,,,,,,,
0.5,0.768663314,19,0,0,1,1,1,TCE_1163,train,best.pt,,,,,,,
0.2,0.7849762,19,0,0,1,1,1,TCE_1164,train,best.pt,,,,,,,
0.25,0.7849762,19,0,0,1,1,1,TCE_1164,train,best.pt,,,,,,,
0.3,0.7849762,19,0,0,1,1,1,TCE_1164,train,best.pt,,,,,,,
0.35,0.7849762,19,0,0,1,1,1,TCE_1164,train,best.pt,,,,,,,
0.4,0.7849762,19,0,0,1,1,1,TCE_1164,train,best.pt,,,,,,,
0.45,0.7849762,19,0,0,1,1,1,TCE_1164,train,best.pt,,,,,,,
0.5,0.7849762,19,0,0,1,1,1,TCE_1164,train,best.pt,,,,,,,
0.2,0.773966748,19,0,0,1,1,1,TCE_1166,train,best.pt,,,,,,,
0.25,0.773966748,19,0,0,1,1,1,TCE_1166,train,best.pt,,,,,,,
0.3,0.773966748,19,0,0,1,1,1,TCE_1166,train,best.pt,,,,,,,
0.35,0.773966748,19,0,0,1,1,1,TCE_1166,train,best.pt,,,,,,,
0.4,0.773966748,19,0,0,1,1,1,TCE_1166,train,best.pt,,,,,,,
0.45,0.773966748,19,0,0,1,1,1,TCE_1166,train,best.pt,,,,,,,
0.5,0.773966748,19,0,0,1,1,1,TCE_1166,train,best.pt,,,,,,,
0.2,0.74363668,19,0,0,1,1,1,TCE_1167,train,best.pt,,,,,,,
0.25,0.74363668,19,0,0,1,1,1,TCE_1167,train,best.pt,,,,,,,
0.3,0.74363668,19,0,0,1,1,1,TCE_1167,train,best.pt,,,,,,,
0.35,0.74363668,19,0,0,1,1,1,TCE_1167,train,best.pt,,,,,,,
0.4,0.74363668,19,0,0,1,1,1,TCE_1167,train,best.pt,,,,,,,
0.45,0.74363668,19,0,0,1,1,1,TCE_1167,train,best.pt,,,,,,,
0.5,0.74363668,19,0,0,1,1,1,TCE_1167,train,best.pt,,,,,,,
0.2,0.735064484,19,0,0,1,1,1,TCE_1169,train,best.pt,,,,,,,
0.25,0.735064484,19,0,0,1,1,1,TCE_1169,train,best.pt,,,,,,,
0.3,0.735064484,19,0,0,1,1,1,TCE_1169,train,best.pt,,,,,,,
0.35,0.735064484,19,0,0,1,1,1,TCE_1169,train,best.pt,,,,,,,
0.4,0.735064484,19,0,0,1,1,1,TCE_1169,train,best.pt,,,,,,,
0.45,0.735064484,19,0,0,1,1,1,TCE_1169,train,best.pt,,,,,,,
0.5,0.698311262,18,1,1,0.95,0.95,0.95,TCE_1169,train,best.pt,,,,,,,
0.2,0.79830835,20,0,0,1,1,1,TCE_1170,train,best.pt,,,,,,,
0.25,0.79830835,20,0,0,1,1,1,TCE_1170,train,best.pt,,,,,,,
0.3,0.79830835,20,0,0,1,1,1,TCE_1170,train,best.pt,,,,,,,
0.35,0.79830835,20,0,0,1,1,1,TCE_1170,train,best.pt,,,,,,,
0.4,0.79830835,20,0,0,1,1,1,TCE_1170,train,best.pt,,,,,,,
0.45,0.79830835,20,0,0,1,1,1,TCE_1170,train,best.pt,,,,,,,
0.5,0.79830835,20,0,0,1,1,1,TCE_1170,train,best.pt,,,,,,,
0.2,0.7614546,19,0,0,1,1,1,TCE_1171,train,best.pt,,,,,,,
0.25,0.7614546,19,0,0,1,1,1,TCE_1171,train,best.pt,,,,,,,
0.3,0.7614546,19,0,0,1,1,1,TCE_1171,train,best.pt,,,,,,,
0.35,0.7614546,19,0,0,1,1,1,TCE_1171,train,best.pt,,,,,,,
0.4,0.7614546,19,0,0,1,1,1,TCE_1171,train,best.pt,,,,,,,
0.45,0.7614546,19,0,0,1,1,1,TCE_1171,train,best.pt,,,,,,,
0.5,0.7614546,19,0,0,1,1,1,TCE_1171,train,best.pt,,,,,,,
0.2,0.795368117,19,0,0,1,1,1,TCE_1173,train,best.pt,,,,,,,
0.25,0.795368117,19,0,0,1,1,1,TCE_1173,train,best.pt,,,,,,,
0.3,0.795368117,19,0,0,1,1,1,TCE_1173,train,best.pt,,,,,,,
0.35,0.795368117,19,0,0,1,1,1,TCE_1173,train,best.pt,,,,,,,
0.4,0.795368117,19,0,0,1,1,1,TCE_1173,train,best.pt,,,,,,,
0.45,0.795368117,19,0,0,1,1,1,TCE_1173,train,best.pt,,,,,,,
0.5,0.795368117,19,0,0,1,1,1,TCE_1173,train,best.pt,,,,,,,
0.2,0.761350598,19,0,0,1,1,1,TCE_1175,train,best.pt,,,,,,,
0.25,0.761350598,19,0,0,1,1,1,TCE_1175,train,best.pt,,,,,,,
0.3,0.761350598,19,0,0,1,1,1,TCE_1175,train,best.pt,,,,,,,
0.35,0.761350598,19,0,0,1,1,1,TCE_1175,train,best.pt,,,,,,,
0.4,0.761350598,19,0,0,1,1,1,TCE_1175,train,best.pt,,,,,,,
0.45,0.761350598,19,0,0,1,1,1,TCE_1175,train,best.pt,,,,,,,
0.5,0.72328307,18,1,1,0.95,0.95,0.95,TCE_1175,train,best.pt,,,,,,,
0.2,0.806153778,19,0,0,1,1,1,TCE_1176,train,best.pt,,,,,,,
0.25,0.806153778,19,0,0,1,1,1,TCE_1176,train,best.pt,,,,,,,
0.3,0.806153778,19,0,0,1,1,1,TCE_1176,train,best.pt,,,,,,,
0.35,0.806153778,19,0,0,1,1,1,TCE_1176,train,best.pt,,,,,,,
0.4,0.806153778,19,0,0,1,1,1,TCE_1176,train,best.pt,,,,,,,
0.45,0.806153778,19,0,0,1,1,1,TCE_1176,train,best.pt,,,,,,,
0.5,0.806153778,19,0,0,1,1,1,TCE_1176,train,best.pt,,,,,,,
0.2,0.795803665,19,0,0,1,1,1,TCE_1177,train,best.pt,,,,,,,
0.25,0.795803665,19,0,0,1,1,1,TCE_1177,train,best.pt,,,,,,,
0.3,0.795803665,19,0,0,1,1,1,TCE_1177,train,best.pt,,,,,,,
0.35,0.795803665,19,0,0,1,1,1,TCE_1177,train,best.pt,,,,,,,
0.4,0.795803665,19,0,0,1,1,1,TCE_1177,train,best.pt,,,,,,,
0.45,0.795803665,19,0,0,1,1,1,TCE_1177,train,best.pt,,,,,,,
0.5,0.795803665,19,0,0,1,1,1,TCE_1177,train,best.pt,,,,,,,
0.2,0.771328306,19,0,0,1,1,1,TCE_1178,train,best.pt,,,,,,,
0.25,0.771328306,19,0,0,1,1,1,TCE_1178,train,best.pt,,,,,,,
0.3,0.771328306,19,0,0,1,1,1,TCE_1178,train,best.pt,,,,,,,
0.35,0.771328306,19,0,0,1,1,1,TCE_1178,train,best.pt,,,,,,,
0.4,0.771328306,19,0,0,1,1,1,TCE_1178,train,best.pt,,,,,,,
0.45,0.771328306,19,0,0,1,1,1,TCE_1178,train,best.pt,,,,,,,
0.5,0.771328306,19,0,0,1,1,1,TCE_1178,train,best.pt,,,,,,,
0.2,0.783461359,20,0,0,1,1,1,TCE_1180,train,best.pt,,,,,,,
0.25,0.783461359,20,0,0,1,1,1,TCE_1180,train,best.pt,,,,,,,
0.3,0.783461359,20,0,0,1,1,1,TCE_1180,train,best.pt,,,,,,,
0.35,0.783461359,20,0,0,1,1,1,TCE_1180,train,best.pt,,,,,,,
0.4,0.783461359,20,0,0,1,1,1,TCE_1180,train,best.pt,,,,,,,
0.45,0.783461359,20,0,0,1,1,1,TCE_1180,train,best.pt,,,,,,,
0.5,0.783461359,20,0,0,1,1,1,TCE_1180,train,best.pt,,,,,,,
0.2,0.77832883,20,0,0,1,1,1,TCE_1181,train,best.pt,,,,,,,
0.25,0.77832883,20,0,0,1,1,1,TCE_1181,train,best.pt,,,,,,,
0.3,0.77832883,20,0,0,1,1,1,TCE_1181,train,best.pt,,,,,,,
0.35,0.77832883,20,0,0,1,1,1,TCE_1181,train,best.pt,,,,,,,
0.4,0.77832883,20,0,0,1,1,1,TCE_1181,train,best.pt,,,,,,,
0.45,0.77832883,20,0,0,1,1,1,TCE_1181,train,best.pt,,,,,,,
0.5,0.77832883,20,0,0,1,1,1,TCE_1181,train,best.pt,,,,,,,
0.2,0.72002801,18,0,1,1,0.95,0.97,TCE_1182,train,best.pt,,,,,,,
0.25,0.72002801,18,0,1,1,0.95,0.97,TCE_1182,train,best.pt,,,,,,,
0.3,0.72002801,18,0,1,1,0.95,0.97,TCE_1182,train,best.pt,,,,,,,
0.35,0.72002801,18,0,1,1,0.95,0.97,TCE_1182,train,best.pt,,,,,,,
0.4,0.684026611,17,1,2,0.94,0.89,0.92,TCE_1182,train,best.pt,,,,,,,
0.45,0.684026611,17,1,2,0.94,0.89,0.92,TCE_1182,train,best.pt,,,,,,,
0.5,0.684026611,17,1,2,0.94,0.89,0.92,TCE_1182,train,best.pt,,,,,,,
0.2,0.753401919,19,0,0,1,1,1,TCE_1183,train,best.pt,,,,,,,
0.25,0.753401919,19,0,0,1,1,1,TCE_1183,train,best.pt,,,,,,,
0.3,0.753401919,19,0,0,1,1,1,TCE_1183,train,best.pt,,,,,,,
0.35,0.753401919,19,0,0,1,1,1,TCE_1183,train,best.pt,,,,,,,
0.4,0.753401919,19,0,0,1,1,1,TCE_1183,train,best.pt,,,,,,,
0.45,0.715731825,18,1,1,0.95,0.95,0.95,TCE_1183,train,best.pt,,,,,,,
0.5,0.715731825,18,1,1,0.95,0.95,0.95,TCE_1183,train,best.pt,,,,,,,
0.2,0.796419589,19,0,0,1,1,1,TCE_1184,train,best.pt,,,,,,,
0.25,0.796419589,19,0,0,1,1,1,TCE_1184,train,best.pt,,,,,,,
0.3,0.796419589,19,0,0,1,1,1,TCE_1184,train,best.pt,,,,,,,
0.35,0.796419589,19,0,0,1,1,1,TCE_1184,train,best.pt,,,,,,,
0.4,0.796419589,19,0,0,1,1,1,TCE_1184,train,best.pt,,,,,,,
0.45,0.796419589,19,0,0,1,1,1,TCE_1184,train,best.pt,,,,,,,
0.5,0.796419589,19,0,0,1,1,1,TCE_1184,train,best.pt,,,,,,,
0.2,0.783179048,19,0,0,1,1,1,TCE_1185,train,best.pt,,,,,,,
0.25,0.783179048,19,0,0,1,1,1,TCE_1185,train,best.pt,,,,,,,
0.3,0.783179048,19,0,0,1,1,1,TCE_1185,train,best.pt,,,,,,,
0.35,0.783179048,19,0,0,1,1,1,TCE_1185,train,best.pt,,,,,,,
0.4,0.783179048,19,0,0,1,1,1,TCE_1185,train,best.pt,,,,,,,
0.45,0.783179048,19,0,0,1,1,1,TCE_1185,train,best.pt,,,,,,,
0.5,0.744020098,18,1,1,0.95,0.95,0.95,TCE_1185,train,best.pt,,,,,,,
0.2,0.798938846,19,0,0,1,1,1,TCE_1186,train,best.pt,,,,,,,
0.25,0.798938846,19,0,0,1,1,1,TCE_1186,train,best.pt,,,,,,,
0.3,0.798938846,19,0,0,1,1,1,TCE_1186,train,best.pt,,,,,,,
0.35,0.798938846,19,0,0,1,1,1,TCE_1186,train,best.pt,,,,,,,
0.4,0.798938846,19,0,0,1,1,1,TCE_1186,train,best.pt,,,,,,,
0.45,0.798938846,19,0,0,1,1,1,TCE_1186,train,best.pt,,,,,,,
0.5,0.798938846,19,0,0,1,1,1,TCE_1186,train,best.pt,,,,,,,
0.2,0.789032291,19,0,0,1,1,1,TCE_1187,train,best.pt,,,,,,,
0.25,0.789032291,19,0,0,1,1,1,TCE_1187,train,best.pt,,,,,,,
0.3,0.789032291,19,0,0,1,1,1,TCE_1187,train,best.pt,,,,,,,
0.35,0.789032291,19,0,0,1,1,1,TCE_1187,train,best.pt,,,,,,,
0.4,0.789032291,19,0,0,1,1,1,TCE_1187,train,best.pt,,,,,,,
0.45,0.789032291,19,0,0,1,1,1,TCE_1187,train,best.pt,,,,,,,
0.5,0.789032291,19,0,0,1,1,1,TCE_1187,train,best.pt,,,,,,,
0.2,0.766661992,19,0,0,1,1,1,TCE_1188,train,best.pt,,,,,,,
0.25,0.766661992,19,0,0,1,1,1,TCE_1188,train,best.pt,,,,,,,
0.3,0.766661992,19,0,0,1,1,1,TCE_1188,train,best.pt,,,,,,,
0.35,0.766661992,19,0,0,1,1,1,TCE_1188,train,best.pt,,,,,,,
0.4,0.766661992,19,0,0,1,1,1,TCE_1188,train,best.pt,,,,,,,
0.45,0.766661992,19,0,0,1,1,1,TCE_1188,train,best.pt,,,,,,,
0.5,0.766661992,19,0,0,1,1,1,TCE_1188,train,best.pt,,,,,,,
0.2,0.82023894,19,0,0,1,1,1,TCE_1189,train,best.pt,,,,,,,
0.25,0.82023894,19,0,0,1,1,1,TCE_1189,train,best.pt,,,,,,,
0.3,0.82023894,19,0,0,1,1,1,TCE_1189,train,best.pt,,,,,,,
0.35,0.82023894,19,0,0,1,1,1,TCE_1189,train,best.pt,,,,,,,
0.4,0.82023894,19,0,0,1,1,1,TCE_1189,train,best.pt,,,,,,,
0.45,0.82023894,19,0,0,1,1,1,TCE_1189,train,best.pt,,,,,,,
0.5,0.82023894,19,0,0,1,1,1,TCE_1189,train,best.pt,,,,,,,
0.2,0.771689193,19,0,0,1,1,1,TCE_1190,train,best.pt,,,,,,,
0.25,0.771689193,19,0,0,1,1,1,TCE_1190,train,best.pt,,,,,,,
0.3,0.771689193,19,0,0,1,1,1,TCE_1190,train,best.pt,,,,,,,
0.35,0.771689193,19,0,0,1,1,1,TCE_1190,train,best.pt,,,,,,,
0.4,0.771689193,19,0,0,1,1,1,TCE_1190,train,best.pt,,,,,,,
0.45,0.771689193,19,0,0,1,1,1,TCE_1190,train,best.pt,,,,,,,
0.5,0.771689193,19,0,0,1,1,1,TCE_1190,train,best.pt,,,,,,,
0.2,0.73994675,19,0,0,1,1,1,TCE_1191,train,best.pt,,,,,,,
0.25,0.73994675,19,0,0,1,1,1,TCE_1191,train,best.pt,,,,,,,
0.3,0.73994675,19,0,0,1,1,1,TCE_1191,train,best.pt,,,,,,,
0.35,0.73994675,19,0,0,1,1,1,TCE_1191,train,best.pt,,,,,,,
0.4,0.73994675,19,0,0,1,1,1,TCE_1191,train,best.pt,,,,,,,
0.45,0.73994675,19,0,0,1,1,1,TCE_1191,train,best.pt,,,,,,,
0.5,0.702949414,18,1,1,0.95,0.95,0.95,TCE_1191,train,best.pt,,,,,,,
0.2,0.757480541,19,0,0,1,1,1,TCE_1195,train,best.pt,,,,,,,
0.25,0.757480541,19,0,0,1,1,1,TCE_1195,train,best.pt,,,,,,,
0.3,0.757480541,19,0,0,1,1,1,TCE_1195,train,best.pt,,,,,,,
0.35,0.757480541,19,0,0,1,1,1,TCE_1195,train,best.pt,,,,,,,
0.4,0.757480541,19,0,0,1,1,1,TCE_1195,train,best.pt,,,,,,,
0.45,0.757480541,19,0,0,1,1,1,TCE_1195,train,best.pt,,,,,,,
0.5,0.719606516,18,1,1,0.95,0.95,0.95,TCE_1195,train,best.pt,,,,,,,
0.2,0.768455538,19,0,0,1,1,1,TCE_1196,train,best.pt,,,,,,,
0.25,0.768455538,19,0,0,1,1,1,TCE_1196,train,best.pt,,,,,,,
0.3,0.768455538,19,0,0,1,1,1,TCE_1196,train,best.pt,,,,,,,
0.35,0.768455538,19,0,0,1,1,1,TCE_1196,train,best.pt,,,,,,,
0.4,0.768455538,19,0,0,1,1,1,TCE_1196,train,best.pt,,,,,,,
0.45,0.768455538,19,0,0,1,1,1,TCE_1196,train,best.pt,,,,,,,
0.5,0.730032763,18,1,1,0.95,0.95,0.95,TCE_1196,train,best.pt,,,,,,,
0.2,0.757011054,18,0,1,1,0.95,0.97,TCE_1197,train,best.pt,,,,,,,
0.25,0.757011054,18,0,1,1,0.95,0.97,TCE_1197,train,best.pt,,,,,,,
0.3,0.757011054,18,0,1,1,0.95,0.97,TCE_1197,train,best.pt,,,,,,,
0.35,0.757011054,18,0,1,1,0.95,0.97,TCE_1197,train,best.pt,,,,,,,
0.4,0.757011054,18,0,1,1,0.95,0.97,TCE_1197,train,best.pt,,,,,,,
0.45,0.757011054,18,0,1,1,0.95,0.97,TCE_1197,train,best.pt,,,,,,,
0.5,0.757011054,18,0,1,1,0.95,0.97,TCE_1197,train,best.pt,,,,,,,
0.2,0.781648638,19,0,0,1,1,1,TCE_1198,train,best.pt,,,,,,,
0.25,0.781648638,19,0,0,1,1,1,TCE_1198,train,best.pt,,,,,,,
0.3,0.781648638,19,0,0,1,1,1,TCE_1198,train,best.pt,,,,,,,
0.35,0.781648638,19,0,0,1,1,1,TCE_1198,train,best.pt,,,,,,,
0.4,0.781648638,19,0,0,1,1,1,TCE_1198,train,best.pt,,,,,,,
0.45,0.781648638,19,0,0,1,1,1,TCE_1198,train,best.pt,,,,,,,
0.5,0.781648638,19,0,0,1,1,1,TCE_1198,train,best.pt,,,,,,,
0.2,0.798587576,19,0,0,1,1,1,TCE_1199,train,best.pt,,,,,,,
0.25,0.798587576,19,0,0,1,1,1,TCE_1199,train,best.pt,,,,,,,
0.3,0.798587576,19,0,0,1,1,1,TCE_1199,train,best.pt,,,,,,,
0.35,0.798587576,19,0,0,1,1,1,TCE_1199,train,best.pt,,,,,,,
0.4,0.798587576,19,0,0,1,1,1,TCE_1199,train,best.pt,,,,,,,
0.45,0.798587576,19,0,0,1,1,1,TCE_1199,train,best.pt,,,,,,,
0.5,0.798587576,19,0,0,1,1,1,TCE_1199,train,best.pt,,,,,,,
0.2,0.71173446,18,0,2,1,0.9,0.95,TCE_1200,train,best.pt,,,,,,,
0.25,0.71173446,18,0,2,1,0.9,0.95,TCE_1200,train,best.pt,,,,,,,
0.3,0.71173446,18,0,2,1,0.9,0.95,TCE_1200,train,best.pt,,,,,,,
0.35,0.71173446,18,0,2,1,0.9,0.95,TCE_1200,train,best.pt,,,,,,,
0.4,0.71173446,18,0,2,1,0.9,0.95,TCE_1200,train,best.pt,,,,,,,
0.45,0.71173446,18,0,2,1,0.9,0.95,TCE_1200,train,best.pt,,,,,,,
0.5,0.71173446,18,0,2,1,0.9,0.95,TCE_1200,train,best.pt,,,,,,,
0.2,0.806674356,19,0,0,1,1,1,TCE_1202,train,best.pt,,,,,,,
0.25,0.806674356,19,0,0,1,1,1,TCE_1202,train,best.pt,,,,,,,
0.3,0.806674356,19,0,0,1,1,1,TCE_1202,train,best.pt,,,,,,,
0.35,0.806674356,19,0,0,1,1,1,TCE_1202,train,best.pt,,,,,,,
0.4,0.806674356,19,0,0,1,1,1,TCE_1202,train,best.pt,,,,,,,
0.45,0.806674356,19,0,0,1,1,1,TCE_1202,train,best.pt,,,,,,,
0.5,0.806674356,19,0,0,1,1,1,TCE_1202,train,best.pt,,,,,,,
0.2,0.816007348,19,0,0,1,1,1,TCE_1204,train,best.pt,,,,,,,
0.25,0.816007348,19,0,0,1,1,1,TCE_1204,train,best.pt,,,,,,,
0.3,0.816007348,19,0,0,1,1,1,TCE_1204,train,best.pt,,,,,,,
0.35,0.816007348,19,0,0,1,1,1,TCE_1204,train,best.pt,,,,,,,
0.4,0.816007348,19,0,0,1,1,1,TCE_1204,train,best.pt,,,,,,,
0.45,0.816007348,19,0,0,1,1,1,TCE_1204,train,best.pt,,,,,,,
0.5,0.816007348,19,0,0,1,1,1,TCE_1204,train,best.pt,,,,,,,
0.2,0.766811697,17,0,1,1,0.94,0.97,TCE_1205,train,best.pt,,,,,,,
0.25,0.766811697,17,0,1,1,0.94,0.97,TCE_1205,train,best.pt,,,,,,,
0.3,0.766811697,17,0,1,1,0.94,0.97,TCE_1205,train,best.pt,,,,,,,
0.35,0.766811697,17,0,1,1,0.94,0.97,TCE_1205,train,best.pt,,,,,,,
0.4,0.766811697,17,0,1,1,0.94,0.97,TCE_1205,train,best.pt,,,,,,,
0.45,0.766811697,17,0,1,1,0.94,0.97,TCE_1205,train,best.pt,,,,,,,
0.5,0.766811697,17,0,1,1,0.94,0.97,TCE_1205,train,best.pt,,,,,,,
0.2,0.767882417,19,0,0,1,1,1,TCE_1208,train,best.pt,,,,,,,
0.25,0.767882417,19,0,0,1,1,1,TCE_1208,train,best.pt,,,,,,,
0.3,0.767882417,19,0,0,1,1,1,TCE_1208,train,best.pt,,,,,,,
0.35,0.767882417,19,0,0,1,1,1,TCE_1208,train,best.pt,,,,,,,
0.4,0.767882417,19,0,0,1,1,1,TCE_1208,train,best.pt,,,,,,,
0.45,0.767882417,19,0,0,1,1,1,TCE_1208,train,best.pt,,,,,,,
0.5,0.767882417,19,0,0,1,1,1,TCE_1208,train,best.pt,,,,,,,
0.2,0.750284123,19,0,0,1,1,1,TCE_1209,train,best.pt,,,,,,,
0.25,0.750284123,19,0,0,1,1,1,TCE_1209,train,best.pt,,,,,,,
0.3,0.750284123,19,0,0,1,1,1,TCE_1209,train,best.pt,,,,,,,
0.35,0.750284123,19,0,0,1,1,1,TCE_1209,train,best.pt,,,,,,,
0.4,0.750284123,19,0,0,1,1,1,TCE_1209,train,best.pt,,,,,,,
0.45,0.750284123,19,0,0,1,1,1,TCE_1209,train,best.pt,,,,,,,
0.5,0.750284123,19,0,0,1,1,1,TCE_1209,train,best.pt,,,,,,,
0.2,0.782163685,19,0,0,1,1,1,TCE_1210,train,best.pt,,,,,,,
0.25,0.782163685,19,0,0,1,1,1,TCE_1210,train,best.pt,,,,,,,
0.3,0.782163685,19,0,0,1,1,1,TCE_1210,train,best.pt,,,,,,,
0.35,0.782163685,19,0,0,1,1,1,TCE_1210,train,best.pt,,,,,,,
0.4,0.782163685,19,0,0,1,1,1,TCE_1210,train,best.pt,,,,,,,
0.45,0.782163685,19,0,0,1,1,1,TCE_1210,train,best.pt,,,,,,,
0.5,0.782163685,19,0,0,1,1,1,TCE_1210,train,best.pt,,,,,,,
0.2,0.760382916,19,0,0,1,1,1,TCE_1211,train,best.pt,,,,,,,
0.25,0.760382916,19,0,0,1,1,1,TCE_1211,train,best.pt,,,,,,,
0.3,0.760382916,19,0,0,1,1,1,TCE_1211,train,best.pt,,,,,,,
0.35,0.760382916,19,0,0,1,1,1,TCE_1211,train,best.pt,,,,,,,
0.4,0.760382916,19,0,0,1,1,1,TCE_1211,train,best.pt,,,,,,,
0.45,0.760382916,19,0,0,1,1,1,TCE_1211,train,best.pt,,,,,,,
0.5,0.760382916,19,0,0,1,1,1,TCE_1211,train,best.pt,,,,,,,
0.2,0.777762402,19,0,0,1,1,1,TCE_1212,train,best.pt,,,,,,,
0.25,0.777762402,19,0,0,1,1,1,TCE_1212,train,best.pt,,,,,,,
0.3,0.777762402,19,0,0,1,1,1,TCE_1212,train,best.pt,,,,,,,
0.35,0.777762402,19,0,0,1,1,1,TCE_1212,train,best.pt,,,,,,,
0.4,0.777762402,19,0,0,1,1,1,TCE_1212,train,best.pt,,,,,,,
0.45,0.777762402,19,0,0,1,1,1,TCE_1212,train,best.pt,,,,,,,
0.5,0.777762402,19,0,0,1,1,1,TCE_1212,train,best.pt,,,,,,,
0.2,0.798928442,19,0,0,1,1,1,TCE_1213,train,best.pt,,,,,,,
0.25,0.798928442,19,0,0,1,1,1,TCE_1213,train,best.pt,,,,,,,
0.3,0.798928442,19,0,0,1,1,1,TCE_1213,train,best.pt,,,,,,,
0.35,0.798928442,19,0,0,1,1,1,TCE_1213,train,best.pt,,,,,,,
0.4,0.798928442,19,0,0,1,1,1,TCE_1213,train,best.pt,,,,,,,
0.45,0.798928442,19,0,0,1,1,1,TCE_1213,train,best.pt,,,,,,,
0.5,0.798928442,19,0,0,1,1,1,TCE_1213,train,best.pt,,,,,,,
0.2,0.789386699,19,0,0,1,1,1,TCE_1214,train,best.pt,,,,,,,
0.25,0.789386699,19,0,0,1,1,1,TCE_1214,train,best.pt,,,,,,,
0.3,0.789386699,19,0,0,1,1,1,TCE_1214,train,best.pt,,,,,,,
0.35,0.789386699,19,0,0,1,1,1,TCE_1214,train,best.pt,,,,,,,
0.4,0.789386699,19,0,0,1,1,1,TCE_1214,train,best.pt,,,,,,,
0.45,0.789386699,19,0,0,1,1,1,TCE_1214,train,best.pt,,,,,,,
0.5,0.789386699,19,0,0,1,1,1,TCE_1214,train,best.pt,,,,,,,
0.2,0.793679182,19,0,0,1,1,1,TCE_1215,train,best.pt,,,,,,,
0.25,0.793679182,19,0,0,1,1,1,TCE_1215,train,best.pt,,,,,,,
0.3,0.793679182,19,0,0,1,1,1,TCE_1215,train,best.pt,,,,,,,
0.35,0.793679182,19,0,0,1,1,1,TCE_1215,train,best.pt,,,,,,,
0.4,0.793679182,19,0,0,1,1,1,TCE_1215,train,best.pt,,,,,,,
0.45,0.793679182,19,0,0,1,1,1,TCE_1215,train,best.pt,,,,,,,
0.5,0.793679182,19,0,0,1,1,1,TCE_1215,train,best.pt,,,,,,,
0.2,0.791313917,19,0,0,1,1,1,TCE_1216,train,best.pt,,,,,,,
0.25,0.791313917,19,0,0,1,1,1,TCE_1216,train,best.pt,,,,,,,
0.3,0.791313917,19,0,0,1,1,1,TCE_1216,train,best.pt,,,,,,,
0.35,0.791313917,19,0,0,1,1,1,TCE_1216,train,best.pt,,,,,,,
0.4,0.791313917,19,0,0,1,1,1,TCE_1216,train,best.pt,,,,,,,
0.45,0.791313917,19,0,0,1,1,1,TCE_1216,train,best.pt,,,,,,,
0.5,0.791313917,19,0,0,1,1,1,TCE_1216,train,best.pt,,,,,,,
0.2,0.720520064,18,0,1,1,0.95,0.97,TCE_1218,train,best.pt,,,,,,,
0.25,0.720520064,18,0,1,1,0.95,0.97,TCE_1218,train,best.pt,,,,,,,
0.3,0.720520064,18,0,1,1,0.95,0.97,TCE_1218,train,best.pt,,,,,,,
0.35,0.720520064,18,0,1,1,0.95,0.97,TCE_1218,train,best.pt,,,,,,,
0.4,0.720520064,18,0,1,1,0.95,0.97,TCE_1218,train,best.pt,,,,,,,
0.45,0.720520064,18,0,1,1,0.95,0.97,TCE_1218,train,best.pt,,,,,,,
0.5,0.684494062,17,1,2,0.94,0.89,0.92,TCE_1218,train,best.pt,,,,,,,
0.2,0.785632908,19,0,0,1,1,1,TCE_1220,train,best.pt,,,,,,,
0.25,0.785632908,19,0,0,1,1,1,TCE_1220,train,best.pt,,,,,,,
0.3,0.785632908,19,0,0,1,1,1,TCE_1220,train,best.pt,,,,,,,
0.35,0.785632908,19,0,0,1,1,1,TCE_1220,train,best.pt,,,,,,,
0.4,0.785632908,19,0,0,1,1,1,TCE_1220,train,best.pt,,,,,,,
0.45,0.785632908,19,0,0,1,1,1,TCE_1220,train,best.pt,,,,,,,
0.5,0.785632908,19,0,0,1,1,1,TCE_1220,train,best.pt,,,,,,,
0.2,0.774684996,19,0,0,1,1,1,TCE_1221,train,best.pt,,,,,,,
0.25,0.774684996,19,0,0,1,1,1,TCE_1221,train,best.pt,,,,,,,
0.3,0.774684996,19,0,0,1,1,1,TCE_1221,train,best.pt,,,,,,,
0.35,0.774684996,19,0,0,1,1,1,TCE_1221,train,best.pt,,,,,,,
0.4,0.774684996,19,0,0,1,1,1,TCE_1221,train,best.pt,,,,,,,
0.45,0.774684996,19,0,0,1,1,1,TCE_1221,train,best.pt,,,,,,,
0.5,0.774684996,19,0,0,1,1,1,TCE_1221,train,best.pt,,,,,,,
0.2,0.781889213,19,0,0,1,1,1,TCE_1222,train,best.pt,,,,,,,
0.25,0.781889213,19,0,0,1,1,1,TCE_1222,train,best.pt,,,,,,,
0.3,0.781889213,19,0,0,1,1,1,TCE_1222,train,best.pt,,,,,,,
0.35,0.781889213,19,0,0,1,1,1,TCE_1222,train,best.pt,,,,,,,
0.4,0.781889213,19,0,0,1,1,1,TCE_1222,train,best.pt,,,,,,,
0.45,0.781889213,19,0,0,1,1,1,TCE_1222,train,best.pt,,,,,,,
0.5,0.781889213,19,0,0,1,1,1,TCE_1222,train,best.pt,,,,,,,
0.2,0.768495687,19,0,0,1,1,1,TCE_1224,train,best.pt,,,,,,,
0.25,0.768495687,19,0,0,1,1,1,TCE_1224,train,best.pt,,,,,,,
0.3,0.768495687,19,0,0,1,1,1,TCE_1224,train,best.pt,,,,,,,
0.35,0.768495687,19,0,0,1,1,1,TCE_1224,train,best.pt,,,,,,,
0.4,0.768495687,19,0,0,1,1,1,TCE_1224,train,best.pt,,,,,,,
0.45,0.768495687,19,0,0,1,1,1,TCE_1224,train,best.pt,,,,,,,
0.5,0.768495687,19,0,0,1,1,1,TCE_1224,train,best.pt,,,,,,,
0.2,0.745853216,19,0,0,1,1,1,TCE_1225,train,best.pt,,,,,,,
0.25,0.745853216,19,0,0,1,1,1,TCE_1225,train,best.pt,,,,,,,
0.3,0.745853216,19,0,0,1,1,1,TCE_1225,train,best.pt,,,,,,,
0.35,0.745853216,19,0,0,1,1,1,TCE_1225,train,best.pt,,,,,,,
0.4,0.745853216,19,0,0,1,1,1,TCE_1225,train,best.pt,,,,,,,
0.45,0.745853216,19,0,0,1,1,1,TCE_1225,train,best.pt,,,,,,,
0.5,0.745853216,19,0,0,1,1,1,TCE_1225,train,best.pt,,,,,,,
0.2,0.751794387,18,0,1,1,0.95,0.97,TCE_1226,train,best.pt,,,,,,,
0.25,0.751794387,18,0,1,1,0.95,0.97,TCE_1226,train,best.pt,,,,,,,
0.3,0.751794387,18,0,1,1,0.95,0.97,TCE_1226,train,best.pt,,,,,,,
0.35,0.751794387,18,0,1,1,0.95,0.97,TCE_1226,train,best.pt,,,,,,,
0.4,0.751794387,18,0,1,1,0.95,0.97,TCE_1226,train,best.pt,,,,,,,
0.45,0.751794387,18,0,1,1,0.95,0.97,TCE_1226,train,best.pt,,,,,,,
0.5,0.751794387,18,0,1,1,0.95,0.97,TCE_1226,train,best.pt,,,,,,,
0.2,0.748861238,19,0,0,1,1,1,TCE_1227,train,best.pt,,,,,,,
0.25,0.748861238,19,0,0,1,1,1,TCE_1227,train,best.pt,,,,,,,
0.3,0.748861238,19,0,0,1,1,1,TCE_1227,train,best.pt,,,,,,,
0.35,0.748861238,19,0,0,1,1,1,TCE_1227,train,best.pt,,,,,,,
0.4,0.748861238,19,0,0,1,1,1,TCE_1227,train,best.pt,,,,,,,
0.45,0.748861238,19,0,0,1,1,1,TCE_1227,train,best.pt,,,,,,,
0.5,0.748861238,19,0,0,1,1,1,TCE_1227,train,best.pt,,,,,,,
0.2,0.778562691,19,0,0,1,1,1,TCE_1229,train,best.pt,,,,,,,
0.25,0.778562691,19,0,0,1,1,1,TCE_1229,train,best.pt,,,,,,,
0.3,0.778562691,19,0,0,1,1,1,TCE_1229,train,best.pt,,,,,,,
0.35,0.778562691,19,0,0,1,1,1,TCE_1229,train,best.pt,,,,,,,
0.4,0.778562691,19,0,0,1,1,1,TCE_1229,train,best.pt,,,,,,,
0.45,0.778562691,19,0,0,1,1,1,TCE_1229,train,best.pt,,,,,,,
0.5,0.778562691,19,0,0,1,1,1,TCE_1229,train,best.pt,,,,,,,
0.2,0.774423932,19,0,0,1,1,1,TCE_1231,train,best.pt,,,,,,,
0.25,0.774423932,19,0,0,1,1,1,TCE_1231,train,best.pt,,,,,,,
0.3,0.774423932,19,0,0,1,1,1,TCE_1231,train,best.pt,,,,,,,
0.35,0.774423932,19,0,0,1,1,1,TCE_1231,train,best.pt,,,,,,,
0.4,0.774423932,19,0,0,1,1,1,TCE_1231,train,best.pt,,,,,,,
0.45,0.774423932,19,0,0,1,1,1,TCE_1231,train,best.pt,,,,,,,
0.5,0.774423932,19,0,0,1,1,1,TCE_1231,train,best.pt,,,,,,,
0.2,0.782169545,19,0,0,1,1,1,TCE_1232,train,best.pt,,,,,,,
0.25,0.782169545,19,0,0,1,1,1,TCE_1232,train,best.pt,,,,,,,
0.3,0.782169545,19,0,0,1,1,1,TCE_1232,train,best.pt,,,,,,,
0.35,0.782169545,19,0,0,1,1,1,TCE_1232,train,best.pt,,,,,,,
0.4,0.782169545,19,0,0,1,1,1,TCE_1232,train,best.pt,,,,,,,
0.45,0.782169545,19,0,0,1,1,1,TCE_1232,train,best.pt,,,,,,,
0.5,0.782169545,19,0,0,1,1,1,TCE_1232,train,best.pt,,,,,,,
0.2,0.75514907,19,0,0,1,1,1,TCE_1233,train,best.pt,,,,,,,
0.25,0.75514907,19,0,0,1,1,1,TCE_1233,train,best.pt,,,,,,,
0.3,0.75514907,19,0,0,1,1,1,TCE_1233,train,best.pt,,,,,,,
0.35,0.75514907,19,0,0,1,1,1,TCE_1233,train,best.pt,,,,,,,
0.4,0.75514907,19,0,0,1,1,1,TCE_1233,train,best.pt,,,,,,,
0.45,0.75514907,19,0,0,1,1,1,TCE_1233,train,best.pt,,,,,,,
0.5,0.75514907,19,0,0,1,1,1,TCE_1233,train,best.pt,,,,,,,
0.2,0.798202807,19,0,0,1,1,1,TCE_1234,train,best.pt,,,,,,,
0.25,0.798202807,19,0,0,1,1,1,TCE_1234,train,best.pt,,,,,,,
0.3,0.798202807,19,0,0,1,1,1,TCE_1234,train,best.pt,,,,,,,
0.35,0.798202807,19,0,0,1,1,1,TCE_1234,train,best.pt,,,,,,,
0.4,0.798202807,19,0,0,1,1,1,TCE_1234,train,best.pt,,,,,,,
0.45,0.798202807,19,0,0,1,1,1,TCE_1234,train,best.pt,,,,,,,
0.5,0.798202807,19,0,0,1,1,1,TCE_1234,train,best.pt,,,,,,,
0.2,0.77372025,19,0,0,1,1,1,TCE_1235,train,best.pt,,,,,,,
0.25,0.77372025,19,0,0,1,1,1,TCE_1235,train,best.pt,,,,,,,
0.3,0.77372025,19,0,0,1,1,1,TCE_1235,train,best.pt,,,,,,,
0.35,0.77372025,19,0,0,1,1,1,TCE_1235,train,best.pt,,,,,,,
0.4,0.77372025,19,0,0,1,1,1,TCE_1235,train,best.pt,,,,,,,
0.45,0.77372025,19,0,0,1,1,1,TCE_1235,train,best.pt,,,,,,,
0.5,0.77372025,19,0,0,1,1,1,TCE_1235,train,best.pt,,,,,,,
0.2,0.751902155,19,0,0,1,1,1,TCE_1236,train,best.pt,,,,,,,
0.25,0.751902155,19,0,0,1,1,1,TCE_1236,train,best.pt,,,,,,,
0.3,0.751902155,19,0,0,1,1,1,TCE_1236,train,best.pt,,,,,,,
0.35,0.751902155,19,0,0,1,1,1,TCE_1236,train,best.pt,,,,,,,
0.4,0.751902155,19,0,0,1,1,1,TCE_1236,train,best.pt,,,,,,,
0.45,0.751902155,19,0,0,1,1,1,TCE_1236,train,best.pt,,,,,,,
0.5,0.751902155,19,0,0,1,1,1,TCE_1236,train,best.pt,,,,,,,
0.2,0.786690825,19,0,0,1,1,1,TCE_1239,train,best.pt,,,,,,,
0.25,0.786690825,19,0,0,1,1,1,TCE_1239,train,best.pt,,,,,,,
0.3,0.786690825,19,0,0,1,1,1,TCE_1239,train,best.pt,,,,,,,
0.35,0.786690825,19,0,0,1,1,1,TCE_1239,train,best.pt,,,,,,,
0.4,0.786690825,19,0,0,1,1,1,TCE_1239,train,best.pt,,,,,,,
0.45,0.786690825,19,0,0,1,1,1,TCE_1239,train,best.pt,,,,,,,
0.5,0.786690825,19,0,0,1,1,1,TCE_1239,train,best.pt,,,,,,,
0.2,0.723386943,18,0,1,1,0.95,0.97,TCE_1240,train,best.pt,,,,,,,
0.25,0.723386943,18,0,1,1,0.95,0.97,TCE_1240,train,best.pt,,,,,,,
0.3,0.723386943,18,0,1,1,0.95,0.97,TCE_1240,train,best.pt,,,,,,,
0.35,0.723386943,18,0,1,1,0.95,0.97,TCE_1240,train,best.pt,,,,,,,
0.4,0.723386943,18,0,1,1,0.95,0.97,TCE_1240,train,best.pt,,,,,,,
0.45,0.723386943,18,0,1,1,0.95,0.97,TCE_1240,train,best.pt,,,,,,,
0.5,0.723386943,18,0,1,1,0.95,0.97,TCE_1240,train,best.pt,,,,,,,
0.2,0.782264202,19,0,0,1,1,1,TCE_1241,train,best.pt,,,,,,,
0.25,0.782264202,19,0,0,1,1,1,TCE_1241,train,best.pt,,,,,,,
0.3,0.782264202,19,0,0,1,1,1,TCE_1241,train,best.pt,,,,,,,
0.35,0.782264202,19,0,0,1,1,1,TCE_1241,train,best.pt,,,,,,,
0.4,0.782264202,19,0,0,1,1,1,TCE_1241,train,best.pt,,,,,,,
0.45,0.782264202,19,0,0,1,1,1,TCE_1241,train,best.pt,,,,,,,
0.5,0.782264202,19,0,0,1,1,1,TCE_1241,train,best.pt,,,,,,,
0.2,0.766998828,19,0,0,1,1,1,TCE_1242,train,best.pt,,,,,,,
0.25,0.766998828,19,0,0,1,1,1,TCE_1242,train,best.pt,,,,,,,
0.3,0.766998828,19,0,0,1,1,1,TCE_1242,train,best.pt,,,,,,,
0.35,0.766998828,19,0,0,1,1,1,TCE_1242,train,best.pt,,,,,,,
0.4,0.766998828,19,0,0,1,1,1,TCE_1242,train,best.pt,,,,,,,
0.45,0.766998828,19,0,0,1,1,1,TCE_1242,train,best.pt,,,,,,,
0.5,0.766998828,19,0,0,1,1,1,TCE_1242,train,best.pt,,,,,,,
0.2,0.786126884,19,0,0,1,1,1,TCE_1243,train,best.pt,,,,,,,
0.25,0.786126884,19,0,0,1,1,1,TCE_1243,train,best.pt,,,,,,,
0.3,0.786126884,19,0,0,1,1,1,TCE_1243,train,best.pt,,,,,,,
0.35,0.786126884,19,0,0,1,1,1,TCE_1243,train,best.pt,,,,,,,
0.4,0.786126884,19,0,0,1,1,1,TCE_1243,train,best.pt,,,,,,,
0.45,0.786126884,19,0,0,1,1,1,TCE_1243,train,best.pt,,,,,,,
0.5,0.786126884,19,0,0,1,1,1,TCE_1243,train,best.pt,,,,,,,
0.2,0.776842316,18,0,1,1,0.95,0.97,TCE_1245,train,best.pt,,,,,,,
0.25,0.776842316,18,0,1,1,0.95,0.97,TCE_1245,train,best.pt,,,,,,,
0.3,0.776842316,18,0,1,1,0.95,0.97,TCE_1245,train,best.pt,,,,,,,
0.35,0.776842316,18,0,1,1,0.95,0.97,TCE_1245,train,best.pt,,,,,,,
0.4,0.776842316,18,0,1,1,0.95,0.97,TCE_1245,train,best.pt,,,,,,,
0.45,0.776842316,18,0,1,1,0.95,0.97,TCE_1245,train,best.pt,,,,,,,
0.5,0.776842316,18,0,1,1,0.95,0.97,TCE_1245,train,best.pt,,,,,,,
0.2,0.777724553,19,0,0,1,1,1,TCE_1250,train,best.pt,,,,,,,
0.25,0.777724553,19,0,0,1,1,1,TCE_1250,train,best.pt,,,,,,,
0.3,0.777724553,19,0,0,1,1,1,TCE_1250,train,best.pt,,,,,,,
0.35,0.777724553,19,0,0,1,1,1,TCE_1250,train,best.pt,,,,,,,
0.4,0.777724553,19,0,0,1,1,1,TCE_1250,train,best.pt,,,,,,,
0.45,0.777724553,19,0,0,1,1,1,TCE_1250,train,best.pt,,,,,,,
0.5,0.777724553,19,0,0,1,1,1,TCE_1250,train,best.pt,,,,,,,
0.2,0.765165182,19,0,0,1,1,1,TCE_1252,train,best.pt,,,,,,,
0.25,0.765165182,19,0,0,1,1,1,TCE_1252,train,best.pt,,,,,,,
0.3,0.765165182,19,0,0,1,1,1,TCE_1252,train,best.pt,,,,,,,
0.35,0.765165182,19,0,0,1,1,1,TCE_1252,train,best.pt,,,,,,,
0.4,0.765165182,19,0,0,1,1,1,TCE_1252,train,best.pt,,,,,,,
0.45,0.765165182,19,0,0,1,1,1,TCE_1252,train,best.pt,,,,,,,
0.5,0.765165182,19,0,0,1,1,1,TCE_1252,train,best.pt,,,,,,,
0.2,0.775019508,19,0,0,1,1,1,TCE_1253,train,best.pt,,,,,,,
0.25,0.775019508,19,0,0,1,1,1,TCE_1253,train,best.pt,,,,,,,
0.3,0.775019508,19,0,0,1,1,1,TCE_1253,train,best.pt,,,,,,,
0.35,0.775019508,19,0,0,1,1,1,TCE_1253,train,best.pt,,,,,,,
0.4,0.775019508,19,0,0,1,1,1,TCE_1253,train,best.pt,,,,,,,
0.45,0.775019508,19,0,0,1,1,1,TCE_1253,train,best.pt,,,,,,,
0.5,0.775019508,19,0,0,1,1,1,TCE_1253,train,best.pt,,,,,,,
0.2,0.806703609,19,0,0,1,1,1,TCE_1254,train,best.pt,,,,,,,
0.25,0.806703609,19,0,0,1,1,1,TCE_1254,train,best.pt,,,,,,,
0.3,0.806703609,19,0,0,1,1,1,TCE_1254,train,best.pt,,,,,,,
0.35,0.806703609,19,0,0,1,1,1,TCE_1254,train,best.pt,,,,,,,
0.4,0.806703609,19,0,0,1,1,1,TCE_1254,train,best.pt,,,,,,,
0.45,0.806703609,19,0,0,1,1,1,TCE_1254,train,best.pt,,,,,,,
0.5,0.806703609,19,0,0,1,1,1,TCE_1254,train,best.pt,,,,,,,
0.2,0.755194654,19,0,0,1,1,1,TCE_1255,train,best.pt,,,,,,,
0.25,0.755194654,19,0,0,1,1,1,TCE_1255,train,best.pt,,,,,,,
0.3,0.755194654,19,0,0,1,1,1,TCE_1255,train,best.pt,,,,,,,
0.35,0.755194654,19,0,0,1,1,1,TCE_1255,train,best.pt,,,,,,,
0.4,0.755194654,19,0,0,1,1,1,TCE_1255,train,best.pt,,,,,,,
0.45,0.755194654,19,0,0,1,1,1,TCE_1255,train,best.pt,,,,,,,
0.5,0.755194654,19,0,0,1,1,1,TCE_1255,train,best.pt,,,,,,,
0.2,0.802775175,19,0,0,1,1,1,TCE_1256,train,best.pt,,,,,,,
0.25,0.802775175,19,0,0,1,1,1,TCE_1256,train,best.pt,,,,,,,
0.3,0.802775175,19,0,0,1,1,1,TCE_1256,train,best.pt,,,,,,,
0.35,0.802775175,19,0,0,1,1,1,TCE_1256,train,best.pt,,,,,,,
0.4,0.802775175,19,0,0,1,1,1,TCE_1256,train,best.pt,,,,,,,
0.45,0.802775175,19,0,0,1,1,1,TCE_1256,train,best.pt,,,,,,,
0.5,0.802775175,19,0,0,1,1,1,TCE_1256,train,best.pt,,,,,,,
0.2,0.704292149,18,0,1,1,0.95,0.97,TCE_1257,train,best.pt,,,,,,,
0.25,0.704292149,18,0,1,1,0.95,0.97,TCE_1257,train,best.pt,,,,,,,
0.3,0.704292149,18,0,1,1,0.95,0.97,TCE_1257,train,best.pt,,,,,,,
0.35,0.704292149,18,0,1,1,0.95,0.97,TCE_1257,train,best.pt,,,,,,,
0.4,0.704292149,18,0,1,1,0.95,0.97,TCE_1257,train,best.pt,,,,,,,
0.45,0.704292149,18,0,1,1,0.95,0.97,TCE_1257,train,best.pt,,,,,,,
0.5,0.704292149,18,0,1,1,0.95,0.97,TCE_1257,train,best.pt,,,,,,,
0.2,0.763952402,19,0,0,1,1,1,TCE_1258,train,best.pt,,,,,,,
0.25,0.763952402,19,0,0,1,1,1,TCE_1258,train,best.pt,,,,,,,
0.3,0.763952402,19,0,0,1,1,1,TCE_1258,train,best.pt,,,,,,,
0.35,0.763952402,19,0,0,1,1,1,TCE_1258,train,best.pt,,,,,,,
0.4,0.763952402,19,0,0,1,1,1,TCE_1258,train,best.pt,,,,,,,
0.45,0.763952402,19,0,0,1,1,1,TCE_1258,train,best.pt,,,,,,,
0.5,0.725754784,18,1,1,0.95,0.95,0.95,TCE_1258,train,best.pt,,,,,,,
0.2,0.776902055,19,0,0,1,1,1,TCE_1259,train,best.pt,,,,,,,
0.25,0.776902055,19,0,0,1,1,1,TCE_1259,train,best.pt,,,,,,,
0.3,0.776902055,19,0,0,1,1,1,TCE_1259,train,best.pt,,,,,,,
0.35,0.776902055,19,0,0,1,1,1,TCE_1259,train,best.pt,,,,,,,
0.4,0.776902055,19,0,0,1,1,1,TCE_1259,train,best.pt,,,,,,,
0.45,0.776902055,19,0,0,1,1,1,TCE_1259,train,best.pt,,,,,,,
0.5,0.776902055,19,0,0,1,1,1,TCE_1259,train,best.pt,,,,,,,
0.2,0.764809757,19,0,0,1,1,1,TCE_1260,train,best.pt,,,,,,,
0.25,0.764809757,19,0,0,1,1,1,TCE_1260,train,best.pt,,,,,,,
0.3,0.764809757,19,0,0,1,1,1,TCE_1260,train,best.pt,,,,,,,
0.35,0.764809757,19,0,0,1,1,1,TCE_1260,train,best.pt,,,,,,,
0.4,0.764809757,19,0,0,1,1,1,TCE_1260,train,best.pt,,,,,,,
0.45,0.764809757,19,0,0,1,1,1,TCE_1260,train,best.pt,,,,,,,
0.5,0.764809757,19,0,0,1,1,1,TCE_1260,train,best.pt,,,,,,,
0.2,0.750617908,19,0,0,1,1,1,TCE_1261,train,best.pt,,,,,,,
0.25,0.750617908,19,0,0,1,1,1,TCE_1261,train,best.pt,,,,,,,
0.3,0.750617908,19,0,0,1,1,1,TCE_1261,train,best.pt,,,,,,,
0.35,0.750617908,19,0,0,1,1,1,TCE_1261,train,best.pt,,,,,,,
0.4,0.750617908,19,0,0,1,1,1,TCE_1261,train,best.pt,,,,,,,
0.45,0.750617908,19,0,0,1,1,1,TCE_1261,train,best.pt,,,,,,,
0.5,0.750617908,19,0,0,1,1,1,TCE_1261,train,best.pt,,,,,,,
0.2,0.784548585,19,0,0,1,1,1,TCE_1263,train,best.pt,,,,,,,
0.25,0.784548585,19,0,0,1,1,1,TCE_1263,train,best.pt,,,,,,,
0.3,0.784548585,19,0,0,1,1,1,TCE_1263,train,best.pt,,,,,,,
0.35,0.784548585,19,0,0,1,1,1,TCE_1263,train,best.pt,,,,,,,
0.4,0.784548585,19,0,0,1,1,1,TCE_1263,train,best.pt,,,,,,,
0.45,0.784548585,19,0,0,1,1,1,TCE_1263,train,best.pt,,,,,,,
0.5,0.784548585,19,0,0,1,1,1,TCE_1263,train,best.pt,,,,,,,
0.2,0.768072668,19,0,0,1,1,1,TCE_1264,train,best.pt,,,,,,,
0.25,0.768072668,19,0,0,1,1,1,TCE_1264,train,best.pt,,,,,,,
0.3,0.768072668,19,0,0,1,1,1,TCE_1264,train,best.pt,,,,,,,
0.35,0.768072668,19,0,0,1,1,1,TCE_1264,train,best.pt,,,,,,,
0.4,0.768072668,19,0,0,1,1,1,TCE_1264,train,best.pt,,,,,,,
0.45,0.768072668,19,0,0,1,1,1,TCE_1264,train,best.pt,,,,,,,
0.5,0.768072668,19,0,0,1,1,1,TCE_1264,train,best.pt,,,,,,,
0.2,0.793418445,19,0,0,1,1,1,TCE_1267,train,best.pt,,,,,,,
0.25,0.793418445,19,0,0,1,1,1,TCE_1267,train,best.pt,,,,,,,
0.3,0.793418445,19,0,0,1,1,1,TCE_1267,train,best.pt,,,,,,,
0.35,0.793418445,19,0,0,1,1,1,TCE_1267,train,best.pt,,,,,,,
0.4,0.793418445,19,0,0,1,1,1,TCE_1267,train,best.pt,,,,,,,
0.45,0.793418445,19,0,0,1,1,1,TCE_1267,train,best.pt,,,,,,,
0.5,0.793418445,19,0,0,1,1,1,TCE_1267,train,best.pt,,,,,,,
0.2,0.762755936,19,0,0,1,1,1,TCE_1268,train,best.pt,,,,,,,
0.25,0.762755936,19,0,0,1,1,1,TCE_1268,train,best.pt,,,,,,,
0.3,0.762755936,19,0,0,1,1,1,TCE_1268,train,best.pt,,,,,,,
0.35,0.762755936,19,0,0,1,1,1,TCE_1268,train,best.pt,,,,,,,
0.4,0.762755936,19,0,0,1,1,1,TCE_1268,train,best.pt,,,,,,,
0.45,0.762755936,19,0,0,1,1,1,TCE_1268,train,best.pt,,,,,,,
0.5,0.762755936,19,0,0,1,1,1,TCE_1268,train,best.pt,,,,,,,
0.2,0.785913258,19,0,0,1,1,1,TCE_1269,train,best.pt,,,,,,,
0.25,0.785913258,19,0,0,1,1,1,TCE_1269,train,best.pt,,,,,,,
0.3,0.785913258,19,0,0,1,1,1,TCE_1269,train,best.pt,,,,,,,
0.35,0.785913258,19,0,0,1,1,1,TCE_1269,train,best.pt,,,,,,,
0.4,0.785913258,19,0,0,1,1,1,TCE_1269,train,best.pt,,,,,,,
0.45,0.785913258,19,0,0,1,1,1,TCE_1269,train,best.pt,,,,,,,
0.5,0.785913258,19,0,0,1,1,1,TCE_1269,train,best.pt,,,,,,,
0.2,0.770559373,19,0,0,1,1,1,TCE_1271,train,best.pt,,,,,,,
0.25,0.770559373,19,0,0,1,1,1,TCE_1271,train,best.pt,,,,,,,
0.3,0.770559373,19,0,0,1,1,1,TCE_1271,train,best.pt,,,,,,,
0.35,0.770559373,19,0,0,1,1,1,TCE_1271,train,best.pt,,,,,,,
0.4,0.770559373,19,0,0,1,1,1,TCE_1271,train,best.pt,,,,,,,
0.45,0.770559373,19,0,0,1,1,1,TCE_1271,train,best.pt,,,,,,,
0.5,0.770559373,19,0,0,1,1,1,TCE_1271,train,best.pt,,,,,,,
0.2,0.775687163,19,0,0,1,1,1,TCE_1273,train,best.pt,,,,,,,
0.25,0.775687163,19,0,0,1,1,1,TCE_1273,train,best.pt,,,,,,,
0.3,0.775687163,19,0,0,1,1,1,TCE_1273,train,best.pt,,,,,,,
0.35,0.775687163,19,0,0,1,1,1,TCE_1273,train,best.pt,,,,,,,
0.4,0.775687163,19,0,0,1,1,1,TCE_1273,train,best.pt,,,,,,,
0.45,0.775687163,19,0,0,1,1,1,TCE_1273,train,best.pt,,,,,,,
0.5,0.775687163,19,0,0,1,1,1,TCE_1273,train,best.pt,,,,,,,
0.2,0.748586749,18,0,1,1,0.95,0.97,TCE_1274,train,best.pt,,,,,,,
0.25,0.748586749,18,0,1,1,0.95,0.97,TCE_1274,train,best.pt,,,,,,,
0.3,0.748586749,18,0,1,1,0.95,0.97,TCE_1274,train,best.pt,,,,,,,
0.35,0.748586749,18,0,1,1,0.95,0.97,TCE_1274,train,best.pt,,,,,,,
0.4,0.748586749,18,0,1,1,0.95,0.97,TCE_1274,train,best.pt,,,,,,,
0.45,0.748586749,18,0,1,1,0.95,0.97,TCE_1274,train,best.pt,,,,,,,
0.5,0.748586749,18,0,1,1,0.95,0.97,TCE_1274,train,best.pt,,,,,,,
0.2,0.772746613,20,0,0,1,1,1,TCE_1275,train,best.pt,,,,,,,
0.25,0.772746613,20,0,0,1,1,1,TCE_1275,train,best.pt,,,,,,,
0.3,0.772746613,20,0,0,1,1,1,TCE_1275,train,best.pt,,,,,,,
0.35,0.772746613,20,0,0,1,1,1,TCE_1275,train,best.pt,,,,,,,
0.4,0.772746613,20,0,0,1,1,1,TCE_1275,train,best.pt,,,,,,,
0.45,0.772746613,20,0,0,1,1,1,TCE_1275,train,best.pt,,,,,,,
0.5,0.735949157,19,1,1,0.95,0.95,0.95,TCE_1275,train,best.pt,,,,,,,
0.2,0.751625318,19,0,0,1,1,1,TCE_1276,train,best.pt,,,,,,,
0.25,0.751625318,19,0,0,1,1,1,TCE_1276,train,best.pt,,,,,,,
0.3,0.751625318,19,0,0,1,1,1,TCE_1276,train,best.pt,,,,,,,
0.35,0.751625318,19,0,0,1,1,1,TCE_1276,train,best.pt,,,,,,,
0.4,0.751625318,19,0,0,1,1,1,TCE_1276,train,best.pt,,,,,,,
0.45,0.751625318,19,0,0,1,1,1,TCE_1276,train,best.pt,,,,,,,
0.5,0.714044054,18,1,1,0.95,0.95,0.95,TCE_1276,train,best.pt,,,,,,,
0.2,0.774633948,19,0,0,1,1,1,TCE_1277,train,best.pt,,,,,,,
0.25,0.774633948,19,0,0,1,1,1,TCE_1277,train,best.pt,,,,,,,
0.3,0.774633948,19,0,0,1,1,1,TCE_1277,train,best.pt,,,,,,,
0.35,0.774633948,19,0,0,1,1,1,TCE_1277,train,best.pt,,,,,,,
0.4,0.774633948,19,0,0,1,1,1,TCE_1277,train,best.pt,,,,,,,
0.45,0.774633948,19,0,0,1,1,1,TCE_1277,train,best.pt,,,,,,,
0.5,0.774633948,19,0,0,1,1,1,TCE_1277,train,best.pt,,,,,,,
0.2,0.743734803,19,0,0,1,1,1,TCE_1279,train,best.pt,,,,,,,
0.25,0.743734803,19,0,0,1,1,1,TCE_1279,train,best.pt,,,,,,,
0.3,0.743734803,19,0,0,1,1,1,TCE_1279,train,best.pt,,,,,,,
0.35,0.743734803,19,0,0,1,1,1,TCE_1279,train,best.pt,,,,,,,
0.4,0.743734803,19,0,0,1,1,1,TCE_1279,train,best.pt,,,,,,,
0.45,0.743734803,19,0,0,1,1,1,TCE_1279,train,best.pt,,,,,,,
0.5,0.743734803,19,0,0,1,1,1,TCE_1279,train,best.pt,,,,,,,
0.2,0.728284551,18,0,1,1,0.95,0.97,TCE_1280,train,best.pt,,,,,,,
0.25,0.728284551,18,0,1,1,0.95,0.97,TCE_1280,train,best.pt,,,,,,,
0.3,0.728284551,18,0,1,1,0.95,0.97,TCE_1280,train,best.pt,,,,,,,
0.35,0.728284551,18,0,1,1,0.95,0.97,TCE_1280,train,best.pt,,,,,,,
0.4,0.728284551,18,0,1,1,0.95,0.97,TCE_1280,train,best.pt,,,,,,,
0.45,0.728284551,18,0,1,1,0.95,0.97,TCE_1280,train,best.pt,,,,,,,
0.5,0.728284551,18,0,1,1,0.95,0.97,TCE_1280,train,best.pt,,,,,,,
0.2,0.783031384,19,0,0,1,1,1,TCE_1281,train,best.pt,,,,,,,
0.25,0.783031384,19,0,0,1,1,1,TCE_1281,train,best.pt,,,,,,,
0.3,0.783031384,19,0,0,1,1,1,TCE_1281,train,best.pt,,,,,,,
0.35,0.783031384,19,0,0,1,1,1,TCE_1281,train,best.pt,,,,,,,
0.4,0.783031384,19,0,0,1,1,1,TCE_1281,train,best.pt,,,,,,,
0.45,0.783031384,19,0,0,1,1,1,TCE_1281,train,best.pt,,,,,,,
0.5,0.783031384,19,0,0,1,1,1,TCE_1281,train,best.pt,,,,,,,
0.2,0.771620781,19,0,0,1,1,1,TCE_1283,train,best.pt,,,,,,,
0.25,0.771620781,19,0,0,1,1,1,TCE_1283,train,best.pt,,,,,,,
0.3,0.771620781,19,0,0,1,1,1,TCE_1283,train,best.pt,,,,,,,
0.35,0.771620781,19,0,0,1,1,1,TCE_1283,train,best.pt,,,,,,,
0.4,0.771620781,19,0,0,1,1,1,TCE_1283,train,best.pt,,,,,,,
0.45,0.771620781,19,0,0,1,1,1,TCE_1283,train,best.pt,,,,,,,
0.5,0.771620781,19,0,0,1,1,1,TCE_1283,train,best.pt,,,,,,,
0.2,0.818230011,19,0,0,1,1,1,TCE_1284,train,best.pt,,,,,,,
0.25,0.818230011,19,0,0,1,1,1,TCE_1284,train,best.pt,,,,,,,
0.3,0.818230011,19,0,0,1,1,1,TCE_1284,train,best.pt,,,,,,,
0.35,0.818230011,19,0,0,1,1,1,TCE_1284,train,best.pt,,,,,,,
0.4,0.818230011,19,0,0,1,1,1,TCE_1284,train,best.pt,,,,,,,
0.45,0.818230011,19,0,0,1,1,1,TCE_1284,train,best.pt,,,,,,,
0.5,0.818230011,19,0,0,1,1,1,TCE_1284,train,best.pt,,,,,,,
0.2,0.737274789,19,0,0,1,1,1,TCE_1285,train,best.pt,,,,,,,
0.25,0.737274789,19,0,0,1,1,1,TCE_1285,train,best.pt,,,,,,,
0.3,0.737274789,19,0,0,1,1,1,TCE_1285,train,best.pt,,,,,,,
0.35,0.737274789,19,0,0,1,1,1,TCE_1285,train,best.pt,,,,,,,
0.4,0.737274789,19,0,0,1,1,1,TCE_1285,train,best.pt,,,,,,,
0.45,0.737274789,19,0,0,1,1,1,TCE_1285,train,best.pt,,,,,,,
0.5,0.737274789,19,0,0,1,1,1,TCE_1285,train,best.pt,,,,,,,
0.2,0.731203413,18,0,1,1,0.95,0.97,TCE_1286,train,best.pt,,,,,,,
0.25,0.731203413,18,0,1,1,0.95,0.97,TCE_1286,train,best.pt,,,,,,,
0.3,0.731203413,18,0,1,1,0.95,0.97,TCE_1286,train,best.pt,,,,,,,
0.35,0.731203413,18,0,1,1,0.95,0.97,TCE_1286,train,best.pt,,,,,,,
0.4,0.731203413,18,0,1,1,0.95,0.97,TCE_1286,train,best.pt,,,,,,,
0.45,0.731203413,18,0,1,1,0.95,0.97,TCE_1286,train,best.pt,,,,,,,
0.5,0.731203413,18,0,1,1,0.95,0.97,TCE_1286,train,best.pt,,,,,,,
0.2,0.815358426,19,0,0,1,1,1,TCE_1287,train,best.pt,,,,,,,
0.25,0.815358426,19,0,0,1,1,1,TCE_1287,train,best.pt,,,,,,,
0.3,0.815358426,19,0,0,1,1,1,TCE_1287,train,best.pt,,,,,,,
0.35,0.815358426,19,0,0,1,1,1,TCE_1287,train,best.pt,,,,,,,
0.4,0.815358426,19,0,0,1,1,1,TCE_1287,train,best.pt,,,,,,,
0.45,0.815358426,19,0,0,1,1,1,TCE_1287,train,best.pt,,,,,,,
0.5,0.815358426,19,0,0,1,1,1,TCE_1287,train,best.pt,,,,,,,
0.2,0.75584467,19,0,0,1,1,1,TCE_1288,train,best.pt,,,,,,,
0.25,0.75584467,19,0,0,1,1,1,TCE_1288,train,best.pt,,,,,,,
0.3,0.75584467,19,0,0,1,1,1,TCE_1288,train,best.pt,,,,,,,
0.35,0.75584467,19,0,0,1,1,1,TCE_1288,train,best.pt,,,,,,,
0.4,0.75584467,19,0,0,1,1,1,TCE_1288,train,best.pt,,,,,,,
0.45,0.75584467,19,0,0,1,1,1,TCE_1288,train,best.pt,,,,,,,
0.5,0.75584467,19,0,0,1,1,1,TCE_1288,train,best.pt,,,,,,,
0.2,0.768462519,19,0,0,1,1,1,TCE_1289,train,best.pt,,,,,,,
0.25,0.768462519,19,0,0,1,1,1,TCE_1289,train,best.pt,,,,,,,
0.3,0.768462519,19,0,0,1,1,1,TCE_1289,train,best.pt,,,,,,,
0.35,0.768462519,19,0,0,1,1,1,TCE_1289,train,best.pt,,,,,,,
0.4,0.768462519,19,0,0,1,1,1,TCE_1289,train,best.pt,,,,,,,
0.45,0.768462519,19,0,0,1,1,1,TCE_1289,train,best.pt,,,,,,,
0.5,0.768462519,19,0,0,1,1,1,TCE_1289,train,best.pt,,,,,,,
0.2,0.758655868,19,0,0,1,1,1,TCE_1290,train,best.pt,,,,,,,
0.25,0.758655868,19,0,0,1,1,1,TCE_1290,train,best.pt,,,,,,,
0.3,0.758655868,19,0,0,1,1,1,TCE_1290,train,best.pt,,,,,,,
0.35,0.758655868,19,0,0,1,1,1,TCE_1290,train,best.pt,,,,,,,
0.4,0.758655868,19,0,0,1,1,1,TCE_1290,train,best.pt,,,,,,,
0.45,0.758655868,19,0,0,1,1,1,TCE_1290,train,best.pt,,,,,,,
0.5,0.758655868,19,0,0,1,1,1,TCE_1290,train,best.pt,,,,,,,
0.2,0.768412002,17,0,0,1,1,1,TCE_1291,train,best.pt,,,,,,,
0.25,0.768412002,17,0,0,1,1,1,TCE_1291,train,best.pt,,,,,,,
0.3,0.768412002,17,0,0,1,1,1,TCE_1291,train,best.pt,,,,,,,
0.35,0.768412002,17,0,0,1,1,1,TCE_1291,train,best.pt,,,,,,,
0.4,0.768412002,17,0,0,1,1,1,TCE_1291,train,best.pt,,,,,,,
0.45,0.768412002,17,0,0,1,1,1,TCE_1291,train,best.pt,,,,,,,
0.5,0.768412002,17,0,0,1,1,1,TCE_1291,train,best.pt,,,,,,,
0.2,0.75851308,19,0,0,1,1,1,TCE_1292,train,best.pt,,,,,,,
0.25,0.75851308,19,0,0,1,1,1,TCE_1292,train,best.pt,,,,,,,
0.3,0.75851308,19,0,0,1,1,1,TCE_1292,train,best.pt,,,,,,,
0.35,0.75851308,19,0,0,1,1,1,TCE_1292,train,best.pt,,,,,,,
0.4,0.75851308,19,0,0,1,1,1,TCE_1292,train,best.pt,,,,,,,
0.45,0.75851308,19,0,0,1,1,1,TCE_1292,train,best.pt,,,,,,,
0.5,0.75851308,19,0,0,1,1,1,TCE_1292,train,best.pt,,,,,,,
0.2,0.779385039,19,0,0,1,1,1,TCE_1294,train,best.pt,,,,,,,
0.25,0.779385039,19,0,0,1,1,1,TCE_1294,train,best.pt,,,,,,,
0.3,0.779385039,19,0,0,1,1,1,TCE_1294,train,best.pt,,,,,,,
0.35,0.779385039,19,0,0,1,1,1,TCE_1294,train,best.pt,,,,,,,
0.4,0.779385039,19,0,0,1,1,1,TCE_1294,train,best.pt,,,,,,,
0.45,0.779385039,19,0,0,1,1,1,TCE_1294,train,best.pt,,,,,,,
0.5,0.779385039,19,0,0,1,1,1,TCE_1294,train,best.pt,,,,,,,
0.2,0.732879368,18,0,1,1,0.95,0.97,TCE_1295,train,best.pt,,,,,,,
0.25,0.732879368,18,0,1,1,0.95,0.97,TCE_1295,train,best.pt,,,,,,,
0.3,0.732879368,18,0,1,1,0.95,0.97,TCE_1295,train,best.pt,,,,,,,
0.35,0.732879368,18,0,1,1,0.95,0.97,TCE_1295,train,best.pt,,,,,,,
0.4,0.732879368,18,0,1,1,0.95,0.97,TCE_1295,train,best.pt,,,,,,,
0.45,0.732879368,18,0,1,1,0.95,0.97,TCE_1295,train,best.pt,,,,,,,
0.5,0.732879368,18,0,1,1,0.95,0.97,TCE_1295,train,best.pt,,,,,,,
0.2,0.814644059,19,0,0,1,1,1,TCE_1297,train,best.pt,,,,,,,
0.25,0.814644059,19,0,0,1,1,1,TCE_1297,train,best.pt,,,,,,,
0.3,0.814644059,19,0,0,1,1,1,TCE_1297,train,best.pt,,,,,,,
0.35,0.814644059,19,0,0,1,1,1,TCE_1297,train,best.pt,,,,,,,
0.4,0.814644059,19,0,0,1,1,1,TCE_1297,train,best.pt,,,,,,,
0.45,0.814644059,19,0,0,1,1,1,TCE_1297,train,best.pt,,,,,,,
0.5,0.814644059,19,0,0,1,1,1,TCE_1297,train,best.pt,,,,,,,
0.2,0.793784473,19,0,0,1,1,1,TCE_1298,train,best.pt,,,,,,,
0.25,0.793784473,19,0,0,1,1,1,TCE_1298,train,best.pt,,,,,,,
0.3,0.793784473,19,0,0,1,1,1,TCE_1298,train,best.pt,,,,,,,
0.35,0.793784473,19,0,0,1,1,1,TCE_1298,train,best.pt,,,,,,,
0.4,0.793784473,19,0,0,1,1,1,TCE_1298,train,best.pt,,,,,,,
0.45,0.793784473,19,0,0,1,1,1,TCE_1298,train,best.pt,,,,,,,
0.5,0.793784473,19,0,0,1,1,1,TCE_1298,train,best.pt,,,,,,,
0.2,0.803897415,18,0,0,1,1,1,TCE_1299,train,best.pt,,,,,,,
0.25,0.803897415,18,0,0,1,1,1,TCE_1299,train,best.pt,,,,,,,
0.3,0.803897415,18,0,0,1,1,1,TCE_1299,train,best.pt,,,,,,,
0.35,0.803897415,18,0,0,1,1,1,TCE_1299,train,best.pt,,,,,,,
0.4,0.803897415,18,0,0,1,1,1,TCE_1299,train,best.pt,,,,,,,
0.45,0.803897415,18,0,0,1,1,1,TCE_1299,train,best.pt,,,,,,,
0.5,0.803897415,18,0,0,1,1,1,TCE_1299,train,best.pt,,,,,,,
0.2,0.740523861,19,0,0,1,1,1,TCE_1300,train,best.pt,,,,,,,
0.25,0.740523861,19,0,0,1,1,1,TCE_1300,train,best.pt,,,,,,,
0.3,0.740523861,19,0,0,1,1,1,TCE_1300,train,best.pt,,,,,,,
0.35,0.740523861,19,0,0,1,1,1,TCE_1300,train,best.pt,,,,,,,
0.4,0.740523861,19,0,0,1,1,1,TCE_1300,train,best.pt,,,,,,,
0.45,0.740523861,19,0,0,1,1,1,TCE_1300,train,best.pt,,,,,,,
0.5,0.740523861,19,0,0,1,1,1,TCE_1300,train,best.pt,,,,,,,
0.2,0.764286372,19,0,0,1,1,1,TCE_1301,train,best.pt,,,,,,,
0.25,0.764286372,19,0,0,1,1,1,TCE_1301,train,best.pt,,,,,,,
0.3,0.764286372,19,0,0,1,1,1,TCE_1301,train,best.pt,,,,,,,
0.35,0.764286372,19,0,0,1,1,1,TCE_1301,train,best.pt,,,,,,,
0.4,0.764286372,19,0,0,1,1,1,TCE_1301,train,best.pt,,,,,,,
0.45,0.764286372,19,0,0,1,1,1,TCE_1301,train,best.pt,,,,,,,
0.5,0.764286372,19,0,0,1,1,1,TCE_1301,train,best.pt,,,,,,,
0.2,0.689753711,19,0,0,1,1,1,TCE_1302,train,best.pt,,,,,,,
0.25,0.689753711,19,0,0,1,1,1,TCE_1302,train,best.pt,,,,,,,
0.3,0.689753711,19,0,0,1,1,1,TCE_1302,train,best.pt,,,,,,,
0.35,0.689753711,19,0,0,1,1,1,TCE_1302,train,best.pt,,,,,,,
0.4,0.689753711,19,0,0,1,1,1,TCE_1302,train,best.pt,,,,,,,
0.45,0.689753711,19,0,0,1,1,1,TCE_1302,train,best.pt,,,,,,,
0.5,0.689753711,19,0,0,1,1,1,TCE_1302,train,best.pt,,,,,,,
0.2,0.733919008,18,0,0,1,1,1,TCE_1307,train,best.pt,,,,,,,
0.25,0.733919008,18,0,0,1,1,1,TCE_1307,train,best.pt,,,,,,,
0.3,0.733919008,18,0,0,1,1,1,TCE_1307,train,best.pt,,,,,,,
0.35,0.733919008,18,0,0,1,1,1,TCE_1307,train,best.pt,,,,,,,
0.4,0.733919008,18,0,0,1,1,1,TCE_1307,train,best.pt,,,,,,,
0.45,0.733919008,18,0,0,1,1,1,TCE_1307,train,best.pt,,,,,,,
0.5,0.733919008,18,0,0,1,1,1,TCE_1307,train,best.pt,,,,,,,
0.2,0.73239681,19,0,0,1,1,1,TCE_1308,train,best.pt,,,,,,,
0.25,0.73239681,19,0,0,1,1,1,TCE_1308,train,best.pt,,,,,,,
0.3,0.73239681,19,0,0,1,1,1,TCE_1308,train,best.pt,,,,,,,
0.35,0.73239681,19,0,0,1,1,1,TCE_1308,train,best.pt,,,,,,,
0.4,0.73239681,19,0,0,1,1,1,TCE_1308,train,best.pt,,,,,,,
0.45,0.73239681,19,0,0,1,1,1,TCE_1308,train,best.pt,,,,,,,
0.5,0.73239681,19,0,0,1,1,1,TCE_1308,train,best.pt,,,,,,,
0.2,0.738202542,19,0,0,1,1,1,TCE_1309,train,best.pt,,,,,,,
0.25,0.738202542,19,0,0,1,1,1,TCE_1309,train,best.pt,,,,,,,
0.3,0.738202542,19,0,0,1,1,1,TCE_1309,train,best.pt,,,,,,,
0.35,0.738202542,19,0,0,1,1,1,TCE_1309,train,best.pt,,,,,,,
0.4,0.738202542,19,0,0,1,1,1,TCE_1309,train,best.pt,,,,,,,
0.45,0.738202542,19,0,0,1,1,1,TCE_1309,train,best.pt,,,,,,,
0.5,0.701292417,18,1,1,0.95,0.95,0.95,TCE_1309,train,best.pt,,,,,,,
0.2,0.728739804,19,0,0,1,1,1,TCE_1312,train,best.pt,,,,,,,
0.25,0.728739804,19,0,0,1,1,1,TCE_1312,train,best.pt,,,,,,,
0.3,0.728739804,19,0,0,1,1,1,TCE_1312,train,best.pt,,,,,,,
0.35,0.728739804,19,0,0,1,1,1,TCE_1312,train,best.pt,,,,,,,
0.4,0.728739804,19,0,0,1,1,1,TCE_1312,train,best.pt,,,,,,,
0.45,0.728739804,19,0,0,1,1,1,TCE_1312,train,best.pt,,,,,,,
0.5,0.728739804,19,0,0,1,1,1,TCE_1312,train,best.pt,,,,,,,
0.2,0.700538192,19,0,0,1,1,1,TCE_1313,train,best.pt,,,,,,,
0.25,0.700538192,19,0,0,1,1,1,TCE_1313,train,best.pt,,,,,,,
0.3,0.700538192,19,0,0,1,1,1,TCE_1313,train,best.pt,,,,,,,
0.35,0.700538192,19,0,0,1,1,1,TCE_1313,train,best.pt,,,,,,,
0.4,0.700538192,19,0,0,1,1,1,TCE_1313,train,best.pt,,,,,,,
0.45,0.700538192,19,0,0,1,1,1,TCE_1313,train,best.pt,,,,,,,
0.5,0.700538192,19,0,0,1,1,1,TCE_1313,train,best.pt,,,,,,,
0.2,0.761542141,19,0,0,1,1,1,TCE_1316,train,best.pt,,,,,,,
0.25,0.761542141,19,0,0,1,1,1,TCE_1316,train,best.pt,,,,,,,
0.3,0.761542141,19,0,0,1,1,1,TCE_1316,train,best.pt,,,,,,,
0.35,0.761542141,19,0,0,1,1,1,TCE_1316,train,best.pt,,,,,,,
0.4,0.761542141,19,0,0,1,1,1,TCE_1316,train,best.pt,,,,,,,
0.45,0.761542141,19,0,0,1,1,1,TCE_1316,train,best.pt,,,,,,,
0.5,0.761542141,19,0,0,1,1,1,TCE_1316,train,best.pt,,,,,,,
0.2,0.740262625,18,0,1,1,0.95,0.97,TCE_1317,train,best.pt,,,,,,,
0.25,0.740262625,18,0,1,1,0.95,0.97,TCE_1317,train,best.pt,,,,,,,
0.3,0.740262625,18,0,1,1,0.95,0.97,TCE_1317,train,best.pt,,,,,,,
0.35,0.740262625,18,0,1,1,0.95,0.97,TCE_1317,train,best.pt,,,,,,,
0.4,0.740262625,18,0,1,1,0.95,0.97,TCE_1317,train,best.pt,,,,,,,
0.45,0.740262625,18,0,1,1,0.95,0.97,TCE_1317,train,best.pt,,,,,,,
0.5,0.740262625,18,0,1,1,0.95,0.97,TCE_1317,train,best.pt,,,,,,,
0.2,0.737759144,19,0,0,1,1,1,TCE_1319,train,best.pt,,,,,,,
0.25,0.737759144,19,0,0,1,1,1,TCE_1319,train,best.pt,,,,,,,
0.3,0.737759144,19,0,0,1,1,1,TCE_1319,train,best.pt,,,,,,,
0.35,0.737759144,19,0,0,1,1,1,TCE_1319,train,best.pt,,,,,,,
0.4,0.737759144,19,0,0,1,1,1,TCE_1319,train,best.pt,,,,,,,
0.45,0.737759144,19,0,0,1,1,1,TCE_1319,train,best.pt,,,,,,,
0.5,0.737759144,19,0,0,1,1,1,TCE_1319,train,best.pt,,,,,,,
0.2,0.753378666,19,0,0,1,1,1,TCE_1320,train,best.pt,,,,,,,
0.25,0.753378666,19,0,0,1,1,1,TCE_1320,train,best.pt,,,,,,,
0.3,0.753378666,19,0,0,1,1,1,TCE_1320,train,best.pt,,,,,,,
0.35,0.753378666,19,0,0,1,1,1,TCE_1320,train,best.pt,,,,,,,
0.4,0.753378666,19,0,0,1,1,1,TCE_1320,train,best.pt,,,,,,,
0.45,0.753378666,19,0,0,1,1,1,TCE_1320,train,best.pt,,,,,,,
0.5,0.753378666,19,0,0,1,1,1,TCE_1320,train,best.pt,,,,,,,
0.2,0.684825909,19,0,0,1,1,1,TCE_1321,train,best.pt,,,,,,,
0.25,0.684825909,19,0,0,1,1,1,TCE_1321,train,best.pt,,,,,,,
0.3,0.684825909,19,0,0,1,1,1,TCE_1321,train,best.pt,,,,,,,
0.35,0.684825909,19,0,0,1,1,1,TCE_1321,train,best.pt,,,,,,,
0.4,0.684825909,19,0,0,1,1,1,TCE_1321,train,best.pt,,,,,,,
0.45,0.684825909,19,0,0,1,1,1,TCE_1321,train,best.pt,,,,,,,
0.5,0.684825909,19,0,0,1,1,1,TCE_1321,train,best.pt,,,,,,,
0.2,0.711786137,19,0,0,1,1,1,TCE_1322,train,best.pt,,,,,,,
0.25,0.711786137,19,0,0,1,1,1,TCE_1322,train,best.pt,,,,,,,
0.3,0.711786137,19,0,0,1,1,1,TCE_1322,train,best.pt,,,,,,,
0.35,0.711786137,19,0,0,1,1,1,TCE_1322,train,best.pt,,,,,,,
0.4,0.711786137,19,0,0,1,1,1,TCE_1322,train,best.pt,,,,,,,
0.45,0.711786137,19,0,0,1,1,1,TCE_1322,train,best.pt,,,,,,,
0.5,0.676196832,18,1,1,0.95,0.95,0.95,TCE_1322,train,best.pt,,,,,,,
0.2,0.713832943,19,0,0,1,1,1,TCE_1323,train,best.pt,,,,,,,
0.25,0.713832943,19,0,0,1,1,1,TCE_1323,train,best.pt,,,,,,,
0.3,0.713832943,19,0,0,1,1,1,TCE_1323,train,best.pt,,,,,,,
0.35,0.713832943,19,0,0,1,1,1,TCE_1323,train,best.pt,,,,,,,
0.4,0.713832943,19,0,0,1,1,1,TCE_1323,train,best.pt,,,,,,,
0.45,0.713832943,19,0,0,1,1,1,TCE_1323,train,best.pt,,,,,,,
0.5,0.713832943,19,0,0,1,1,1,TCE_1323,train,best.pt,,,,,,,
0.2,0.743423762,17,0,0,1,1,1,TCE_1325,train,best.pt,,,,,,,
0.25,0.743423762,17,0,0,1,1,1,TCE_1325,train,best.pt,,,,,,,
0.3,0.743423762,17,0,0,1,1,1,TCE_1325,train,best.pt,,,,,,,
0.35,0.743423762,17,0,0,1,1,1,TCE_1325,train,best.pt,,,,,,,
0.4,0.743423762,17,0,0,1,1,1,TCE_1325,train,best.pt,,,,,,,
0.45,0.743423762,17,0,0,1,1,1,TCE_1325,train,best.pt,,,,,,,
0.5,0.743423762,17,0,0,1,1,1,TCE_1325,train,best.pt,,,,,,,
0.2,0.753499554,19,0,0,1,1,1,TCE_1326,train,best.pt,,,,,,,
0.25,0.753499554,19,0,0,1,1,1,TCE_1326,train,best.pt,,,,,,,
0.3,0.753499554,19,0,0,1,1,1,TCE_1326,train,best.pt,,,,,,,
0.35,0.753499554,19,0,0,1,1,1,TCE_1326,train,best.pt,,,,,,,
0.4,0.753499554,19,0,0,1,1,1,TCE_1326,train,best.pt,,,,,,,
0.45,0.753499554,19,0,0,1,1,1,TCE_1326,train,best.pt,,,,,,,
0.5,0.753499554,19,0,0,1,1,1,TCE_1326,train,best.pt,,,,,,,
0.2,0.726325142,18,0,1,1,0.95,0.97,TCE_1327,train,best.pt,,,,,,,
0.25,0.726325142,18,0,1,1,0.95,0.97,TCE_1327,train,best.pt,,,,,,,
0.3,0.726325142,18,0,1,1,0.95,0.97,TCE_1327,train,best.pt,,,,,,,
0.35,0.726325142,18,0,1,1,0.95,0.97,TCE_1327,train,best.pt,,,,,,,
0.4,0.726325142,18,0,1,1,0.95,0.97,TCE_1327,train,best.pt,,,,,,,
0.45,0.726325142,18,0,1,1,0.95,0.97,TCE_1327,train,best.pt,,,,,,,
0.5,0.726325142,18,0,1,1,0.95,0.97,TCE_1327,train,best.pt,,,,,,,
0.2,0.744626816,19,0,0,1,1,1,TCE_1328,train,best.pt,,,,,,,
0.25,0.744626816,19,0,0,1,1,1,TCE_1328,train,best.pt,,,,,,,
0.3,0.744626816,19,0,0,1,1,1,TCE_1328,train,best.pt,,,,,,,
0.35,0.744626816,19,0,0,1,1,1,TCE_1328,train,best.pt,,,,,,,
0.4,0.744626816,19,0,0,1,1,1,TCE_1328,train,best.pt,,,,,,,
0.45,0.744626816,19,0,0,1,1,1,TCE_1328,train,best.pt,,,,,,,
0.5,0.707395477,18,1,1,0.95,0.95,0.95,TCE_1328,train,best.pt,,,,,,,
0.2,0.754012108,19,0,0,1,1,1,TCE_1329,train,best.pt,,,,,,,
0.25,0.754012108,19,0,0,1,1,1,TCE_1329,train,best.pt,,,,,,,
0.3,0.754012108,19,0,0,1,1,1,TCE_1329,train,best.pt,,,,,,,
0.35,0.754012108,19,0,0,1,1,1,TCE_1329,train,best.pt,,,,,,,
0.4,0.754012108,19,0,0,1,1,1,TCE_1329,train,best.pt,,,,,,,
0.45,0.754012108,19,0,0,1,1,1,TCE_1329,train,best.pt,,,,,,,
0.5,0.754012108,19,0,0,1,1,1,TCE_1329,train,best.pt,,,,,,,
0.2,0.743562793,19,0,0,1,1,1,TCE_1330,train,best.pt,,,,,,,
0.25,0.743562793,19,0,0,1,1,1,TCE_1330,train,best.pt,,,,,,,
0.3,0.743562793,19,0,0,1,1,1,TCE_1330,train,best.pt,,,,,,,
0.35,0.743562793,19,0,0,1,1,1,TCE_1330,train,best.pt,,,,,,,
0.4,0.743562793,19,0,0,1,1,1,TCE_1330,train,best.pt,,,,,,,
0.45,0.743562793,19,0,0,1,1,1,TCE_1330,train,best.pt,,,,,,,
0.5,0.743562793,19,0,0,1,1,1,TCE_1330,train,best.pt,,,,,,,
0.2,0.716059315,19,0,0,1,1,1,TCE_1334,train,best.pt,,,,,,,
0.25,0.716059315,19,0,0,1,1,1,TCE_1334,train,best.pt,,,,,,,
0.3,0.716059315,19,0,0,1,1,1,TCE_1334,train,best.pt,,,,,,,
0.35,0.716059315,19,0,0,1,1,1,TCE_1334,train,best.pt,,,,,,,
0.4,0.716059315,19,0,0,1,1,1,TCE_1334,train,best.pt,,,,,,,
0.45,0.716059315,19,0,0,1,1,1,TCE_1334,train,best.pt,,,,,,,
0.5,0.680256351,18,1,1,0.95,0.95,0.95,TCE_1334,train,best.pt,,,,,,,
0.2,0.749684569,19,0,0,1,1,1,TCE_1335,train,best.pt,,,,,,,
0.25,0.749684569,19,0,0,1,1,1,TCE_1335,train,best.pt,,,,,,,
0.3,0.749684569,19,0,0,1,1,1,TCE_1335,train,best.pt,,,,,,,
0.35,0.749684569,19,0,0,1,1,1,TCE_1335,train,best.pt,,,,,,,
0.4,0.749684569,19,0,0,1,1,1,TCE_1335,train,best.pt,,,,,,,
0.45,0.749684569,19,0,0,1,1,1,TCE_1335,train,best.pt,,,,,,,
0.5,0.749684569,19,0,0,1,1,1,TCE_1335,train,best.pt,,,,,,,
0.2,0.774291576,18,0,0,1,1,1,TCE_1336,train,best.pt,,,,,,,
0.25,0.774291576,18,0,0,1,1,1,TCE_1336,train,best.pt,,,,,,,
0.3,0.774291576,18,0,0,1,1,1,TCE_1336,train,best.pt,,,,,,,
0.35,0.774291576,18,0,0,1,1,1,TCE_1336,train,best.pt,,,,,,,
0.4,0.774291576,18,0,0,1,1,1,TCE_1336,train,best.pt,,,,,,,
0.45,0.774291576,18,0,0,1,1,1,TCE_1336,train,best.pt,,,,,,,
0.5,0.774291576,18,0,0,1,1,1,TCE_1336,train,best.pt,,,,,,,
0.2,0.688775076,18,1,0,0.95,1,0.97,TCE_1337,train,best.pt,,,,,,,
0.25,0.688775076,18,1,0,0.95,1,0.97,TCE_1337,train,best.pt,,,,,,,
0.3,0.688775076,18,1,0,0.95,1,0.97,TCE_1337,train,best.pt,,,,,,,
0.35,0.688775076,18,1,0,0.95,1,0.97,TCE_1337,train,best.pt,,,,,,,
0.4,0.688775076,18,1,0,0.95,1,0.97,TCE_1337,train,best.pt,,,,,,,
0.45,0.688775076,18,1,0,0.95,1,0.97,TCE_1337,train,best.pt,,,,,,,
0.5,0.688775076,18,1,0,0.95,1,0.97,TCE_1337,train,best.pt,,,,,,,
0.2,0.734414659,19,0,0,1,1,1,TCE_1338,train,best.pt,,,,,,,
0.25,0.734414659,19,0,0,1,1,1,TCE_1338,train,best.pt,,,,,,,
0.3,0.734414659,19,0,0,1,1,1,TCE_1338,train,best.pt,,,,,,,
0.35,0.734414659,19,0,0,1,1,1,TCE_1338,train,best.pt,,,,,,,
0.4,0.734414659,19,0,0,1,1,1,TCE_1338,train,best.pt,,,,,,,
0.45,0.734414659,19,0,0,1,1,1,TCE_1338,train,best.pt,,,,,,,
0.5,0.734414659,19,0,0,1,1,1,TCE_1338,train,best.pt,,,,,,,
0.2,0.739973516,19,0,0,1,1,1,TCE_1339,train,best.pt,,,,,,,
0.25,0.739973516,19,0,0,1,1,1,TCE_1339,train,best.pt,,,,,,,
0.3,0.739973516,19,0,0,1,1,1,TCE_1339,train,best.pt,,,,,,,
0.35,0.739973516,19,0,0,1,1,1,TCE_1339,train,best.pt,,,,,,,
0.4,0.739973516,19,0,0,1,1,1,TCE_1339,train,best.pt,,,,,,,
0.45,0.739973516,19,0,0,1,1,1,TCE_1339,train,best.pt,,,,,,,
0.5,0.669499851,17,2,2,0.89,0.89,0.89,TCE_1339,train,best.pt,,,,,,,
0.2,0.703098631,19,0,0,1,1,1,TCE_1342,train,best.pt,,,,,,,
0.25,0.703098631,19,0,0,1,1,1,TCE_1342,train,best.pt,,,,,,,
0.3,0.703098631,19,0,0,1,1,1,TCE_1342,train,best.pt,,,,,,,
0.35,0.703098631,19,0,0,1,1,1,TCE_1342,train,best.pt,,,,,,,
0.4,0.703098631,19,0,0,1,1,1,TCE_1342,train,best.pt,,,,,,,
0.45,0.703098631,19,0,0,1,1,1,TCE_1342,train,best.pt,,,,,,,
0.5,0.667943702,18,1,1,0.95,0.95,0.95,TCE_1342,train,best.pt,,,,,,,
0.2,0.769080219,19,0,0,1,1,1,TCE_1343,train,best.pt,,,,,,,
0.25,0.769080219,19,0,0,1,1,1,TCE_1343,train,best.pt,,,,,,,
0.3,0.769080219,19,0,0,1,1,1,TCE_1343,train,best.pt,,,,,,,
0.35,0.769080219,19,0,0,1,1,1,TCE_1343,train,best.pt,,,,,,,
0.4,0.769080219,19,0,0,1,1,1,TCE_1343,train,best.pt,,,,,,,
0.45,0.769080219,19,0,0,1,1,1,TCE_1343,train,best.pt,,,,,,,
0.5,0.769080219,19,0,0,1,1,1,TCE_1343,train,best.pt,,,,,,,
0.2,0.699070797,19,0,0,1,1,1,TCE_1345,train,best.pt,,,,,,,
0.25,0.699070797,19,0,0,1,1,1,TCE_1345,train,best.pt,,,,,,,
0.3,0.699070797,19,0,0,1,1,1,TCE_1345,train,best.pt,,,,,,,
0.35,0.699070797,19,0,0,1,1,1,TCE_1345,train,best.pt,,,,,,,
0.4,0.699070797,19,0,0,1,1,1,TCE_1345,train,best.pt,,,,,,,
0.45,0.664117259,18,1,1,0.95,0.95,0.95,TCE_1345,train,best.pt,,,,,,,
0.5,0.632492629,17,2,2,0.89,0.89,0.89,TCE_1345,train,best.pt,,,,,,,
0.2,0.770560059,17,0,0,1,1,1,TCE_1348,train,best.pt,,,,,,,
0.25,0.770560059,17,0,0,1,1,1,TCE_1348,train,best.pt,,,,,,,
0.3,0.770560059,17,0,0,1,1,1,TCE_1348,train,best.pt,,,,,,,
0.35,0.770560059,17,0,0,1,1,1,TCE_1348,train,best.pt,,,,,,,
0.4,0.770560059,17,0,0,1,1,1,TCE_1348,train,best.pt,,,,,,,
0.45,0.770560059,17,0,0,1,1,1,TCE_1348,train,best.pt,,,,,,,
0.5,0.770560059,17,0,0,1,1,1,TCE_1348,train,best.pt,,,,,,,
0.2,0.694972071,19,0,0,1,1,1,TCE_1349,train,best.pt,,,,,,,
0.25,0.694972071,19,0,0,1,1,1,TCE_1349,train,best.pt,,,,,,,
0.3,0.694972071,19,0,0,1,1,1,TCE_1349,train,best.pt,,,,,,,
0.35,0.694972071,19,0,0,1,1,1,TCE_1349,train,best.pt,,,,,,,
0.4,0.694972071,19,0,0,1,1,1,TCE_1349,train,best.pt,,,,,,,
0.45,0.694972071,19,0,0,1,1,1,TCE_1349,train,best.pt,,,,,,,
0.5,0.660223469,18,1,1,0.95,0.95,0.95,TCE_1349,train,best.pt,,,,,,,
0.2,0.699126872,19,0,1,1,0.95,0.97,TCE_1350,train,best.pt,,,,,,,
0.25,0.699126872,19,0,1,1,0.95,0.97,TCE_1350,train,best.pt,,,,,,,
0.3,0.699126872,19,0,1,1,0.95,0.97,TCE_1350,train,best.pt,,,,,,,
0.35,0.699126872,19,0,1,1,0.95,0.97,TCE_1350,train,best.pt,,,,,,,
0.4,0.699126872,19,0,1,1,0.95,0.97,TCE_1350,train,best.pt,,,,,,,
0.45,0.699126872,19,0,1,1,0.95,0.97,TCE_1350,train,best.pt,,,,,,,
0.5,0.699126872,19,0,1,1,0.95,0.97,TCE_1350,train,best.pt,,,,,,,
0.2,0.730134321,19,0,0,1,1,1,TCE_1351,train,best.pt,,,,,,,
0.25,0.730134321,19,0,0,1,1,1,TCE_1351,train,best.pt,,,,,,,
0.3,0.730134321,19,0,0,1,1,1,TCE_1351,train,best.pt,,,,,,,
0.35,0.730134321,19,0,0,1,1,1,TCE_1351,train,best.pt,,,,,,,
0.4,0.730134321,19,0,0,1,1,1,TCE_1351,train,best.pt,,,,,,,
0.45,0.730134321,19,0,0,1,1,1,TCE_1351,train,best.pt,,,,,,,
0.5,0.730134321,19,0,0,1,1,1,TCE_1351,train,best.pt,,,,,,,
0.2,0.672138552,17,0,2,1,0.89,0.94,TCE_1352,train,best.pt,,,,,,,
0.25,0.672138552,17,0,2,1,0.89,0.94,TCE_1352,train,best.pt,,,,,,,
0.3,0.672138552,17,0,2,1,0.89,0.94,TCE_1352,train,best.pt,,,,,,,
0.35,0.672138552,17,0,2,1,0.89,0.94,TCE_1352,train,best.pt,,,,,,,
0.4,0.672138552,17,0,2,1,0.89,0.94,TCE_1352,train,best.pt,,,,,,,
0.45,0.672138552,17,0,2,1,0.89,0.94,TCE_1352,train,best.pt,,,,,,,
0.5,0.672138552,17,0,2,1,0.89,0.94,TCE_1352,train,best.pt,,,,,,,
0.2,0.724326322,19,0,0,1,1,1,TCE_1353,train,best.pt,,,,,,,
0.25,0.724326322,19,0,0,1,1,1,TCE_1353,train,best.pt,,,,,,,
0.3,0.724326322,19,0,0,1,1,1,TCE_1353,train,best.pt,,,,,,,
0.35,0.724326322,19,0,0,1,1,1,TCE_1353,train,best.pt,,,,,,,
0.4,0.724326322,19,0,0,1,1,1,TCE_1353,train,best.pt,,,,,,,
0.45,0.724326322,19,0,0,1,1,1,TCE_1353,train,best.pt,,,,,,,
0.5,0.724326322,19,0,0,1,1,1,TCE_1353,train,best.pt,,,,,,,
0.2,0.750061524,19,0,0,1,1,1,TCE_1354,train,best.pt,,,,,,,
0.25,0.750061524,19,0,0,1,1,1,TCE_1354,train,best.pt,,,,,,,
0.3,0.750061524,19,0,0,1,1,1,TCE_1354,train,best.pt,,,,,,,
0.35,0.750061524,19,0,0,1,1,1,TCE_1354,train,best.pt,,,,,,,
0.4,0.750061524,19,0,0,1,1,1,TCE_1354,train,best.pt,,,,,,,
0.45,0.71255845,18,1,1,0.95,0.95,0.95,TCE_1354,train,best.pt,,,,,,,
0.5,0.71255845,18,1,1,0.95,0.95,0.95,TCE_1354,train,best.pt,,,,,,,
0.2,0.702186927,19,0,0,1,1,1,TCE_1355,train,best.pt,,,,,,,
0.25,0.702186927,19,0,0,1,1,1,TCE_1355,train,best.pt,,,,,,,
0.3,0.702186927,19,0,0,1,1,1,TCE_1355,train,best.pt,,,,,,,
0.35,0.702186927,19,0,0,1,1,1,TCE_1355,train,best.pt,,,,,,,
0.4,0.702186927,19,0,0,1,1,1,TCE_1355,train,best.pt,,,,,,,
0.45,0.667077583,18,1,1,0.95,0.95,0.95,TCE_1355,train,best.pt,,,,,,,
0.5,0.635311985,17,2,2,0.89,0.89,0.89,TCE_1355,train,best.pt,,,,,,,
0.2,0.761867039,19,0,0,1,1,1,TCE_1356,train,best.pt,,,,,,,
0.25,0.761867039,19,0,0,1,1,1,TCE_1356,train,best.pt,,,,,,,
0.3,0.761867039,19,0,0,1,1,1,TCE_1356,train,best.pt,,,,,,,
0.35,0.761867039,19,0,0,1,1,1,TCE_1356,train,best.pt,,,,,,,
0.4,0.761867039,19,0,0,1,1,1,TCE_1356,train,best.pt,,,,,,,
0.45,0.761867039,19,0,0,1,1,1,TCE_1356,train,best.pt,,,,,,,
0.5,0.761867039,19,0,0,1,1,1,TCE_1356,train,best.pt,,,,,,,
0.2,0.73358299,18,0,1,1,0.95,0.97,TCE_1359,train,best.pt,,,,,,,
0.25,0.73358299,18,0,1,1,0.95,0.97,TCE_1359,train,best.pt,,,,,,,
0.3,0.73358299,18,0,1,1,0.95,0.97,TCE_1359,train,best.pt,,,,,,,
0.35,0.73358299,18,0,1,1,0.95,0.97,TCE_1359,train,best.pt,,,,,,,
0.4,0.73358299,18,0,1,1,0.95,0.97,TCE_1359,train,best.pt,,,,,,,
0.45,0.73358299,18,0,1,1,0.95,0.97,TCE_1359,train,best.pt,,,,,,,
0.5,0.73358299,18,0,1,1,0.95,0.97,TCE_1359,train,best.pt,,,,,,,
0.2,0.653287259,19,0,2,1,0.9,0.95,TCE_1361,train,best.pt,,,,,,,
0.25,0.653287259,19,0,2,1,0.9,0.95,TCE_1361,train,best.pt,,,,,,,
0.3,0.653287259,19,0,2,1,0.9,0.95,TCE_1361,train,best.pt,,,,,,,
0.35,0.653287259,19,0,2,1,0.9,0.95,TCE_1361,train,best.pt,,,,,,,
0.4,0.653287259,19,0,2,1,0.9,0.95,TCE_1361,train,best.pt,,,,,,,
0.45,0.653287259,19,0,2,1,0.9,0.95,TCE_1361,train,best.pt,,,,,,,
0.5,0.596479674,17,2,4,0.89,0.81,0.85,TCE_1361,train,best.pt,,,,,,,
0.2,0.696329714,19,0,0,1,1,1,TCE_1362,train,best.pt,,,,,,,
0.25,0.696329714,19,0,0,1,1,1,TCE_1362,train,best.pt,,,,,,,
0.3,0.696329714,19,0,0,1,1,1,TCE_1362,train,best.pt,,,,,,,
0.35,0.696329714,19,0,0,1,1,1,TCE_1362,train,best.pt,,,,,,,
0.4,0.696329714,19,0,0,1,1,1,TCE_1362,train,best.pt,,,,,,,
0.45,0.66151323,18,1,1,0.95,0.95,0.95,TCE_1362,train,best.pt,,,,,,,
0.5,0.66151323,18,1,1,0.95,0.95,0.95,TCE_1362,train,best.pt,,,,,,,
0.2,0.717377263,18,0,1,1,0.95,0.97,TCE_1363,train,best.pt,,,,,,,
0.25,0.717377263,18,0,1,1,0.95,0.97,TCE_1363,train,best.pt,,,,,,,
0.3,0.717377263,18,0,1,1,0.95,0.97,TCE_1363,train,best.pt,,,,,,,
0.35,0.717377263,18,0,1,1,0.95,0.97,TCE_1363,train,best.pt,,,,,,,
0.4,0.717377263,18,0,1,1,0.95,0.97,TCE_1363,train,best.pt,,,,,,,
0.45,0.717377263,18,0,1,1,0.95,0.97,TCE_1363,train,best.pt,,,,,,,
0.5,0.717377263,18,0,1,1,0.95,0.97,TCE_1363,train,best.pt,,,,,,,
0.2,0.724434089,19,0,1,1,0.95,0.97,TCE_1365,train,best.pt,,,,,,,
0.25,0.724434089,19,0,1,1,0.95,0.97,TCE_1365,train,best.pt,,,,,,,
0.3,0.724434089,19,0,1,1,0.95,0.97,TCE_1365,train,best.pt,,,,,,,
0.35,0.689937229,18,1,2,0.95,0.9,0.92,TCE_1365,train,best.pt,,,,,,,
0.4,0.689937229,18,1,2,0.95,0.9,0.92,TCE_1365,train,best.pt,,,,,,,
0.45,0.689937229,18,1,2,0.95,0.9,0.92,TCE_1365,train,best.pt,,,,,,,
0.5,0.689937229,18,1,2,0.95,0.9,0.92,TCE_1365,train,best.pt,,,,,,,
0.2,0.742569463,19,0,0,1,1,1,TCE_1366,train,best.pt,,,,,,,
0.25,0.742569463,19,0,0,1,1,1,TCE_1366,train,best.pt,,,,,,,
0.3,0.742569463,19,0,0,1,1,1,TCE_1366,train,best.pt,,,,,,,
0.35,0.742569463,19,0,0,1,1,1,TCE_1366,train,best.pt,,,,,,,
0.4,0.742569463,19,0,0,1,1,1,TCE_1366,train,best.pt,,,,,,,
0.45,0.742569463,19,0,0,1,1,1,TCE_1366,train,best.pt,,,,,,,
0.5,0.705440992,18,1,1,0.95,0.95,0.95,TCE_1366,train,best.pt,,,,,,,
0.2,0.812908365,19,0,0,1,1,1,TCE_1367,train,best.pt,,,,,,,
0.25,0.812908365,19,0,0,1,1,1,TCE_1367,train,best.pt,,,,,,,
0.3,0.812908365,19,0,0,1,1,1,TCE_1367,train,best.pt,,,,,,,
0.35,0.812908365,19,0,0,1,1,1,TCE_1367,train,best.pt,,,,,,,
0.4,0.812908365,19,0,0,1,1,1,TCE_1367,train,best.pt,,,,,,,
0.45,0.812908365,19,0,0,1,1,1,TCE_1367,train,best.pt,,,,,,,
0.5,0.812908365,19,0,0,1,1,1,TCE_1367,train,best.pt,,,,,,,
0.2,0.770249418,19,0,0,1,1,1,TCE_1369,train,best.pt,,,,,,,
0.25,0.770249418,19,0,0,1,1,1,TCE_1369,train,best.pt,,,,,,,
0.3,0.770249418,19,0,0,1,1,1,TCE_1369,train,best.pt,,,,,,,
0.35,0.770249418,19,0,0,1,1,1,TCE_1369,train,best.pt,,,,,,,
0.4,0.770249418,19,0,0,1,1,1,TCE_1369,train,best.pt,,,,,,,
0.45,0.770249418,19,0,0,1,1,1,TCE_1369,train,best.pt,,,,,,,
0.5,0.731736949,18,1,1,0.95,0.95,0.95,TCE_1369,train,best.pt,,,,,,,
0.2,0.774735903,19,0,0,1,1,1,TCE_1370,train,best.pt,,,,,,,
0.25,0.774735903,19,0,0,1,1,1,TCE_1370,train,best.pt,,,,,,,
0.3,0.774735903,19,0,0,1,1,1,TCE_1370,train,best.pt,,,,,,,
0.35,0.774735903,19,0,0,1,1,1,TCE_1370,train,best.pt,,,,,,,
0.4,0.774735903,19,0,0,1,1,1,TCE_1370,train,best.pt,,,,,,,
0.45,0.774735903,19,0,0,1,1,1,TCE_1370,train,best.pt,,,,,,,
0.5,0.774735903,19,0,0,1,1,1,TCE_1370,train,best.pt,,,,,,,
0.2,0.816076857,19,0,0,1,1,1,TCE_1371,train,best.pt,,,,,,,
0.25,0.816076857,19,0,0,1,1,1,TCE_1371,train,best.pt,,,,,,,
0.3,0.816076857,19,0,0,1,1,1,TCE_1371,train,best.pt,,,,,,,
0.35,0.816076857,19,0,0,1,1,1,TCE_1371,train,best.pt,,,,,,,
0.4,0.816076857,19,0,0,1,1,1,TCE_1371,train,best.pt,,,,,,,
0.45,0.816076857,19,0,0,1,1,1,TCE_1371,train,best.pt,,,,,,,
0.5,0.816076857,19,0,0,1,1,1,TCE_1371,train,best.pt,,,,,,,
0.2,0.78564063,19,0,0,1,1,1,TCE_1372,train,best.pt,,,,,,,
0.25,0.78564063,19,0,0,1,1,1,TCE_1372,train,best.pt,,,,,,,
0.3,0.78564063,19,0,0,1,1,1,TCE_1372,train,best.pt,,,,,,,
0.35,0.78564063,19,0,0,1,1,1,TCE_1372,train,best.pt,,,,,,,
0.4,0.78564063,19,0,0,1,1,1,TCE_1372,train,best.pt,,,,,,,
0.45,0.78564063,19,0,0,1,1,1,TCE_1372,train,best.pt,,,,,,,
0.5,0.78564063,19,0,0,1,1,1,TCE_1372,train,best.pt,,,,,,,
0.2,0.727566525,18,0,1,1,0.95,0.97,TCE_1373,train,best.pt,,,,,,,
0.25,0.727566525,18,0,1,1,0.95,0.97,TCE_1373,train,best.pt,,,,,,,
0.3,0.727566525,18,0,1,1,0.95,0.97,TCE_1373,train,best.pt,,,,,,,
0.35,0.727566525,18,0,1,1,0.95,0.97,TCE_1373,train,best.pt,,,,,,,
0.4,0.727566525,18,0,1,1,0.95,0.97,TCE_1373,train,best.pt,,,,,,,
0.45,0.727566525,18,0,1,1,0.95,0.97,TCE_1373,train,best.pt,,,,,,,
0.5,0.727566525,18,0,1,1,0.95,0.97,TCE_1373,train,best.pt,,,,,,,
0.2,0.762190173,19,0,0,1,1,1,TCE_1374,train,best.pt,,,,,,,
0.25,0.762190173,19,0,0,1,1,1,TCE_1374,train,best.pt,,,,,,,
0.3,0.762190173,19,0,0,1,1,1,TCE_1374,train,best.pt,,,,,,,
0.35,0.762190173,19,0,0,1,1,1,TCE_1374,train,best.pt,,,,,,,
0.4,0.762190173,19,0,0,1,1,1,TCE_1374,train,best.pt,,,,,,,
0.45,0.762190173,19,0,0,1,1,1,TCE_1374,train,best.pt,,,,,,,
0.5,0.762190173,19,0,0,1,1,1,TCE_1374,train,best.pt,,,,,,,
0.2,0.721314168,18,0,1,1,0.95,0.97,TCE_1376,train,best.pt,,,,,,,
0.25,0.721314168,18,0,1,1,0.95,0.97,TCE_1376,train,best.pt,,,,,,,
0.3,0.721314168,18,0,1,1,0.95,0.97,TCE_1376,train,best.pt,,,,,,,
0.35,0.721314168,18,0,1,1,0.95,0.97,TCE_1376,train,best.pt,,,,,,,
0.4,0.721314168,18,0,1,1,0.95,0.97,TCE_1376,train,best.pt,,,,,,,
0.45,0.721314168,18,0,1,1,0.95,0.97,TCE_1376,train,best.pt,,,,,,,
0.5,0.721314168,18,0,1,1,0.95,0.97,TCE_1376,train,best.pt,,,,,,,
0.2,0.7535869,19,0,0,1,1,1,TCE_1377,train,best.pt,,,,,,,
0.25,0.7535869,19,0,0,1,1,1,TCE_1377,train,best.pt,,,,,,,
0.3,0.7535869,19,0,0,1,1,1,TCE_1377,train,best.pt,,,,,,,
0.35,0.7535869,19,0,0,1,1,1,TCE_1377,train,best.pt,,,,,,,
0.4,0.7535869,19,0,0,1,1,1,TCE_1377,train,best.pt,,,,,,,
0.45,0.7535869,19,0,0,1,1,1,TCE_1377,train,best.pt,,,,,,,
0.5,0.7535869,19,0,0,1,1,1,TCE_1377,train,best.pt,,,,,,,
0.2,0.792096188,19,0,0,1,1,1,TCE_1378,train,best.pt,,,,,,,
0.25,0.792096188,19,0,0,1,1,1,TCE_1378,train,best.pt,,,,,,,
0.3,0.792096188,19,0,0,1,1,1,TCE_1378,train,best.pt,,,,,,,
0.35,0.792096188,19,0,0,1,1,1,TCE_1378,train,best.pt,,,,,,,
0.4,0.792096188,19,0,0,1,1,1,TCE_1378,train,best.pt,,,,,,,
0.45,0.792096188,19,0,0,1,1,1,TCE_1378,train,best.pt,,,,,,,
0.5,0.792096188,19,0,0,1,1,1,TCE_1378,train,best.pt,,,,,,,
0.2,0.779173462,19,0,0,1,1,1,TCE_1379,train,best.pt,,,,,,,
0.25,0.779173462,19,0,0,1,1,1,TCE_1379,train,best.pt,,,,,,,
0.3,0.779173462,19,0,0,1,1,1,TCE_1379,train,best.pt,,,,,,,
0.35,0.779173462,19,0,0,1,1,1,TCE_1379,train,best.pt,,,,,,,
0.4,0.779173462,19,0,0,1,1,1,TCE_1379,train,best.pt,,,,,,,
0.45,0.779173462,19,0,0,1,1,1,TCE_1379,train,best.pt,,,,,,,
0.5,0.779173462,19,0,0,1,1,1,TCE_1379,train,best.pt,,,,,,,
0.2,0.781626635,19,0,0,1,1,1,TCE_1380,train,best.pt,,,,,,,
0.25,0.781626635,19,0,0,1,1,1,TCE_1380,train,best.pt,,,,,,,
0.3,0.781626635,19,0,0,1,1,1,TCE_1380,train,best.pt,,,,,,,
0.35,0.781626635,19,0,0,1,1,1,TCE_1380,train,best.pt,,,,,,,
0.4,0.781626635,19,0,0,1,1,1,TCE_1380,train,best.pt,,,,,,,
0.45,0.781626635,19,0,0,1,1,1,TCE_1380,train,best.pt,,,,,,,
0.5,0.781626635,19,0,0,1,1,1,TCE_1380,train,best.pt,,,,,,,
0.2,0.730297995,18,0,1,1,0.95,0.97,TCE_1382,train,best.pt,,,,,,,
0.25,0.730297995,18,0,1,1,0.95,0.97,TCE_1382,train,best.pt,,,,,,,
0.3,0.730297995,18,0,1,1,0.95,0.97,TCE_1382,train,best.pt,,,,,,,
0.35,0.730297995,18,0,1,1,0.95,0.97,TCE_1382,train,best.pt,,,,,,,
0.4,0.730297995,18,0,1,1,0.95,0.97,TCE_1382,train,best.pt,,,,,,,
0.45,0.730297995,18,0,1,1,0.95,0.97,TCE_1382,train,best.pt,,,,,,,
0.5,0.730297995,18,0,1,1,0.95,0.97,TCE_1382,train,best.pt,,,,,,,
0.2,0.787462756,19,0,0,1,1,1,TCE_1383,train,best.pt,,,,,,,
0.25,0.787462756,19,0,0,1,1,1,TCE_1383,train,best.pt,,,,,,,
0.3,0.787462756,19,0,0,1,1,1,TCE_1383,train,best.pt,,,,,,,
0.35,0.787462756,19,0,0,1,1,1,TCE_1383,train,best.pt,,,,,,,
0.4,0.787462756,19,0,0,1,1,1,TCE_1383,train,best.pt,,,,,,,
0.45,0.787462756,19,0,0,1,1,1,TCE_1383,train,best.pt,,,,,,,
0.5,0.787462756,19,0,0,1,1,1,TCE_1383,train,best.pt,,,,,,,
0.2,0.803823212,18,0,0,1,1,1,TCE_1384,train,best.pt,,,,,,,
0.25,0.803823212,18,0,0,1,1,1,TCE_1384,train,best.pt,,,,,,,
0.3,0.803823212,18,0,0,1,1,1,TCE_1384,train,best.pt,,,,,,,
0.35,0.803823212,18,0,0,1,1,1,TCE_1384,train,best.pt,,,,,,,
0.4,0.803823212,18,0,0,1,1,1,TCE_1384,train,best.pt,,,,,,,
0.45,0.803823212,18,0,0,1,1,1,TCE_1384,train,best.pt,,,,,,,
0.5,0.803823212,18,0,0,1,1,1,TCE_1384,train,best.pt,,,,,,,
0.2,0.708161544,19,0,0,1,1,1,TCE_1385,train,best.pt,,,,,,,
0.25,0.708161544,19,0,0,1,1,1,TCE_1385,train,best.pt,,,,,,,
0.3,0.708161544,19,0,0,1,1,1,TCE_1385,train,best.pt,,,,,,,
0.35,0.708161544,19,0,0,1,1,1,TCE_1385,train,best.pt,,,,,,,
0.4,0.708161544,19,0,0,1,1,1,TCE_1385,train,best.pt,,,,,,,
0.45,0.708161544,19,0,0,1,1,1,TCE_1385,train,best.pt,,,,,,,
0.5,0.708161544,19,0,0,1,1,1,TCE_1385,train,best.pt,,,,,,,
0.2,0.772939812,19,0,0,1,1,1,TCE_1386,train,best.pt,,,,,,,
0.25,0.772939812,19,0,0,1,1,1,TCE_1386,train,best.pt,,,,,,,
0.3,0.772939812,19,0,0,1,1,1,TCE_1386,train,best.pt,,,,,,,
0.35,0.772939812,19,0,0,1,1,1,TCE_1386,train,best.pt,,,,,,,
0.4,0.772939812,19,0,0,1,1,1,TCE_1386,train,best.pt,,,,,,,
0.45,0.734292823,18,1,1,0.95,0.95,0.95,TCE_1386,train,best.pt,,,,,,,
0.5,0.734292823,18,1,1,0.95,0.95,0.95,TCE_1386,train,best.pt,,,,,,,
0.2,0.730094105,19,0,0,1,1,1,TCE_1387,train,best.pt,,,,,,,
0.25,0.730094105,19,0,0,1,1,1,TCE_1387,train,best.pt,,,,,,,
0.3,0.730094105,19,0,0,1,1,1,TCE_1387,train,best.pt,,,,,,,
0.35,0.730094105,19,0,0,1,1,1,TCE_1387,train,best.pt,,,,,,,
0.4,0.730094105,19,0,0,1,1,1,TCE_1387,train,best.pt,,,,,,,
0.45,0.730094105,19,0,0,1,1,1,TCE_1387,train,best.pt,,,,,,,
0.5,0.730094105,19,0,0,1,1,1,TCE_1387,train,best.pt,,,,,,,
0.2,0.77752124,19,0,0,1,1,1,TCE_1389,train,best.pt,,,,,,,
0.25,0.77752124,19,0,0,1,1,1,TCE_1389,train,best.pt,,,,,,,
0.3,0.77752124,19,0,0,1,1,1,TCE_1389,train,best.pt,,,,,,,
0.35,0.77752124,19,0,0,1,1,1,TCE_1389,train,best.pt,,,,,,,
0.4,0.77752124,19,0,0,1,1,1,TCE_1389,train,best.pt,,,,,,,
0.45,0.77752124,19,0,0,1,1,1,TCE_1389,train,best.pt,,,,,,,
0.5,0.73864518,18,1,1,0.95,0.95,0.95,TCE_1389,train,best.pt,,,,,,,
0.2,0.782365608,17,0,0,1,1,1,TCE_1391,train,best.pt,,,,,,,
0.25,0.782365608,17,0,0,1,1,1,TCE_1391,train,best.pt,,,,,,,
0.3,0.782365608,17,0,0,1,1,1,TCE_1391,train,best.pt,,,,,,,
0.35,0.782365608,17,0,0,1,1,1,TCE_1391,train,best.pt,,,,,,,
0.4,0.782365608,17,0,0,1,1,1,TCE_1391,train,best.pt,,,,,,,
0.45,0.782365608,17,0,0,1,1,1,TCE_1391,train,best.pt,,,,,,,
0.5,0.782365608,17,0,0,1,1,1,TCE_1391,train,best.pt,,,,,,,
0.2,0.753325434,19,0,0,1,1,1,TCE_1392,train,best.pt,,,,,,,
0.25,0.753325434,19,0,0,1,1,1,TCE_1392,train,best.pt,,,,,,,
0.3,0.753325434,19,0,0,1,1,1,TCE_1392,train,best.pt,,,,,,,
0.35,0.753325434,19,0,0,1,1,1,TCE_1392,train,best.pt,,,,,,,
0.4,0.753325434,19,0,0,1,1,1,TCE_1392,train,best.pt,,,,,,,
0.45,0.753325434,19,0,0,1,1,1,TCE_1392,train,best.pt,,,,,,,
0.5,0.715659164,18,1,1,0.95,0.95,0.95,TCE_1392,train,best.pt,,,,,,,
0.2,0.749557868,19,0,0,1,1,1,TCE_1393,train,best.pt,,,,,,,
0.25,0.749557868,19,0,0,1,1,1,TCE_1393,train,best.pt,,,,,,,
0.3,0.749557868,19,0,0,1,1,1,TCE_1393,train,best.pt,,,,,,,
0.35,0.749557868,19,0,0,1,1,1,TCE_1393,train,best.pt,,,,,,,
0.4,0.749557868,19,0,0,1,1,1,TCE_1393,train,best.pt,,,,,,,
0.45,0.749557868,19,0,0,1,1,1,TCE_1393,train,best.pt,,,,,,,
0.5,0.749557868,19,0,0,1,1,1,TCE_1393,train,best.pt,,,,,,,
0.2,0.719114632,20,0,0,1,1,1,TCE_1395,train,best.pt,,,,,,,
0.25,0.719114632,20,0,0,1,1,1,TCE_1395,train,best.pt,,,,,,,
0.3,0.719114632,20,0,0,1,1,1,TCE_1395,train,best.pt,,,,,,,
0.35,0.719114632,20,0,0,1,1,1,TCE_1395,train,best.pt,,,,,,,
0.4,0.719114632,20,0,0,1,1,1,TCE_1395,train,best.pt,,,,,,,
0.45,0.719114632,20,0,0,1,1,1,TCE_1395,train,best.pt,,,,,,,
0.5,0.719114632,20,0,0,1,1,1,TCE_1395,train,best.pt,,,,,,,
0.2,0.773432638,19,0,0,1,1,1,TCE_1396,train,best.pt,,,,,,,
0.25,0.773432638,19,0,0,1,1,1,TCE_1396,train,best.pt,,,,,,,
0.3,0.773432638,19,0,0,1,1,1,TCE_1396,train,best.pt,,,,,,,
0.35,0.773432638,19,0,0,1,1,1,TCE_1396,train,best.pt,,,,,,,
0.4,0.773432638,19,0,0,1,1,1,TCE_1396,train,best.pt,,,,,,,
0.45,0.773432638,19,0,0,1,1,1,TCE_1396,train,best.pt,,,,,,,
0.5,0.773432638,19,0,0,1,1,1,TCE_1396,train,best.pt,,,,,,,
0.2,0.777725839,19,0,0,1,1,1,TCE_1397,train,best.pt,,,,,,,
0.25,0.777725839,19,0,0,1,1,1,TCE_1397,train,best.pt,,,,,,,
0.3,0.777725839,19,0,0,1,1,1,TCE_1397,train,best.pt,,,,,,,
0.35,0.777725839,19,0,0,1,1,1,TCE_1397,train,best.pt,,,,,,,
0.4,0.777725839,19,0,0,1,1,1,TCE_1397,train,best.pt,,,,,,,
0.45,0.777725839,19,0,0,1,1,1,TCE_1397,train,best.pt,,,,,,,
0.5,0.777725839,19,0,0,1,1,1,TCE_1397,train,best.pt,,,,,,,
0.2,0.780149917,19,0,0,1,1,1,TCE_1398,train,best.pt,,,,,,,
0.25,0.780149917,19,0,0,1,1,1,TCE_1398,train,best.pt,,,,,,,
0.3,0.780149917,19,0,0,1,1,1,TCE_1398,train,best.pt,,,,,,,
0.35,0.780149917,19,0,0,1,1,1,TCE_1398,train,best.pt,,,,,,,
0.4,0.780149917,19,0,0,1,1,1,TCE_1398,train,best.pt,,,,,,,
0.45,0.780149917,19,0,0,1,1,1,TCE_1398,train,best.pt,,,,,,,
0.5,0.780149917,19,0,0,1,1,1,TCE_1398,train,best.pt,,,,,,,
0.2,0.765921877,19,0,0,1,1,1,TCE_1399,train,best.pt,,,,,,,
0.25,0.765921877,19,0,0,1,1,1,TCE_1399,train,best.pt,,,,,,,
0.3,0.765921877,19,0,0,1,1,1,TCE_1399,train,best.pt,,,,,,,
0.35,0.765921877,19,0,0,1,1,1,TCE_1399,train,best.pt,,,,,,,
0.4,0.765921877,19,0,0,1,1,1,TCE_1399,train,best.pt,,,,,,,
0.45,0.765921877,19,0,0,1,1,1,TCE_1399,train,best.pt,,,,,,,
0.5,0.765921877,19,0,0,1,1,1,TCE_1399,train,best.pt,,,,,,,
0.2,0.753611347,19,0,0,1,1,1,TCE_1403,train,best.pt,,,,,,,
0.25,0.753611347,19,0,0,1,1,1,TCE_1403,train,best.pt,,,,,,,
0.3,0.753611347,19,0,0,1,1,1,TCE_1403,train,best.pt,,,,,,,
0.35,0.753611347,19,0,0,1,1,1,TCE_1403,train,best.pt,,,,,,,
0.4,0.753611347,19,0,0,1,1,1,TCE_1403,train,best.pt,,,,,,,
0.45,0.753611347,19,0,0,1,1,1,TCE_1403,train,best.pt,,,,,,,
0.5,0.753611347,19,0,0,1,1,1,TCE_1403,train,best.pt,,,,,,,
0.2,0.693448046,19,0,0,1,1,1,TCE_1405,train,best.pt,,,,,,,
0.25,0.693448046,19,0,0,1,1,1,TCE_1405,train,best.pt,,,,,,,
0.3,0.693448046,19,0,0,1,1,1,TCE_1405,train,best.pt,,,,,,,
0.35,0.658775645,18,1,1,0.95,0.95,0.95,TCE_1405,train,best.pt,,,,,,,
0.4,0.658775645,18,1,1,0.95,0.95,0.95,TCE_1405,train,best.pt,,,,,,,
0.45,0.658775645,18,1,1,0.95,0.95,0.95,TCE_1405,train,best.pt,,,,,,,
0.5,0.627405378,17,2,2,0.89,0.89,0.89,TCE_1405,train,best.pt,,,,,,,
0.2,0.696197235,19,0,0,1,1,1,TCE_1406,train,best.pt,,,,,,,
0.25,0.696197235,19,0,0,1,1,1,TCE_1406,train,best.pt,,,,,,,
0.3,0.696197235,19,0,0,1,1,1,TCE_1406,train,best.pt,,,,,,,
0.35,0.661387375,18,1,1,0.95,0.95,0.95,TCE_1406,train,best.pt,,,,,,,
0.4,0.62989274,17,2,2,0.89,0.89,0.89,TCE_1406,train,best.pt,,,,,,,
0.45,0.601261253,16,3,3,0.84,0.84,0.84,TCE_1406,train,best.pt,,,,,,,
0.5,0.601261253,16,3,3,0.84,0.84,0.84,TCE_1406,train,best.pt,,,,,,,
0.2,0.73951573,19,0,0,1,1,1,TCE_1408,train,best.pt,,,,,,,
0.25,0.73951573,19,0,0,1,1,1,TCE_1408,train,best.pt,,,,,,,
0.3,0.73951573,19,0,0,1,1,1,TCE_1408,train,best.pt,,,,,,,
0.35,0.73951573,19,0,0,1,1,1,TCE_1408,train,best.pt,,,,,,,
0.4,0.73951573,19,0,0,1,1,1,TCE_1408,train,best.pt,,,,,,,
0.45,0.73951573,19,0,0,1,1,1,TCE_1408,train,best.pt,,,,,,,
0.5,0.702539946,18,1,1,0.95,0.95,0.95,TCE_1408,train,best.pt,,,,,,,
0.2,0.665546226,19,0,0,1,1,1,TCE_1410,train,best.pt,,,,,,,
0.25,0.665546226,19,0,0,1,1,1,TCE_1410,train,best.pt,,,,,,,
0.3,0.665546226,19,0,0,1,1,1,TCE_1410,train,best.pt,,,,,,,
0.35,0.665546226,19,0,0,1,1,1,TCE_1410,train,best.pt,,,,,,,
0.4,0.665546226,19,0,0,1,1,1,TCE_1410,train,best.pt,,,,,,,
0.45,0.665546226,19,0,0,1,1,1,TCE_1410,train,best.pt,,,,,,,
0.5,0.632268916,18,1,1,0.95,0.95,0.95,TCE_1410,train,best.pt,,,,,,,
0.2,0.667252837,18,0,1,1,0.95,0.97,TCE_1411,train,best.pt,,,,,,,
0.25,0.667252837,18,0,1,1,0.95,0.97,TCE_1411,train,best.pt,,,,,,,
0.3,0.667252837,18,0,1,1,0.95,0.97,TCE_1411,train,best.pt,,,,,,,
0.35,0.667252837,18,0,1,1,0.95,0.97,TCE_1411,train,best.pt,,,,,,,
0.4,0.667252837,18,0,1,1,0.95,0.97,TCE_1411,train,best.pt,,,,,,,
0.45,0.667252837,18,0,1,1,0.95,0.97,TCE_1411,train,best.pt,,,,,,,
0.5,0.633890196,17,1,2,0.94,0.89,0.92,TCE_1411,train,best.pt,,,,,,,
0.2,0.692885764,19,0,0,1,1,1,TCE_1412,train,best.pt,,,,,,,
0.25,0.692885764,19,0,0,1,1,1,TCE_1412,train,best.pt,,,,,,,
0.3,0.692885764,19,0,0,1,1,1,TCE_1412,train,best.pt,,,,,,,
0.35,0.692885764,19,0,0,1,1,1,TCE_1412,train,best.pt,,,,,,,
0.4,0.658241477,18,1,1,0.95,0.95,0.95,TCE_1412,train,best.pt,,,,,,,
0.45,0.598401346,16,3,3,0.84,0.84,0.84,TCE_1412,train,best.pt,,,,,,,
0.5,0.598401346,16,3,3,0.84,0.84,0.84,TCE_1412,train,best.pt,,,,,,,
0.2,0.628792,19,0,1,1,0.95,0.97,TCE_1414,train,best.pt,,,,,,,
0.25,0.628792,19,0,1,1,0.95,0.97,TCE_1414,train,best.pt,,,,,,,
0.3,0.628792,19,0,1,1,0.95,0.97,TCE_1414,train,best.pt,,,,,,,
0.35,0.598849526,18,1,2,0.95,0.9,0.92,TCE_1414,train,best.pt,,,,,,,
0.4,0.598849526,18,1,2,0.95,0.9,0.92,TCE_1414,train,best.pt,,,,,,,
0.45,0.598849526,18,1,2,0.95,0.9,0.92,TCE_1414,train,best.pt,,,,,,,
0.5,0.546775656,16,3,4,0.84,0.8,0.82,TCE_1414,train,best.pt,,,,,,,
0.2,0.695986789,19,0,0,1,1,1,TCE_1416,train,best.pt,,,,,,,
0.25,0.695986789,19,0,0,1,1,1,TCE_1416,train,best.pt,,,,,,,
0.3,0.695986789,19,0,0,1,1,1,TCE_1416,train,best.pt,,,,,,,
0.35,0.695986789,19,0,0,1,1,1,TCE_1416,train,best.pt,,,,,,,
0.4,0.695986789,19,0,0,1,1,1,TCE_1416,train,best.pt,,,,,,,
0.45,0.695986789,19,0,0,1,1,1,TCE_1416,train,best.pt,,,,,,,
0.5,0.695986789,19,0,0,1,1,1,TCE_1416,train,best.pt,,,,,,,
0.2,0.655790941,19,0,0,1,1,1,TCE_1417,train,best.pt,,,,,,,
0.25,0.655790941,19,0,0,1,1,1,TCE_1417,train,best.pt,,,,,,,
0.3,0.655790941,19,0,0,1,1,1,TCE_1417,train,best.pt,,,,,,,
0.35,0.593334664,17,2,2,0.89,0.89,0.89,TCE_1417,train,best.pt,,,,,,,
0.4,0.566364908,16,3,3,0.84,0.84,0.84,TCE_1417,train,best.pt,,,,,,,
0.45,0.519167834,14,5,5,0.74,0.74,0.74,TCE_1417,train,best.pt,,,,,,,
0.5,0.519167834,14,5,5,0.74,0.74,0.74,TCE_1417,train,best.pt,,,,,,,
0.2,0.737629862,19,0,0,1,1,1,TCE_1422,train,best.pt,,,,,,,
0.25,0.737629862,19,0,0,1,1,1,TCE_1422,train,best.pt,,,,,,,
0.3,0.737629862,19,0,0,1,1,1,TCE_1422,train,best.pt,,,,,,,
0.35,0.737629862,19,0,0,1,1,1,TCE_1422,train,best.pt,,,,,,,
0.4,0.737629862,19,0,0,1,1,1,TCE_1422,train,best.pt,,,,,,,
0.45,0.737629862,19,0,0,1,1,1,TCE_1422,train,best.pt,,,,,,,
0.5,0.700748371,18,1,1,0.95,0.95,0.95,TCE_1422,train,best.pt,,,,,,,
0.2,0.630420978,17,0,2,1,0.89,0.94,TCE_1423,train,best.pt,,,,,,,
0.25,0.630420978,17,0,2,1,0.89,0.94,TCE_1423,train,best.pt,,,,,,,
0.3,0.630420978,17,0,2,1,0.89,0.94,TCE_1423,train,best.pt,,,,,,,
0.35,0.598899931,16,1,3,0.94,0.84,0.89,TCE_1423,train,best.pt,,,,,,,
0.4,0.570380888,15,2,4,0.88,0.79,0.83,TCE_1423,train,best.pt,,,,,,,
0.45,0.544454485,14,3,5,0.82,0.74,0.78,TCE_1423,train,best.pt,,,,,,,
0.5,0.544454485,14,3,5,0.82,0.74,0.78,TCE_1423,train,best.pt,,,,,,,
0.2,0.685556513,19,0,0,1,1,1,TCE_1424,train,best.pt,,,,,,,
0.25,0.685556513,19,0,0,1,1,1,TCE_1424,train,best.pt,,,,,,,
0.3,0.685556513,19,0,0,1,1,1,TCE_1424,train,best.pt,,,,,,,
0.35,0.685556513,19,0,0,1,1,1,TCE_1424,train,best.pt,,,,,,,
0.4,0.651278689,18,1,1,0.95,0.95,0.95,TCE_1424,train,best.pt,,,,,,,
0.45,0.651278689,18,1,1,0.95,0.95,0.95,TCE_1424,train,best.pt,,,,,,,
0.5,0.651278689,18,1,1,0.95,0.95,0.95,TCE_1424,train,best.pt,,,,,,,
0.2,0.698278214,19,0,0,1,1,1,TCE_1425,train,best.pt,,,,,,,
0.25,0.698278214,19,0,0,1,1,1,TCE_1425,train,best.pt,,,,,,,
0.3,0.698278214,19,0,0,1,1,1,TCE_1425,train,best.pt,,,,,,,
0.35,0.698278214,19,0,0,1,1,1,TCE_1425,train,best.pt,,,,,,,
0.4,0.698278214,19,0,0,1,1,1,TCE_1425,train,best.pt,,,,,,,
0.45,0.63177553,17,2,2,0.89,0.89,0.89,TCE_1425,train,best.pt,,,,,,,
0.5,0.603058462,16,3,3,0.84,0.84,0.84,TCE_1425,train,best.pt,,,,,,,
0.2,0.594199714,17,0,2,1,0.89,0.94,TCE_1426,train,best.pt,,,,,,,
0.25,0.594199714,17,0,2,1,0.89,0.94,TCE_1426,train,best.pt,,,,,,,
0.3,0.594199714,17,0,2,1,0.89,0.94,TCE_1426,train,best.pt,,,,,,,
0.35,0.594199714,17,0,2,1,0.89,0.94,TCE_1426,train,best.pt,,,,,,,
0.4,0.594199714,17,0,2,1,0.89,0.94,TCE_1426,train,best.pt,,,,,,,
0.45,0.594199714,17,0,2,1,0.89,0.94,TCE_1426,train,best.pt,,,,,,,
0.5,0.537609267,15,2,4,0.88,0.79,0.83,TCE_1426,train,best.pt,,,,,,,
0.2,0.695790946,18,0,1,1,0.95,0.97,TCE_1427,train,best.pt,,,,,,,
0.25,0.695790946,18,0,1,1,0.95,0.97,TCE_1427,train,best.pt,,,,,,,
0.3,0.695790946,18,0,1,1,0.95,0.97,TCE_1427,train,best.pt,,,,,,,
0.35,0.695790946,18,0,1,1,0.95,0.97,TCE_1427,train,best.pt,,,,,,,
0.4,0.695790946,18,0,1,1,0.95,0.97,TCE_1427,train,best.pt,,,,,,,
0.45,0.695790946,18,0,1,1,0.95,0.97,TCE_1427,train,best.pt,,,,,,,
0.5,0.6610014,17,1,2,0.94,0.89,0.92,TCE_1427,train,best.pt,,,,,,,
0.2,0.744722541,19,0,0,1,1,1,TCE_1429,train,best.pt,,,,,,,
0.25,0.744722541,19,0,0,1,1,1,TCE_1429,train,best.pt,,,,,,,
0.3,0.744722541,19,0,0,1,1,1,TCE_1429,train,best.pt,,,,,,,
0.35,0.744722541,19,0,0,1,1,1,TCE_1429,train,best.pt,,,,,,,
0.4,0.744722541,19,0,0,1,1,1,TCE_1429,train,best.pt,,,,,,,
0.45,0.744722541,19,0,0,1,1,1,TCE_1429,train,best.pt,,,,,,,
0.5,0.707486416,18,1,1,0.95,0.95,0.95,TCE_1429,train,best.pt,,,,,,,
0.2,0.778077355,19,0,0,1,1,1,TCE_1430,train,best.pt,,,,,,,
0.25,0.778077355,19,0,0,1,1,1,TCE_1430,train,best.pt,,,,,,,
0.3,0.778077355,19,0,0,1,1,1,TCE_1430,train,best.pt,,,,,,,
0.35,0.778077355,19,0,0,1,1,1,TCE_1430,train,best.pt,,,,,,,
0.4,0.778077355,19,0,0,1,1,1,TCE_1430,train,best.pt,,,,,,,
0.45,0.778077355,19,0,0,1,1,1,TCE_1430,train,best.pt,,,,,,,
0.5,0.778077355,19,0,0,1,1,1,TCE_1430,train,best.pt,,,,,,,
0.2,0.770129608,19,0,0,1,1,1,TCE_1432,train,best.pt,,,,,,,
0.25,0.770129608,19,0,0,1,1,1,TCE_1432,train,best.pt,,,,,,,
0.3,0.770129608,19,0,0,1,1,1,TCE_1432,train,best.pt,,,,,,,
0.35,0.770129608,19,0,0,1,1,1,TCE_1432,train,best.pt,,,,,,,
0.4,0.770129608,19,0,0,1,1,1,TCE_1432,train,best.pt,,,,,,,
0.45,0.73162313,18,1,1,0.95,0.95,0.95,TCE_1432,train,best.pt,,,,,,,
0.5,0.73162313,18,1,1,0.95,0.95,0.95,TCE_1432,train,best.pt,,,,,,,
0.2,0.729530501,19,0,0,1,1,1,TCE_1433,train,best.pt,,,,,,,
0.25,0.729530501,19,0,0,1,1,1,TCE_1433,train,best.pt,,,,,,,
0.3,0.729530501,19,0,0,1,1,1,TCE_1433,train,best.pt,,,,,,,
0.35,0.729530501,19,0,0,1,1,1,TCE_1433,train,best.pt,,,,,,,
0.4,0.693053978,18,1,1,0.95,0.95,0.95,TCE_1433,train,best.pt,,,,,,,
0.45,0.693053978,18,1,1,0.95,0.95,0.95,TCE_1433,train,best.pt,,,,,,,
0.5,0.693053978,18,1,1,0.95,0.95,0.95,TCE_1433,train,best.pt,,,,,,,
0.2,0.709384656,19,0,0,1,1,1,TCE_1434,train,best.pt,,,,,,,
0.25,0.709384656,19,0,0,1,1,1,TCE_1434,train,best.pt,,,,,,,
0.3,0.709384656,19,0,0,1,1,1,TCE_1434,train,best.pt,,,,,,,
0.35,0.709384656,19,0,0,1,1,1,TCE_1434,train,best.pt,,,,,,,
0.4,0.673915425,18,1,1,0.95,0.95,0.95,TCE_1434,train,best.pt,,,,,,,
0.45,0.673915425,18,1,1,0.95,0.95,0.95,TCE_1434,train,best.pt,,,,,,,
0.5,0.673915425,18,1,1,0.95,0.95,0.95,TCE_1434,train,best.pt,,,,,,,
0.2,0.719224573,19,0,0,1,1,1,TCE_1436,train,best.pt,,,,,,,
0.25,0.719224573,19,0,0,1,1,1,TCE_1436,train,best.pt,,,,,,,
0.3,0.719224573,19,0,0,1,1,1,TCE_1436,train,best.pt,,,,,,,
0.35,0.719224573,19,0,0,1,1,1,TCE_1436,train,best.pt,,,,,,,
0.4,0.719224573,19,0,0,1,1,1,TCE_1436,train,best.pt,,,,,,,
0.45,0.650726998,17,2,2,0.89,0.89,0.89,TCE_1436,train,best.pt,,,,,,,
0.5,0.650726998,17,2,2,0.89,0.89,0.89,TCE_1436,train,best.pt,,,,,,,
0.2,0.672461736,18,0,1,1,0.95,0.97,TCE_1437,train,best.pt,,,,,,,
0.25,0.672461736,18,0,1,1,0.95,0.97,TCE_1437,train,best.pt,,,,,,,
0.3,0.672461736,18,0,1,1,0.95,0.97,TCE_1437,train,best.pt,,,,,,,
0.35,0.672461736,18,0,1,1,0.95,0.97,TCE_1437,train,best.pt,,,,,,,
0.4,0.672461736,18,0,1,1,0.95,0.97,TCE_1437,train,best.pt,,,,,,,
0.45,0.672461736,18,0,1,1,0.95,0.97,TCE_1437,train,best.pt,,,,,,,
0.5,0.638838651,17,1,2,0.94,0.89,0.92,TCE_1437,train,best.pt,,,,,,,
0.2,0.715074133,19,0,0,1,1,1,TCE_1438,train,best.pt,,,,,,,
0.25,0.715074133,19,0,0,1,1,1,TCE_1438,train,best.pt,,,,,,,
0.3,0.715074133,19,0,0,1,1,1,TCE_1438,train,best.pt,,,,,,,
0.35,0.679320428,18,1,1,0.95,0.95,0.95,TCE_1438,train,best.pt,,,,,,,
0.4,0.679320428,18,1,1,0.95,0.95,0.95,TCE_1438,train,best.pt,,,,,,,
0.45,0.679320428,18,1,1,0.95,0.95,0.95,TCE_1438,train,best.pt,,,,,,,
0.5,0.679320428,18,1,1,0.95,0.95,0.95,TCE_1438,train,best.pt,,,,,,,
0.2,0.737667068,19,0,0,1,1,1,TCE_1439,train,best.pt,,,,,,,
0.25,0.737667068,19,0,0,1,1,1,TCE_1439,train,best.pt,,,,,,,
0.3,0.737667068,19,0,0,1,1,1,TCE_1439,train,best.pt,,,,,,,
0.35,0.737667068,19,0,0,1,1,1,TCE_1439,train,best.pt,,,,,,,
0.4,0.737667068,19,0,0,1,1,1,TCE_1439,train,best.pt,,,,,,,
0.45,0.737667068,19,0,0,1,1,1,TCE_1439,train,best.pt,,,,,,,
0.5,0.700783717,18,1,1,0.95,0.95,0.95,TCE_1439,train,best.pt,,,,,,,
0.2,0.720189306,19,0,0,1,1,1,TCE_1440,train,best.pt,,,,,,,
0.25,0.720189306,19,0,0,1,1,1,TCE_1440,train,best.pt,,,,,,,
0.3,0.720189306,19,0,0,1,1,1,TCE_1440,train,best.pt,,,,,,,
0.35,0.720189306,19,0,0,1,1,1,TCE_1440,train,best.pt,,,,,,,
0.4,0.720189306,19,0,0,1,1,1,TCE_1440,train,best.pt,,,,,,,
0.45,0.720189306,19,0,0,1,1,1,TCE_1440,train,best.pt,,,,,,,
0.5,0.684179843,18,1,1,0.95,0.95,0.95,TCE_1440,train,best.pt,,,,,,,
0.2,0.728295818,19,0,0,1,1,1,TCE_1443,train,best.pt,,,,,,,
0.25,0.728295818,19,0,0,1,1,1,TCE_1443,train,best.pt,,,,,,,
0.3,0.728295818,19,0,0,1,1,1,TCE_1443,train,best.pt,,,,,,,
0.35,0.728295818,19,0,0,1,1,1,TCE_1443,train,best.pt,,,,,,,
0.4,0.728295818,19,0,0,1,1,1,TCE_1443,train,best.pt,,,,,,,
0.45,0.728295818,19,0,0,1,1,1,TCE_1443,train,best.pt,,,,,,,
0.5,0.728295818,19,0,0,1,1,1,TCE_1443,train,best.pt,,,,,,,
0.2,0.697182449,19,0,0,1,1,1,TCE_1445,train,best.pt,,,,,,,
0.25,0.697182449,19,0,0,1,1,1,TCE_1445,train,best.pt,,,,,,,
0.3,0.697182449,19,0,0,1,1,1,TCE_1445,train,best.pt,,,,,,,
0.35,0.697182449,19,0,0,1,1,1,TCE_1445,train,best.pt,,,,,,,
0.4,0.697182449,19,0,0,1,1,1,TCE_1445,train,best.pt,,,,,,,
0.45,0.697182449,19,0,0,1,1,1,TCE_1445,train,best.pt,,,,,,,
0.5,0.662323328,18,1,1,0.95,0.95,0.95,TCE_1445,train,best.pt,,,,,,,
0.2,0.719213954,19,0,0,1,1,1,TCE_1446,train,best.pt,,,,,,,
0.25,0.719213954,19,0,0,1,1,1,TCE_1446,train,best.pt,,,,,,,
0.3,0.719213954,19,0,0,1,1,1,TCE_1446,train,best.pt,,,,,,,
0.35,0.719213954,19,0,0,1,1,1,TCE_1446,train,best.pt,,,,,,,
0.4,0.719213954,19,0,0,1,1,1,TCE_1446,train,best.pt,,,,,,,
0.45,0.683253258,18,1,1,0.95,0.95,0.95,TCE_1446,train,best.pt,,,,,,,
0.5,0.65071739,17,2,2,0.89,0.89,0.89,TCE_1446,train,best.pt,,,,,,,
0.2,0.773810143,19,0,0,1,1,1,TCE_1447,train,best.pt,,,,,,,
0.25,0.773810143,19,0,0,1,1,1,TCE_1447,train,best.pt,,,,,,,
0.3,0.773810143,19,0,0,1,1,1,TCE_1447,train,best.pt,,,,,,,
0.35,0.773810143,19,0,0,1,1,1,TCE_1447,train,best.pt,,,,,,,
0.4,0.773810143,19,0,0,1,1,1,TCE_1447,train,best.pt,,,,,,,
0.45,0.773810143,19,0,0,1,1,1,TCE_1447,train,best.pt,,,,,,,
0.5,0.773810143,19,0,0,1,1,1,TCE_1447,train,best.pt,,,,,,,
0.2,0.726609138,19,0,0,1,1,1,TCE_1448,train,best.pt,,,,,,,
0.25,0.726609138,19,0,0,1,1,1,TCE_1448,train,best.pt,,,,,,,
0.3,0.726609138,19,0,0,1,1,1,TCE_1448,train,best.pt,,,,,,,
0.35,0.726609138,19,0,0,1,1,1,TCE_1448,train,best.pt,,,,,,,
0.4,0.726609138,19,0,0,1,1,1,TCE_1448,train,best.pt,,,,,,,
0.45,0.726609138,19,0,0,1,1,1,TCE_1448,train,best.pt,,,,,,,
0.5,0.690278683,18,1,1,0.95,0.95,0.95,TCE_1448,train,best.pt,,,,,,,
0.2,0.741697117,19,0,0,1,1,1,TCE_1449,train,best.pt,,,,,,,
0.25,0.741697117,19,0,0,1,1,1,TCE_1449,train,best.pt,,,,,,,
0.3,0.741697117,19,0,0,1,1,1,TCE_1449,train,best.pt,,,,,,,
0.35,0.741697117,19,0,0,1,1,1,TCE_1449,train,best.pt,,,,,,,
0.4,0.741697117,19,0,0,1,1,1,TCE_1449,train,best.pt,,,,,,,
0.45,0.704612263,18,1,1,0.95,0.95,0.95,TCE_1449,train,best.pt,,,,,,,
0.5,0.704612263,18,1,1,0.95,0.95,0.95,TCE_1449,train,best.pt,,,,,,,
0.2,0.769044568,19,0,0,1,1,1,TCE_1450,train,best.pt,,,,,,,
0.25,0.769044568,19,0,0,1,1,1,TCE_1450,train,best.pt,,,,,,,
0.3,0.769044568,19,0,0,1,1,1,TCE_1450,train,best.pt,,,,,,,
0.35,0.769044568,19,0,0,1,1,1,TCE_1450,train,best.pt,,,,,,,
0.4,0.769044568,19,0,0,1,1,1,TCE_1450,train,best.pt,,,,,,,
0.45,0.769044568,19,0,0,1,1,1,TCE_1450,train,best.pt,,,,,,,
0.5,0.769044568,19,0,0,1,1,1,TCE_1450,train,best.pt,,,,,,,
0.2,0.724865422,19,0,0,1,1,1,TCE_1451,train,best.pt,,,,,,,
0.25,0.724865422,19,0,0,1,1,1,TCE_1451,train,best.pt,,,,,,,
0.3,0.724865422,19,0,0,1,1,1,TCE_1451,train,best.pt,,,,,,,
0.35,0.724865422,19,0,0,1,1,1,TCE_1451,train,best.pt,,,,,,,
0.4,0.724865422,19,0,0,1,1,1,TCE_1451,train,best.pt,,,,,,,
0.45,0.724865422,19,0,0,1,1,1,TCE_1451,train,best.pt,,,,,,,
0.5,0.688622153,18,1,1,0.95,0.95,0.95,TCE_1451,train,best.pt,,,,,,,
0.2,0.712517289,19,0,0,1,1,1,TCE_1452,train,best.pt,,,,,,,
0.25,0.712517289,19,0,0,1,1,1,TCE_1452,train,best.pt,,,,,,,
0.3,0.712517289,19,0,0,1,1,1,TCE_1452,train,best.pt,,,,,,,
0.35,0.712517289,19,0,0,1,1,1,TCE_1452,train,best.pt,,,,,,,
0.4,0.676891426,18,1,1,0.95,0.95,0.95,TCE_1452,train,best.pt,,,,,,,
0.45,0.676891426,18,1,1,0.95,0.95,0.95,TCE_1452,train,best.pt,,,,,,,
0.5,0.676891426,18,1,1,0.95,0.95,0.95,TCE_1452,train,best.pt,,,,,,,
0.2,0.705352722,19,0,0,1,1,1,TCE_1453,train,best.pt,,,,,,,
0.25,0.705352722,19,0,0,1,1,1,TCE_1453,train,best.pt,,,,,,,
0.3,0.705352722,19,0,0,1,1,1,TCE_1453,train,best.pt,,,,,,,
0.35,0.705352722,19,0,0,1,1,1,TCE_1453,train,best.pt,,,,,,,
0.4,0.670085088,18,1,1,0.95,0.95,0.95,TCE_1453,train,best.pt,,,,,,,
0.45,0.638176276,17,2,2,0.89,0.89,0.89,TCE_1453,train,best.pt,,,,,,,
0.5,0.638176276,17,2,2,0.89,0.89,0.89,TCE_1453,train,best.pt,,,,,,,
0.2,0.67757322,18,0,1,1,0.95,0.97,TCE_1454,train,best.pt,,,,,,,
0.25,0.67757322,18,0,1,1,0.95,0.97,TCE_1454,train,best.pt,,,,,,,
0.3,0.67757322,18,0,1,1,0.95,0.97,TCE_1454,train,best.pt,,,,,,,
0.35,0.67757322,18,0,1,1,0.95,0.97,TCE_1454,train,best.pt,,,,,,,
0.4,0.67757322,18,0,1,1,0.95,0.97,TCE_1454,train,best.pt,,,,,,,
0.45,0.64369456,17,1,2,0.94,0.89,0.92,TCE_1454,train,best.pt,,,,,,,
0.5,0.64369456,17,1,2,0.94,0.89,0.92,TCE_1454,train,best.pt,,,,,,,
0.2,0.695241615,18,0,1,1,0.95,0.97,TCE_1455,train,best.pt,,,,,,,
0.25,0.695241615,18,0,1,1,0.95,0.97,TCE_1455,train,best.pt,,,,,,,
0.3,0.695241615,18,0,1,1,0.95,0.97,TCE_1455,train,best.pt,,,,,,,
0.35,0.695241615,18,0,1,1,0.95,0.97,TCE_1455,train,best.pt,,,,,,,
0.4,0.695241615,18,0,1,1,0.95,0.97,TCE_1455,train,best.pt,,,,,,,
0.45,0.695241615,18,0,1,1,0.95,0.97,TCE_1455,train,best.pt,,,,,,,
0.5,0.695241615,18,0,1,1,0.95,0.97,TCE_1455,train,best.pt,,,,,,,
0.2,0.650507157,18,0,1,1,0.95,0.97,TCE_1457,train,best.pt,,,,,,,
0.25,0.650507157,18,0,1,1,0.95,0.97,TCE_1457,train,best.pt,,,,,,,
0.3,0.650507157,18,0,1,1,0.95,0.97,TCE_1457,train,best.pt,,,,,,,
0.35,0.650507157,18,0,1,1,0.95,0.97,TCE_1457,train,best.pt,,,,,,,
0.4,0.650507157,18,0,1,1,0.95,0.97,TCE_1457,train,best.pt,,,,,,,
0.45,0.650507157,18,0,1,1,0.95,0.97,TCE_1457,train,best.pt,,,,,,,
0.5,0.588554097,16,2,3,0.89,0.84,0.86,TCE_1457,train,best.pt,,,,,,,
0.2,0.737216638,19,0,0,1,1,1,TCE_1459,train,best.pt,,,,,,,
0.25,0.737216638,19,0,0,1,1,1,TCE_1459,train,best.pt,,,,,,,
0.3,0.737216638,19,0,0,1,1,1,TCE_1459,train,best.pt,,,,,,,
0.35,0.737216638,19,0,0,1,1,1,TCE_1459,train,best.pt,,,,,,,
0.4,0.737216638,19,0,0,1,1,1,TCE_1459,train,best.pt,,,,,,,
0.45,0.737216638,19,0,0,1,1,1,TCE_1459,train,best.pt,,,,,,,
0.5,0.737216638,19,0,0,1,1,1,TCE_1459,train,best.pt,,,,,,,
0.2,0.744860718,19,0,0,1,1,1,TCE_1460,train,best.pt,,,,,,,
0.25,0.744860718,19,0,0,1,1,1,TCE_1460,train,best.pt,,,,,,,
0.3,0.707617684,18,1,1,0.95,0.95,0.95,TCE_1460,train,best.pt,,,,,,,
0.35,0.707617684,18,1,1,0.95,0.95,0.95,TCE_1460,train,best.pt,,,,,,,
0.4,0.707617684,18,1,1,0.95,0.95,0.95,TCE_1460,train,best.pt,,,,,,,
0.45,0.707617684,18,1,1,0.95,0.95,0.95,TCE_1460,train,best.pt,,,,,,,
0.5,0.673921605,17,2,2,0.89,0.89,0.89,TCE_1460,train,best.pt,,,,,,,
0.2,0.728156575,17,0,2,1,0.89,0.94,TCE_1462,train,best.pt,,,,,,,
0.25,0.728156575,17,0,2,1,0.89,0.94,TCE_1462,train,best.pt,,,,,,,
0.3,0.728156575,17,0,2,1,0.89,0.94,TCE_1462,train,best.pt,,,,,,,
0.35,0.728156575,17,0,2,1,0.89,0.94,TCE_1462,train,best.pt,,,,,,,
0.4,0.728156575,17,0,2,1,0.89,0.94,TCE_1462,train,best.pt,,,,,,,
0.45,0.728156575,17,0,2,1,0.89,0.94,TCE_1462,train,best.pt,,,,,,,
0.5,0.728156575,17,0,2,1,0.89,0.94,TCE_1462,train,best.pt,,,,,,,
0.2,0.724427193,19,0,0,1,1,1,TCE_1463,train,best.pt,,,,,,,
0.25,0.724427193,19,0,0,1,1,1,TCE_1463,train,best.pt,,,,,,,
0.3,0.724427193,19,0,0,1,1,1,TCE_1463,train,best.pt,,,,,,,
0.35,0.724427193,19,0,0,1,1,1,TCE_1463,train,best.pt,,,,,,,
0.4,0.724427193,19,0,0,1,1,1,TCE_1463,train,best.pt,,,,,,,
0.45,0.724427193,19,0,0,1,1,1,TCE_1463,train,best.pt,,,,,,,
0.5,0.724427193,19,0,0,1,1,1,TCE_1463,train,best.pt,,,,,,,
0.2,0.696581932,19,0,0,1,1,1,TCE_1466,train,best.pt,,,,,,,
0.25,0.696581932,19,0,0,1,1,1,TCE_1466,train,best.pt,,,,,,,
0.3,0.696581932,19,0,0,1,1,1,TCE_1466,train,best.pt,,,,,,,
0.35,0.661752837,18,1,1,0.95,0.95,0.95,TCE_1466,train,best.pt,,,,,,,
0.4,0.601593491,16,3,3,0.84,0.84,0.84,TCE_1466,train,best.pt,,,,,,,
0.45,0.601593491,16,3,3,0.84,0.84,0.84,TCE_1466,train,best.pt,,,,,,,
0.5,0.601593491,16,3,3,0.84,0.84,0.84,TCE_1466,train,best.pt,,,,,,,
0.2,0.677904204,19,0,0,1,1,1,TCE_1470,train,best.pt,,,,,,,
0.25,0.677904204,19,0,0,1,1,1,TCE_1470,train,best.pt,,,,,,,
0.3,0.677904204,19,0,0,1,1,1,TCE_1470,train,best.pt,,,,,,,
0.35,0.644008996,18,1,1,0.95,0.95,0.95,TCE_1470,train,best.pt,,,,,,,
0.4,0.613341902,17,2,2,0.89,0.89,0.89,TCE_1470,train,best.pt,,,,,,,
0.45,0.585462726,16,3,3,0.84,0.84,0.84,TCE_1470,train,best.pt,,,,,,,
0.5,0.536674167,14,5,5,0.74,0.74,0.74,TCE_1470,train,best.pt,,,,,,,
0.2,0.691090084,17,0,1,1,0.94,0.97,TCE_1471,train,best.pt,,,,,,,
0.25,0.691090084,17,0,1,1,0.94,0.97,TCE_1471,train,best.pt,,,,,,,
0.3,0.691090084,17,0,1,1,0.94,0.97,TCE_1471,train,best.pt,,,,,,,
0.35,0.691090084,17,0,1,1,0.94,0.97,TCE_1471,train,best.pt,,,,,,,
0.4,0.691090084,17,0,1,1,0.94,0.97,TCE_1471,train,best.pt,,,,,,,
0.45,0.691090084,17,0,1,1,0.94,0.97,TCE_1471,train,best.pt,,,,,,,
0.5,0.691090084,17,0,1,1,0.94,0.97,TCE_1471,train,best.pt,,,,,,,
0.2,0.701995815,19,0,0,1,1,1,TCE_1473,train,best.pt,,,,,,,
0.25,0.701995815,19,0,0,1,1,1,TCE_1473,train,best.pt,,,,,,,
0.3,0.666896026,18,1,1,0.95,0.95,0.95,TCE_1473,train,best.pt,,,,,,,
0.35,0.666896026,18,1,1,0.95,0.95,0.95,TCE_1473,train,best.pt,,,,,,,
0.4,0.666896026,18,1,1,0.95,0.95,0.95,TCE_1473,train,best.pt,,,,,,,
0.45,0.666896026,18,1,1,0.95,0.95,0.95,TCE_1473,train,best.pt,,,,,,,
0.5,0.635139074,17,2,2,0.89,0.89,0.89,TCE_1473,train,best.pt,,,,,,,
0.2,0.774797178,18,0,0,1,1,1,TCE_1474,train,best.pt,,,,,,,
0.25,0.774797178,18,0,0,1,1,1,TCE_1474,train,best.pt,,,,,,,
0.3,0.774797178,18,0,0,1,1,1,TCE_1474,train,best.pt,,,,,,,
0.35,0.774797178,18,0,0,1,1,1,TCE_1474,train,best.pt,,,,,,,
0.4,0.774797178,18,0,0,1,1,1,TCE_1474,train,best.pt,,,,,,,
0.45,0.774797178,18,0,0,1,1,1,TCE_1474,train,best.pt,,,,,,,
0.5,0.774797178,18,0,0,1,1,1,TCE_1474,train,best.pt,,,,,,,
0.2,0.755367419,18,0,0,1,1,1,TCE_1475,train,best.pt,,,,,,,
0.25,0.755367419,18,0,0,1,1,1,TCE_1475,train,best.pt,,,,,,,
0.3,0.755367419,18,0,0,1,1,1,TCE_1475,train,best.pt,,,,,,,
0.35,0.755367419,18,0,0,1,1,1,TCE_1475,train,best.pt,,,,,,,
0.4,0.755367419,18,0,0,1,1,1,TCE_1475,train,best.pt,,,,,,,
0.45,0.755367419,18,0,0,1,1,1,TCE_1475,train,best.pt,,,,,,,
0.5,0.679830681,16,2,2,0.89,0.89,0.89,TCE_1475,train,best.pt,,,,,,,
0.2,0.709110747,19,0,0,1,1,1,TCE_1476,train,best.pt,,,,,,,
0.25,0.709110747,19,0,0,1,1,1,TCE_1476,train,best.pt,,,,,,,
0.3,0.709110747,19,0,0,1,1,1,TCE_1476,train,best.pt,,,,,,,
0.35,0.709110747,19,0,0,1,1,1,TCE_1476,train,best.pt,,,,,,,
0.4,0.673655211,18,1,1,0.95,0.95,0.95,TCE_1476,train,best.pt,,,,,,,
0.45,0.673655211,18,1,1,0.95,0.95,0.95,TCE_1476,train,best.pt,,,,,,,
0.5,0.673655211,18,1,1,0.95,0.95,0.95,TCE_1476,train,best.pt,,,,,,,
0.2,0.717391421,19,0,0,1,1,1,TCE_1479,train,best.pt,,,,,,,
0.25,0.717391421,19,0,0,1,1,1,TCE_1479,train,best.pt,,,,,,,
0.3,0.717391421,19,0,0,1,1,1,TCE_1479,train,best.pt,,,,,,,
0.35,0.717391421,19,0,0,1,1,1,TCE_1479,train,best.pt,,,,,,,
0.4,0.717391421,19,0,0,1,1,1,TCE_1479,train,best.pt,,,,,,,
0.45,0.717391421,19,0,0,1,1,1,TCE_1479,train,best.pt,,,,,,,
0.5,0.681521852,18,1,1,0.95,0.95,0.95,TCE_1479,train,best.pt,,,,,,,
0.2,0.670369101,18,0,1,1,0.95,0.97,TCE_1480,train,best.pt,,,,,,,
0.25,0.670369101,18,0,1,1,0.95,0.97,TCE_1480,train,best.pt,,,,,,,
0.3,0.670369101,18,0,1,1,0.95,0.97,TCE_1480,train,best.pt,,,,,,,
0.35,0.670369101,18,0,1,1,0.95,0.97,TCE_1480,train,best.pt,,,,,,,
0.4,0.670369101,18,0,1,1,0.95,0.97,TCE_1480,train,best.pt,,,,,,,
0.45,0.670369101,18,0,1,1,0.95,0.97,TCE_1480,train,best.pt,,,,,,,
0.5,0.636850648,17,1,2,0.94,0.89,0.92,TCE_1480,train,best.pt,,,,,,,
0.2,0.7088002,18,0,1,1,0.95,0.97,TCE_1481,train,best.pt,,,,,,,
0.25,0.7088002,18,0,1,1,0.95,0.97,TCE_1481,train,best.pt,,,,,,,
0.3,0.7088002,18,0,1,1,0.95,0.97,TCE_1481,train,best.pt,,,,,,,
0.35,0.7088002,18,0,1,1,0.95,0.97,TCE_1481,train,best.pt,,,,,,,
0.4,0.7088002,18,0,1,1,0.95,0.97,TCE_1481,train,best.pt,,,,,,,
0.45,0.7088002,18,0,1,1,0.95,0.97,TCE_1481,train,best.pt,,,,,,,
0.5,0.7088002,18,0,1,1,0.95,0.97,TCE_1481,train,best.pt,,,,,,,
0.2,0.71960969,19,0,0,1,1,1,TCE_1483,train,best.pt,,,,,,,
0.25,0.71960969,19,0,0,1,1,1,TCE_1483,train,best.pt,,,,,,,
0.3,0.71960969,19,0,0,1,1,1,TCE_1483,train,best.pt,,,,,,,
0.35,0.71960969,19,0,0,1,1,1,TCE_1483,train,best.pt,,,,,,,
0.4,0.71960969,19,0,0,1,1,1,TCE_1483,train,best.pt,,,,,,,
0.45,0.683629208,18,1,1,0.95,0.95,0.95,TCE_1483,train,best.pt,,,,,,,
0.5,0.683629208,18,1,1,0.95,0.95,0.95,TCE_1483,train,best.pt,,,,,,,
0.2,0.746135539,19,0,0,1,1,1,TCE_1484,train,best.pt,,,,,,,
0.25,0.746135539,19,0,0,1,1,1,TCE_1484,train,best.pt,,,,,,,
0.3,0.746135539,19,0,0,1,1,1,TCE_1484,train,best.pt,,,,,,,
0.35,0.746135539,19,0,0,1,1,1,TCE_1484,train,best.pt,,,,,,,
0.4,0.746135539,19,0,0,1,1,1,TCE_1484,train,best.pt,,,,,,,
0.45,0.746135539,19,0,0,1,1,1,TCE_1484,train,best.pt,,,,,,,
0.5,0.746135539,19,0,0,1,1,1,TCE_1484,train,best.pt,,,,,,,
0.2,0.724740788,19,0,0,1,1,1,TCE_1486,train,best.pt,,,,,,,
0.25,0.724740788,19,0,0,1,1,1,TCE_1486,train,best.pt,,,,,,,
0.3,0.724740788,19,0,0,1,1,1,TCE_1486,train,best.pt,,,,,,,
0.35,0.724740788,19,0,0,1,1,1,TCE_1486,train,best.pt,,,,,,,
0.4,0.724740788,19,0,0,1,1,1,TCE_1486,train,best.pt,,,,,,,
0.45,0.724740788,19,0,0,1,1,1,TCE_1486,train,best.pt,,,,,,,
0.5,0.688503751,18,1,1,0.95,0.95,0.95,TCE_1486,train,best.pt,,,,,,,
0.2,0.704939661,19,0,0,1,1,1,TCE_1487,train,best.pt,,,,,,,
0.25,0.704939661,19,0,0,1,1,1,TCE_1487,train,best.pt,,,,,,,
0.3,0.704939661,19,0,0,1,1,1,TCE_1487,train,best.pt,,,,,,,
0.35,0.704939661,19,0,0,1,1,1,TCE_1487,train,best.pt,,,,,,,
0.4,0.669692679,18,1,1,0.95,0.95,0.95,TCE_1487,train,best.pt,,,,,,,
0.45,0.669692679,18,1,1,0.95,0.95,0.95,TCE_1487,train,best.pt,,,,,,,
0.5,0.608811529,16,3,3,0.84,0.84,0.84,TCE_1487,train,best.pt,,,,,,,
0.2,0.634992178,17,0,2,1,0.89,0.94,TCE_1488,train,best.pt,,,,,,,
0.25,0.634992178,17,0,2,1,0.89,0.94,TCE_1488,train,best.pt,,,,,,,
0.3,0.634992178,17,0,2,1,0.89,0.94,TCE_1488,train,best.pt,,,,,,,
0.35,0.634992178,17,0,2,1,0.89,0.94,TCE_1488,train,best.pt,,,,,,,
0.4,0.634992178,17,0,2,1,0.89,0.94,TCE_1488,train,best.pt,,,,,,,
0.45,0.603242571,16,1,3,0.94,0.84,0.89,TCE_1488,train,best.pt,,,,,,,
0.5,0.603242571,16,1,3,0.94,0.84,0.89,TCE_1488,train,best.pt,,,,,,,
0.2,0.771156476,19,0,0,1,1,1,TCE_1491,train,best.pt,,,,,,,
0.25,0.771156476,19,0,0,1,1,1,TCE_1491,train,best.pt,,,,,,,
0.3,0.771156476,19,0,0,1,1,1,TCE_1491,train,best.pt,,,,,,,
0.35,0.771156476,19,0,0,1,1,1,TCE_1491,train,best.pt,,,,,,,
0.4,0.771156476,19,0,0,1,1,1,TCE_1491,train,best.pt,,,,,,,
0.45,0.771156476,19,0,0,1,1,1,TCE_1491,train,best.pt,,,,,,,
0.5,0.771156476,19,0,0,1,1,1,TCE_1491,train,best.pt,,,,,,,
0.2,0.684754567,19,0,0,1,1,1,TCE_1492,train,best.pt,,,,,,,
0.25,0.684754567,19,0,0,1,1,1,TCE_1492,train,best.pt,,,,,,,
0.3,0.684754567,19,0,0,1,1,1,TCE_1492,train,best.pt,,,,,,,
0.35,0.684754567,19,0,0,1,1,1,TCE_1492,train,best.pt,,,,,,,
0.4,0.684754567,19,0,0,1,1,1,TCE_1492,train,best.pt,,,,,,,
0.45,0.65051684,18,1,1,0.95,0.95,0.95,TCE_1492,train,best.pt,,,,,,,
0.5,0.65051684,18,1,1,0.95,0.95,0.95,TCE_1492,train,best.pt,,,,,,,
0.2,0.681959887,19,0,0,1,1,1,TCE_1493,train,best.pt,,,,,,,
0.25,0.681959887,19,0,0,1,1,1,TCE_1493,train,best.pt,,,,,,,
0.3,0.681959887,19,0,0,1,1,1,TCE_1493,train,best.pt,,,,,,,
0.35,0.681959887,19,0,0,1,1,1,TCE_1493,train,best.pt,,,,,,,
0.4,0.617011329,17,2,2,0.89,0.89,0.89,TCE_1493,train,best.pt,,,,,,,
0.45,0.588965361,16,3,3,0.84,0.84,0.84,TCE_1493,train,best.pt,,,,,,,
0.5,0.588965361,16,3,3,0.84,0.84,0.84,TCE_1493,train,best.pt,,,,,,,
0.2,0.675634145,19,0,0,1,1,1,TCE_1494,train,best.pt,,,,,,,
0.25,0.675634145,19,0,0,1,1,1,TCE_1494,train,best.pt,,,,,,,
0.3,0.675634145,19,0,0,1,1,1,TCE_1494,train,best.pt,,,,,,,
0.35,0.641852439,18,1,1,0.95,0.95,0.95,TCE_1494,train,best.pt,,,,,,,
0.4,0.611288039,17,2,2,0.89,0.89,0.89,TCE_1494,train,best.pt,,,,,,,
0.45,0.611288039,17,2,2,0.89,0.89,0.89,TCE_1494,train,best.pt,,,,,,,
0.5,0.611288039,17,2,2,0.89,0.89,0.89,TCE_1494,train,best.pt,,,,,,,
0.2,0.72393354,19,0,1,1,0.95,0.97,TCE_1495,train,best.pt,,,,,,,
0.25,0.72393354,19,0,1,1,0.95,0.97,TCE_1495,train,best.pt,,,,,,,
0.3,0.72393354,19,0,1,1,0.95,0.97,TCE_1495,train,best.pt,,,,,,,
0.35,0.72393354,19,0,1,1,0.95,0.97,TCE_1495,train,best.pt,,,,,,,
0.4,0.72393354,19,0,1,1,0.95,0.97,TCE_1495,train,best.pt,,,,,,,
0.45,0.72393354,19,0,1,1,0.95,0.97,TCE_1495,train,best.pt,,,,,,,
0.5,0.72393354,19,0,1,1,0.95,0.97,TCE_1495,train,best.pt,,,,,,,
0.2,0.716426192,19,0,0,1,1,1,TCE_1496,train,best.pt,,,,,,,
0.25,0.716426192,19,0,0,1,1,1,TCE_1496,train,best.pt,,,,,,,
0.3,0.716426192,19,0,0,1,1,1,TCE_1496,train,best.pt,,,,,,,
0.35,0.716426192,19,0,0,1,1,1,TCE_1496,train,best.pt,,,,,,,
0.4,0.716426192,19,0,0,1,1,1,TCE_1496,train,best.pt,,,,,,,
0.45,0.716426192,19,0,0,1,1,1,TCE_1496,train,best.pt,,,,,,,
0.5,0.716426192,19,0,0,1,1,1,TCE_1496,train,best.pt,,,,,,,
0.2,0.74236109,19,0,0,1,1,1,TCE_1499,train,best.pt,,,,,,,
0.25,0.74236109,19,0,0,1,1,1,TCE_1499,train,best.pt,,,,,,,
0.3,0.74236109,19,0,0,1,1,1,TCE_1499,train,best.pt,,,,,,,
0.35,0.74236109,19,0,0,1,1,1,TCE_1499,train,best.pt,,,,,,,
0.4,0.74236109,19,0,0,1,1,1,TCE_1499,train,best.pt,,,,,,,
0.45,0.74236109,19,0,0,1,1,1,TCE_1499,train,best.pt,,,,,,,
0.5,0.74236109,19,0,0,1,1,1,TCE_1499,train,best.pt,,,,,,,
0.2,0.786756639,18,0,1,1,0.95,0.97,TCE_1500,train,best.pt,,,,,,,
0.25,0.786756639,18,0,1,1,0.95,0.97,TCE_1500,train,best.pt,,,,,,,
0.3,0.786756639,18,0,1,1,0.95,0.97,TCE_1500,train,best.pt,,,,,,,
0.35,0.786756639,18,0,1,1,0.95,0.97,TCE_1500,train,best.pt,,,,,,,
0.4,0.786756639,18,0,1,1,0.95,0.97,TCE_1500,train,best.pt,,,,,,,
0.45,0.786756639,18,0,1,1,0.95,0.97,TCE_1500,train,best.pt,,,,,,,
0.5,0.786756639,18,0,1,1,0.95,0.97,TCE_1500,train,best.pt,,,,,,,
0.2,0.890986551,20,0,0,1,1,1,VIT_701,train,best.pt,,,,,,,
0.25,0.890986551,20,0,0,1,1,1,VIT_701,train,best.pt,,,,,,,
0.3,0.890986551,20,0,0,1,1,1,VIT_701,train,best.pt,,,,,,,
0.35,0.890986551,20,0,0,1,1,1,VIT_701,train,best.pt,,,,,,,
0.4,0.890986551,20,0,0,1,1,1,VIT_701,train,best.pt,,,,,,,
0.45,0.890986551,20,0,0,1,1,1,VIT_701,train,best.pt,,,,,,,
0.5,0.890986551,20,0,0,1,1,1,VIT_701,train,best.pt,,,,,,,
0.2,0.865006761,20,0,0,1,1,1,VIT_702,train,best.pt,,,,,,,
0.25,0.865006761,20,0,0,1,1,1,VIT_702,train,best.pt,,,,,,,
0.3,0.865006761,20,0,0,1,1,1,VIT_702,train,best.pt,,,,,,,
0.35,0.865006761,20,0,0,1,1,1,VIT_702,train,best.pt,,,,,,,
0.4,0.865006761,20,0,0,1,1,1,VIT_702,train,best.pt,,,,,,,
0.45,0.865006761,20,0,0,1,1,1,VIT_702,train,best.pt,,,,,,,
0.5,0.865006761,20,0,0,1,1,1,VIT_702,train,best.pt,,,,,,,
0.2,0.831234021,20,0,0,1,1,1,VIT_703,train,best.pt,,,,,,,
0.25,0.831234021,20,0,0,1,1,1,VIT_703,train,best.pt,,,,,,,
0.3,0.831234021,20,0,0,1,1,1,VIT_703,train,best.pt,,,,,,,
0.35,0.831234021,20,0,0,1,1,1,VIT_703,train,best.pt,,,,,,,
0.4,0.831234021,20,0,0,1,1,1,VIT_703,train,best.pt,,,,,,,
0.45,0.831234021,20,0,0,1,1,1,VIT_703,train,best.pt,,,,,,,
0.5,0.831234021,20,0,0,1,1,1,VIT_703,train,best.pt,,,,,,,
0.2,0.847461587,20,0,0,1,1,1,VIT_704,train,best.pt,,,,,,,
0.25,0.847461587,20,0,0,1,1,1,VIT_704,train,best.pt,,,,,,,
0.3,0.847461587,20,0,0,1,1,1,VIT_704,train,best.pt,,,,,,,
0.35,0.847461587,20,0,0,1,1,1,VIT_704,train,best.pt,,,,,,,
0.4,0.847461587,20,0,0,1,1,1,VIT_704,train,best.pt,,,,,,,
0.45,0.847461587,20,0,0,1,1,1,VIT_704,train,best.pt,,,,,,,
0.5,0.847461587,20,0,0,1,1,1,VIT_704,train,best.pt,,,,,,,
0.2,0.856679835,20,0,0,1,1,1,VIT_705,train,best.pt,,,,,,,
0.25,0.856679835,20,0,0,1,1,1,VIT_705,train,best.pt,,,,,,,
0.3,0.856679835,20,0,0,1,1,1,VIT_705,train,best.pt,,,,,,,
0.35,0.856679835,20,0,0,1,1,1,VIT_705,train,best.pt,,,,,,,
0.4,0.856679835,20,0,0,1,1,1,VIT_705,train,best.pt,,,,,,,
0.45,0.856679835,20,0,0,1,1,1,VIT_705,train,best.pt,,,,,,,
0.5,0.856679835,20,0,0,1,1,1,VIT_705,train,best.pt,,,,,,,
0.2,0.840505702,20,0,0,1,1,1,VIT_709,train,best.pt,,,,,,,
0.25,0.840505702,20,0,0,1,1,1,VIT_709,train,best.pt,,,,,,,
0.3,0.840505702,20,0,0,1,1,1,VIT_709,train,best.pt,,,,,,,
0.35,0.840505702,20,0,0,1,1,1,VIT_709,train,best.pt,,,,,,,
0.4,0.840505702,20,0,0,1,1,1,VIT_709,train,best.pt,,,,,,,
0.45,0.840505702,20,0,0,1,1,1,VIT_709,train,best.pt,,,,,,,
0.5,0.840505702,20,0,0,1,1,1,VIT_709,train,best.pt,,,,,,,
0.2,0.86361128,20,0,0,1,1,1,VIT_710,train,best.pt,,,,,,,
0.25,0.86361128,20,0,0,1,1,1,VIT_710,train,best.pt,,,,,,,
0.3,0.86361128,20,0,0,1,1,1,VIT_710,train,best.pt,,,,,,,
0.35,0.86361128,20,0,0,1,1,1,VIT_710,train,best.pt,,,,,,,
0.4,0.86361128,20,0,0,1,1,1,VIT_710,train,best.pt,,,,,,,
0.45,0.86361128,20,0,0,1,1,1,VIT_710,train,best.pt,,,,,,,
0.5,0.86361128,20,0,0,1,1,1,VIT_710,train,best.pt,,,,,,,
0.2,0.836838006,20,0,0,1,1,1,VIT_711,train,best.pt,,,,,,,
0.25,0.836838006,20,0,0,1,1,1,VIT_711,train,best.pt,,,,,,,
0.3,0.836838006,20,0,0,1,1,1,VIT_711,train,best.pt,,,,,,,
0.35,0.836838006,20,0,0,1,1,1,VIT_711,train,best.pt,,,,,,,
0.4,0.836838006,20,0,0,1,1,1,VIT_711,train,best.pt,,,,,,,
0.45,0.836838006,20,0,0,1,1,1,VIT_711,train,best.pt,,,,,,,
0.5,0.836838006,20,0,0,1,1,1,VIT_711,train,best.pt,,,,,,,
0.2,0.873072419,20,0,0,1,1,1,VIT_712,train,best.pt,,,,,,,
0.25,0.873072419,20,0,0,1,1,1,VIT_712,train,best.pt,,,,,,,
0.3,0.873072419,20,0,0,1,1,1,VIT_712,train,best.pt,,,,,,,
0.35,0.873072419,20,0,0,1,1,1,VIT_712,train,best.pt,,,,,,,
0.4,0.873072419,20,0,0,1,1,1,VIT_712,train,best.pt,,,,,,,
0.45,0.873072419,20,0,0,1,1,1,VIT_712,train,best.pt,,,,,,,
0.5,0.873072419,20,0,0,1,1,1,VIT_712,train,best.pt,,,,,,,
0.2,0.8032555,20,0,0,1,1,1,VIT_713,train,best.pt,,,,,,,
0.25,0.8032555,20,0,0,1,1,1,VIT_713,train,best.pt,,,,,,,
0.3,0.8032555,20,0,0,1,1,1,VIT_713,train,best.pt,,,,,,,
0.35,0.8032555,20,0,0,1,1,1,VIT_713,train,best.pt,,,,,,,
0.4,0.8032555,20,0,0,1,1,1,VIT_713,train,best.pt,,,,,,,
0.45,0.8032555,20,0,0,1,1,1,VIT_713,train,best.pt,,,,,,,
0.5,0.8032555,20,0,0,1,1,1,VIT_713,train,best.pt,,,,,,,
0.2,0.843638463,20,0,0,1,1,1,VIT_714,train,best.pt,,,,,,,
0.25,0.843638463,20,0,0,1,1,1,VIT_714,train,best.pt,,,,,,,
0.3,0.843638463,20,0,0,1,1,1,VIT_714,train,best.pt,,,,,,,
0.35,0.843638463,20,0,0,1,1,1,VIT_714,train,best.pt,,,,,,,
0.4,0.843638463,20,0,0,1,1,1,VIT_714,train,best.pt,,,,,,,
0.45,0.843638463,20,0,0,1,1,1,VIT_714,train,best.pt,,,,,,,
0.5,0.843638463,20,0,0,1,1,1,VIT_714,train,best.pt,,,,,,,
0.2,0.815670717,20,0,0,1,1,1,VIT_715,train,best.pt,,,,,,,
0.25,0.815670717,20,0,0,1,1,1,VIT_715,train,best.pt,,,,,,,
0.3,0.815670717,20,0,0,1,1,1,VIT_715,train,best.pt,,,,,,,
0.35,0.815670717,20,0,0,1,1,1,VIT_715,train,best.pt,,,,,,,
0.4,0.815670717,20,0,0,1,1,1,VIT_715,train,best.pt,,,,,,,
0.45,0.815670717,20,0,0,1,1,1,VIT_715,train,best.pt,,,,,,,
0.5,0.815670717,20,0,0,1,1,1,VIT_715,train,best.pt,,,,,,,
0.2,0.876264028,20,0,0,1,1,1,VIT_717,train,best.pt,,,,,,,
0.25,0.876264028,20,0,0,1,1,1,VIT_717,train,best.pt,,,,,,,
0.3,0.876264028,20,0,0,1,1,1,VIT_717,train,best.pt,,,,,,,
0.35,0.876264028,20,0,0,1,1,1,VIT_717,train,best.pt,,,,,,,
0.4,0.876264028,20,0,0,1,1,1,VIT_717,train,best.pt,,,,,,,
0.45,0.876264028,20,0,0,1,1,1,VIT_717,train,best.pt,,,,,,,
0.5,0.876264028,20,0,0,1,1,1,VIT_717,train,best.pt,,,,,,,
0.2,0.852676603,20,0,0,1,1,1,VIT_718,train,best.pt,,,,,,,
0.25,0.852676603,20,0,0,1,1,1,VIT_718,train,best.pt,,,,,,,
0.3,0.852676603,20,0,0,1,1,1,VIT_718,train,best.pt,,,,,,,
0.35,0.852676603,20,0,0,1,1,1,VIT_718,train,best.pt,,,,,,,
0.4,0.852676603,20,0,0,1,1,1,VIT_718,train,best.pt,,,,,,,
0.45,0.852676603,20,0,0,1,1,1,VIT_718,train,best.pt,,,,,,,
0.5,0.852676603,20,0,0,1,1,1,VIT_718,train,best.pt,,,,,,,
0.2,0.845937961,19,0,0,1,1,1,VIT_719,train,best.pt,,,,,,,
0.25,0.845937961,19,0,0,1,1,1,VIT_719,train,best.pt,,,,,,,
0.3,0.845937961,19,0,0,1,1,1,VIT_719,train,best.pt,,,,,,,
0.35,0.845937961,19,0,0,1,1,1,VIT_719,train,best.pt,,,,,,,
0.4,0.845937961,19,0,0,1,1,1,VIT_719,train,best.pt,,,,,,,
0.45,0.845937961,19,0,0,1,1,1,VIT_719,train,best.pt,,,,,,,
0.5,0.845937961,19,0,0,1,1,1,VIT_719,train,best.pt,,,,,,,
0.2,0.840225737,20,0,0,1,1,1,VIT_720,train,best.pt,,,,,,,
0.25,0.840225737,20,0,0,1,1,1,VIT_720,train,best.pt,,,,,,,
0.3,0.840225737,20,0,0,1,1,1,VIT_720,train,best.pt,,,,,,,
0.35,0.840225737,20,0,0,1,1,1,VIT_720,train,best.pt,,,,,,,
0.4,0.840225737,20,0,0,1,1,1,VIT_720,train,best.pt,,,,,,,
0.45,0.840225737,20,0,0,1,1,1,VIT_720,train,best.pt,,,,,,,
0.5,0.840225737,20,0,0,1,1,1,VIT_720,train,best.pt,,,,,,,
0.2,0.736844915,20,0,0,1,1,1,VIT_723,train,best.pt,,,,,,,
0.25,0.736844915,20,0,0,1,1,1,VIT_723,train,best.pt,,,,,,,
0.3,0.736844915,20,0,0,1,1,1,VIT_723,train,best.pt,,,,,,,
0.35,0.736844915,20,0,0,1,1,1,VIT_723,train,best.pt,,,,,,,
0.4,0.736844915,20,0,0,1,1,1,VIT_723,train,best.pt,,,,,,,
0.45,0.701757063,19,1,1,0.95,0.95,0.95,VIT_723,train,best.pt,,,,,,,
0.5,0.701757063,19,1,1,0.95,0.95,0.95,VIT_723,train,best.pt,,,,,,,
0.2,0.804925656,21,0,0,1,1,1,VIT_724,train,best.pt,,,,,,,
0.25,0.804925656,21,0,0,1,1,1,VIT_724,train,best.pt,,,,,,,
0.3,0.804925656,21,0,0,1,1,1,VIT_724,train,best.pt,,,,,,,
0.35,0.804925656,21,0,0,1,1,1,VIT_724,train,best.pt,,,,,,,
0.4,0.804925656,21,0,0,1,1,1,VIT_724,train,best.pt,,,,,,,
0.45,0.804925656,21,0,0,1,1,1,VIT_724,train,best.pt,,,,,,,
0.5,0.804925656,21,0,0,1,1,1,VIT_724,train,best.pt,,,,,,,
0.2,0.827945033,20,0,0,1,1,1,VIT_725,train,best.pt,,,,,,,
0.25,0.827945033,20,0,0,1,1,1,VIT_725,train,best.pt,,,,,,,
0.3,0.827945033,20,0,0,1,1,1,VIT_725,train,best.pt,,,,,,,
0.35,0.827945033,20,0,0,1,1,1,VIT_725,train,best.pt,,,,,,,
0.4,0.827945033,20,0,0,1,1,1,VIT_725,train,best.pt,,,,,,,
0.45,0.827945033,20,0,0,1,1,1,VIT_725,train,best.pt,,,,,,,
0.5,0.827945033,20,0,0,1,1,1,VIT_725,train,best.pt,,,,,,,
0.2,0.856263181,20,0,0,1,1,1,VIT_728,train,best.pt,,,,,,,
0.25,0.856263181,20,0,0,1,1,1,VIT_728,train,best.pt,,,,,,,
0.3,0.856263181,20,0,0,1,1,1,VIT_728,train,best.pt,,,,,,,
0.35,0.856263181,20,0,0,1,1,1,VIT_728,train,best.pt,,,,,,,
0.4,0.856263181,20,0,0,1,1,1,VIT_728,train,best.pt,,,,,,,
0.45,0.856263181,20,0,0,1,1,1,VIT_728,train,best.pt,,,,,,,
0.5,0.856263181,20,0,0,1,1,1,VIT_728,train,best.pt,,,,,,,
0.2,0.852047164,21,0,0,1,1,1,VIT_729,train,best.pt,,,,,,,
0.25,0.852047164,21,0,0,1,1,1,VIT_729,train,best.pt,,,,,,,
0.3,0.852047164,21,0,0,1,1,1,VIT_729,train,best.pt,,,,,,,
0.35,0.852047164,21,0,0,1,1,1,VIT_729,train,best.pt,,,,,,,
0.4,0.852047164,21,0,0,1,1,1,VIT_729,train,best.pt,,,,,,,
0.45,0.852047164,21,0,0,1,1,1,VIT_729,train,best.pt,,,,,,,
0.5,0.852047164,21,0,0,1,1,1,VIT_729,train,best.pt,,,,,,,
0.2,0.85727481,20,0,0,1,1,1,VIT_731,train,best.pt,,,,,,,
0.25,0.85727481,20,0,0,1,1,1,VIT_731,train,best.pt,,,,,,,
0.3,0.85727481,20,0,0,1,1,1,VIT_731,train,best.pt,,,,,,,
0.35,0.85727481,20,0,0,1,1,1,VIT_731,train,best.pt,,,,,,,
0.4,0.85727481,20,0,0,1,1,1,VIT_731,train,best.pt,,,,,,,
0.45,0.85727481,20,0,0,1,1,1,VIT_731,train,best.pt,,,,,,,
0.5,0.85727481,20,0,0,1,1,1,VIT_731,train,best.pt,,,,,,,
0.2,0.865069313,20,0,0,1,1,1,VIT_733,train,best.pt,,,,,,,
0.25,0.865069313,20,0,0,1,1,1,VIT_733,train,best.pt,,,,,,,
0.3,0.865069313,20,0,0,1,1,1,VIT_733,train,best.pt,,,,,,,
0.35,0.865069313,20,0,0,1,1,1,VIT_733,train,best.pt,,,,,,,
0.4,0.865069313,20,0,0,1,1,1,VIT_733,train,best.pt,,,,,,,
0.45,0.865069313,20,0,0,1,1,1,VIT_733,train,best.pt,,,,,,,
0.5,0.865069313,20,0,0,1,1,1,VIT_733,train,best.pt,,,,,,,
0.2,0.84506295,20,0,0,1,1,1,VIT_735,train,best.pt,,,,,,,
0.25,0.84506295,20,0,0,1,1,1,VIT_735,train,best.pt,,,,,,,
0.3,0.84506295,20,0,0,1,1,1,VIT_735,train,best.pt,,,,,,,
0.35,0.84506295,20,0,0,1,1,1,VIT_735,train,best.pt,,,,,,,
0.4,0.84506295,20,0,0,1,1,1,VIT_735,train,best.pt,,,,,,,
0.45,0.84506295,20,0,0,1,1,1,VIT_735,train,best.pt,,,,,,,
0.5,0.84506295,20,0,0,1,1,1,VIT_735,train,best.pt,,,,,,,
0.2,0.770488852,20,1,0,0.95,1,0.98,VIT_736,train,best.pt,,,,,,,
0.25,0.770488852,20,1,0,0.95,1,0.98,VIT_736,train,best.pt,,,,,,,
0.3,0.770488852,20,1,0,0.95,1,0.98,VIT_736,train,best.pt,,,,,,,
0.35,0.770488852,20,1,0,0.95,1,0.98,VIT_736,train,best.pt,,,,,,,
0.4,0.770488852,20,1,0,0.95,1,0.98,VIT_736,train,best.pt,,,,,,,
0.45,0.770488852,20,1,0,0.95,1,0.98,VIT_736,train,best.pt,,,,,,,
0.5,0.770488852,20,1,0,0.95,1,0.98,VIT_736,train,best.pt,,,,,,,
0.2,0.80010083,20,0,0,1,1,1,VIT_738,train,best.pt,,,,,,,
0.25,0.80010083,20,0,0,1,1,1,VIT_738,train,best.pt,,,,,,,
0.3,0.80010083,20,0,0,1,1,1,VIT_738,train,best.pt,,,,,,,
0.35,0.80010083,20,0,0,1,1,1,VIT_738,train,best.pt,,,,,,,
0.4,0.80010083,20,0,0,1,1,1,VIT_738,train,best.pt,,,,,,,
0.45,0.80010083,20,0,0,1,1,1,VIT_738,train,best.pt,,,,,,,
0.5,0.80010083,20,0,0,1,1,1,VIT_738,train,best.pt,,,,,,,
0.2,0.798488203,20,0,0,1,1,1,VIT_740,train,best.pt,,,,,,,
0.25,0.798488203,20,0,0,1,1,1,VIT_740,train,best.pt,,,,,,,
0.3,0.798488203,20,0,0,1,1,1,VIT_740,train,best.pt,,,,,,,
0.35,0.798488203,20,0,0,1,1,1,VIT_740,train,best.pt,,,,,,,
0.4,0.798488203,20,0,0,1,1,1,VIT_740,train,best.pt,,,,,,,
0.45,0.798488203,20,0,0,1,1,1,VIT_740,train,best.pt,,,,,,,
0.5,0.798488203,20,0,0,1,1,1,VIT_740,train,best.pt,,,,,,,
0.2,0.871873086,20,0,0,1,1,1,VIT_742,train,best.pt,,,,,,,
0.25,0.871873086,20,0,0,1,1,1,VIT_742,train,best.pt,,,,,,,
0.3,0.871873086,20,0,0,1,1,1,VIT_742,train,best.pt,,,,,,,
0.35,0.871873086,20,0,0,1,1,1,VIT_742,train,best.pt,,,,,,,
0.4,0.871873086,20,0,0,1,1,1,VIT_742,train,best.pt,,,,,,,
0.45,0.871873086,20,0,0,1,1,1,VIT_742,train,best.pt,,,,,,,
0.5,0.871873086,20,0,0,1,1,1,VIT_742,train,best.pt,,,,,,,
0.2,0.785696725,20,0,0,1,1,1,VIT_743,train,best.pt,,,,,,,
0.25,0.785696725,20,0,0,1,1,1,VIT_743,train,best.pt,,,,,,,
0.3,0.785696725,20,0,0,1,1,1,VIT_743,train,best.pt,,,,,,,
0.35,0.785696725,20,0,0,1,1,1,VIT_743,train,best.pt,,,,,,,
0.4,0.785696725,20,0,0,1,1,1,VIT_743,train,best.pt,,,,,,,
0.45,0.785696725,20,0,0,1,1,1,VIT_743,train,best.pt,,,,,,,
0.5,0.785696725,20,0,0,1,1,1,VIT_743,train,best.pt,,,,,,,
0.2,0.815609654,20,0,0,1,1,1,VIT_745,train,best.pt,,,,,,,
0.25,0.815609654,20,0,0,1,1,1,VIT_745,train,best.pt,,,,,,,
0.3,0.815609654,20,0,0,1,1,1,VIT_745,train,best.pt,,,,,,,
0.35,0.815609654,20,0,0,1,1,1,VIT_745,train,best.pt,,,,,,,
0.4,0.815609654,20,0,0,1,1,1,VIT_745,train,best.pt,,,,,,,
0.45,0.815609654,20,0,0,1,1,1,VIT_745,train,best.pt,,,,,,,
0.5,0.815609654,20,0,0,1,1,1,VIT_745,train,best.pt,,,,,,,
0.2,0.756200975,20,0,0,1,1,1,VIT_746,train,best.pt,,,,,,,
0.25,0.756200975,20,0,0,1,1,1,VIT_746,train,best.pt,,,,,,,
0.3,0.756200975,20,0,0,1,1,1,VIT_746,train,best.pt,,,,,,,
0.35,0.756200975,20,0,0,1,1,1,VIT_746,train,best.pt,,,,,,,
0.4,0.756200975,20,0,0,1,1,1,VIT_746,train,best.pt,,,,,,,
0.45,0.756200975,20,0,0,1,1,1,VIT_746,train,best.pt,,,,,,,
0.5,0.756200975,20,0,0,1,1,1,VIT_746,train,best.pt,,,,,,,
0.2,0.802443067,20,0,0,1,1,1,VIT_747,train,best.pt,,,,,,,
0.25,0.802443067,20,0,0,1,1,1,VIT_747,train,best.pt,,,,,,,
0.3,0.802443067,20,0,0,1,1,1,VIT_747,train,best.pt,,,,,,,
0.35,0.802443067,20,0,0,1,1,1,VIT_747,train,best.pt,,,,,,,
0.4,0.802443067,20,0,0,1,1,1,VIT_747,train,best.pt,,,,,,,
0.45,0.802443067,20,0,0,1,1,1,VIT_747,train,best.pt,,,,,,,
0.5,0.802443067,20,0,0,1,1,1,VIT_747,train,best.pt,,,,,,,
0.2,0.76021403,20,0,0,1,1,1,VIT_748,train,best.pt,,,,,,,
0.25,0.76021403,20,0,0,1,1,1,VIT_748,train,best.pt,,,,,,,
0.3,0.76021403,20,0,0,1,1,1,VIT_748,train,best.pt,,,,,,,
0.35,0.76021403,20,0,0,1,1,1,VIT_748,train,best.pt,,,,,,,
0.4,0.76021403,20,0,0,1,1,1,VIT_748,train,best.pt,,,,,,,
0.45,0.76021403,20,0,0,1,1,1,VIT_748,train,best.pt,,,,,,,
0.5,0.76021403,20,0,0,1,1,1,VIT_748,train,best.pt,,,,,,,
0.2,0.779758275,20,0,0,1,1,1,VIT_749,train,best.pt,,,,,,,
0.25,0.779758275,20,0,0,1,1,1,VIT_749,train,best.pt,,,,,,,
0.3,0.779758275,20,0,0,1,1,1,VIT_749,train,best.pt,,,,,,,
0.35,0.779758275,20,0,0,1,1,1,VIT_749,train,best.pt,,,,,,,
0.4,0.779758275,20,0,0,1,1,1,VIT_749,train,best.pt,,,,,,,
0.45,0.779758275,20,0,0,1,1,1,VIT_749,train,best.pt,,,,,,,
0.5,0.779758275,20,0,0,1,1,1,VIT_749,train,best.pt,,,,,,,
0.2,0.820068375,20,0,0,1,1,1,VIT_750,train,best.pt,,,,,,,
0.25,0.820068375,20,0,0,1,1,1,VIT_750,train,best.pt,,,,,,,
0.3,0.820068375,20,0,0,1,1,1,VIT_750,train,best.pt,,,,,,,
0.35,0.820068375,20,0,0,1,1,1,VIT_750,train,best.pt,,,,,,,
0.4,0.820068375,20,0,0,1,1,1,VIT_750,train,best.pt,,,,,,,
0.45,0.820068375,20,0,0,1,1,1,VIT_750,train,best.pt,,,,,,,
0.5,0.820068375,20,0,0,1,1,1,VIT_750,train,best.pt,,,,,,,
0.2,0.792831484,20,1,0,0.95,1,0.98,VIT_751,train,best.pt,,,,,,,
0.25,0.792831484,20,1,0,0.95,1,0.98,VIT_751,train,best.pt,,,,,,,
0.3,0.792831484,20,1,0,0.95,1,0.98,VIT_751,train,best.pt,,,,,,,
0.35,0.792831484,20,1,0,0.95,1,0.98,VIT_751,train,best.pt,,,,,,,
0.4,0.792831484,20,1,0,0.95,1,0.98,VIT_751,train,best.pt,,,,,,,
0.45,0.792831484,20,1,0,0.95,1,0.98,VIT_751,train,best.pt,,,,,,,
0.5,0.792831484,20,1,0,0.95,1,0.98,VIT_751,train,best.pt,,,,,,,
0.2,0.810934658,20,0,0,1,1,1,VIT_754,train,best.pt,,,,,,,
0.25,0.810934658,20,0,0,1,1,1,VIT_754,train,best.pt,,,,,,,
0.3,0.810934658,20,0,0,1,1,1,VIT_754,train,best.pt,,,,,,,
0.35,0.810934658,20,0,0,1,1,1,VIT_754,train,best.pt,,,,,,,
0.4,0.810934658,20,0,0,1,1,1,VIT_754,train,best.pt,,,,,,,
0.45,0.810934658,20,0,0,1,1,1,VIT_754,train,best.pt,,,,,,,
0.5,0.810934658,20,0,0,1,1,1,VIT_754,train,best.pt,,,,,,,
0.2,0.862437563,20,0,0,1,1,1,VIT_756,train,best.pt,,,,,,,
0.25,0.862437563,20,0,0,1,1,1,VIT_756,train,best.pt,,,,,,,
0.3,0.862437563,20,0,0,1,1,1,VIT_756,train,best.pt,,,,,,,
0.35,0.862437563,20,0,0,1,1,1,VIT_756,train,best.pt,,,,,,,
0.4,0.862437563,20,0,0,1,1,1,VIT_756,train,best.pt,,,,,,,
0.45,0.862437563,20,0,0,1,1,1,VIT_756,train,best.pt,,,,,,,
0.5,0.862437563,20,0,0,1,1,1,VIT_756,train,best.pt,,,,,,,
0.2,0.809910033,20,0,0,1,1,1,VIT_757,train,best.pt,,,,,,,
0.25,0.809910033,20,0,0,1,1,1,VIT_757,train,best.pt,,,,,,,
0.3,0.809910033,20,0,0,1,1,1,VIT_757,train,best.pt,,,,,,,
0.35,0.809910033,20,0,0,1,1,1,VIT_757,train,best.pt,,,,,,,
0.4,0.809910033,20,0,0,1,1,1,VIT_757,train,best.pt,,,,,,,
0.45,0.809910033,20,0,0,1,1,1,VIT_757,train,best.pt,,,,,,,
0.5,0.809910033,20,0,0,1,1,1,VIT_757,train,best.pt,,,,,,,
0.2,0.841095525,20,0,0,1,1,1,VIT_758,train,best.pt,,,,,,,
0.25,0.841095525,20,0,0,1,1,1,VIT_758,train,best.pt,,,,,,,
0.3,0.841095525,20,0,0,1,1,1,VIT_758,train,best.pt,,,,,,,
0.35,0.841095525,20,0,0,1,1,1,VIT_758,train,best.pt,,,,,,,
0.4,0.841095525,20,0,0,1,1,1,VIT_758,train,best.pt,,,,,,,
0.45,0.841095525,20,0,0,1,1,1,VIT_758,train,best.pt,,,,,,,
0.5,0.841095525,20,0,0,1,1,1,VIT_758,train,best.pt,,,,,,,
0.2,0.812157062,20,1,0,0.95,1,0.98,VIT_759,train,best.pt,,,,,,,
0.25,0.812157062,20,1,0,0.95,1,0.98,VIT_759,train,best.pt,,,,,,,
0.3,0.812157062,20,1,0,0.95,1,0.98,VIT_759,train,best.pt,,,,,,,
0.35,0.812157062,20,1,0,0.95,1,0.98,VIT_759,train,best.pt,,,,,,,
0.4,0.812157062,20,1,0,0.95,1,0.98,VIT_759,train,best.pt,,,,,,,
0.45,0.812157062,20,1,0,0.95,1,0.98,VIT_759,train,best.pt,,,,,,,
0.5,0.812157062,20,1,0,0.95,1,0.98,VIT_759,train,best.pt,,,,,,,
0.2,0.818428039,20,0,0,1,1,1,VIT_760,train,best.pt,,,,,,,
0.25,0.818428039,20,0,0,1,1,1,VIT_760,train,best.pt,,,,,,,
0.3,0.818428039,20,0,0,1,1,1,VIT_760,train,best.pt,,,,,,,
0.35,0.818428039,20,0,0,1,1,1,VIT_760,train,best.pt,,,,,,,
0.4,0.818428039,20,0,0,1,1,1,VIT_760,train,best.pt,,,,,,,
0.45,0.818428039,20,0,0,1,1,1,VIT_760,train,best.pt,,,,,,,
0.5,0.818428039,20,0,0,1,1,1,VIT_760,train,best.pt,,,,,,,
0.2,0.747164243,20,0,0,1,1,1,VIT_761,train,best.pt,,,,,,,
0.25,0.747164243,20,0,0,1,1,1,VIT_761,train,best.pt,,,,,,,
0.3,0.747164243,20,0,0,1,1,1,VIT_761,train,best.pt,,,,,,,
0.35,0.747164243,20,0,0,1,1,1,VIT_761,train,best.pt,,,,,,,
0.4,0.747164243,20,0,0,1,1,1,VIT_761,train,best.pt,,,,,,,
0.45,0.747164243,20,0,0,1,1,1,VIT_761,train,best.pt,,,,,,,
0.5,0.747164243,20,0,0,1,1,1,VIT_761,train,best.pt,,,,,,,
0.2,0.75981098,20,0,0,1,1,1,VIT_762,train,best.pt,,,,,,,
0.25,0.75981098,20,0,0,1,1,1,VIT_762,train,best.pt,,,,,,,
0.3,0.75981098,20,0,0,1,1,1,VIT_762,train,best.pt,,,,,,,
0.35,0.75981098,20,0,0,1,1,1,VIT_762,train,best.pt,,,,,,,
0.4,0.75981098,20,0,0,1,1,1,VIT_762,train,best.pt,,,,,,,
0.45,0.75981098,20,0,0,1,1,1,VIT_762,train,best.pt,,,,,,,
0.5,0.75981098,20,0,0,1,1,1,VIT_762,train,best.pt,,,,,,,
0.2,0.818088844,21,0,0,1,1,1,VIT_763,train,best.pt,,,,,,,
0.25,0.818088844,21,0,0,1,1,1,VIT_763,train,best.pt,,,,,,,
0.3,0.818088844,21,0,0,1,1,1,VIT_763,train,best.pt,,,,,,,
0.35,0.818088844,21,0,0,1,1,1,VIT_763,train,best.pt,,,,,,,
0.4,0.818088844,21,0,0,1,1,1,VIT_763,train,best.pt,,,,,,,
0.45,0.818088844,21,0,0,1,1,1,VIT_763,train,best.pt,,,,,,,
0.5,0.818088844,21,0,0,1,1,1,VIT_763,train,best.pt,,,,,,,
0.2,0.841542548,21,0,0,1,1,1,VIT_767,train,best.pt,,,,,,,
0.25,0.841542548,21,0,0,1,1,1,VIT_767,train,best.pt,,,,,,,
0.3,0.841542548,21,0,0,1,1,1,VIT_767,train,best.pt,,,,,,,
0.35,0.841542548,21,0,0,1,1,1,VIT_767,train,best.pt,,,,,,,
0.4,0.841542548,21,0,0,1,1,1,VIT_767,train,best.pt,,,,,,,
0.45,0.841542548,21,0,0,1,1,1,VIT_767,train,best.pt,,,,,,,
0.5,0.841542548,21,0,0,1,1,1,VIT_767,train,best.pt,,,,,,,
0.2,0.807922992,20,0,0,1,1,1,VIT_775,train,best.pt,,,,,,,
0.25,0.807922992,20,0,0,1,1,1,VIT_775,train,best.pt,,,,,,,
0.3,0.807922992,20,0,0,1,1,1,VIT_775,train,best.pt,,,,,,,
0.35,0.807922992,20,0,0,1,1,1,VIT_775,train,best.pt,,,,,,,
0.4,0.807922992,20,0,0,1,1,1,VIT_775,train,best.pt,,,,,,,
0.45,0.807922992,20,0,0,1,1,1,VIT_775,train,best.pt,,,,,,,
0.5,0.807922992,20,0,0,1,1,1,VIT_775,train,best.pt,,,,,,,
0.2,0.794364994,19,1,0,0.95,1,0.97,VIT_777,train,best.pt,,,,,,,
0.25,0.794364994,19,1,0,0.95,1,0.97,VIT_777,train,best.pt,,,,,,,
0.3,0.794364994,19,1,0,0.95,1,0.97,VIT_777,train,best.pt,,,,,,,
0.35,0.794364994,19,1,0,0.95,1,0.97,VIT_777,train,best.pt,,,,,,,
0.4,0.794364994,19,1,0,0.95,1,0.97,VIT_777,train,best.pt,,,,,,,
0.45,0.794364994,19,1,0,0.95,1,0.97,VIT_777,train,best.pt,,,,,,,
0.5,0.794364994,19,1,0,0.95,1,0.97,VIT_777,train,best.pt,,,,,,,
0.2,0.850882811,20,0,0,1,1,1,VIT_779,train,best.pt,,,,,,,
0.25,0.850882811,20,0,0,1,1,1,VIT_779,train,best.pt,,,,,,,
0.3,0.850882811,20,0,0,1,1,1,VIT_779,train,best.pt,,,,,,,
0.35,0.850882811,20,0,0,1,1,1,VIT_779,train,best.pt,,,,,,,
0.4,0.850882811,20,0,0,1,1,1,VIT_779,train,best.pt,,,,,,,
0.45,0.850882811,20,0,0,1,1,1,VIT_779,train,best.pt,,,,,,,
0.5,0.850882811,20,0,0,1,1,1,VIT_779,train,best.pt,,,,,,,
0.2,0.835466446,20,0,0,1,1,1,VIT_780,train,best.pt,,,,,,,
0.25,0.835466446,20,0,0,1,1,1,VIT_780,train,best.pt,,,,,,,
0.3,0.835466446,20,0,0,1,1,1,VIT_780,train,best.pt,,,,,,,
0.35,0.835466446,20,0,0,1,1,1,VIT_780,train,best.pt,,,,,,,
0.4,0.835466446,20,0,0,1,1,1,VIT_780,train,best.pt,,,,,,,
0.45,0.835466446,20,0,0,1,1,1,VIT_780,train,best.pt,,,,,,,
0.5,0.835466446,20,0,0,1,1,1,VIT_780,train,best.pt,,,,,,,
0.2,0.843682047,20,0,0,1,1,1,VIT_781,train,best.pt,,,,,,,
0.25,0.843682047,20,0,0,1,1,1,VIT_781,train,best.pt,,,,,,,
0.3,0.843682047,20,0,0,1,1,1,VIT_781,train,best.pt,,,,,,,
0.35,0.843682047,20,0,0,1,1,1,VIT_781,train,best.pt,,,,,,,
0.4,0.843682047,20,0,0,1,1,1,VIT_781,train,best.pt,,,,,,,
0.45,0.843682047,20,0,0,1,1,1,VIT_781,train,best.pt,,,,,,,
0.5,0.843682047,20,0,0,1,1,1,VIT_781,train,best.pt,,,,,,,
0.2,0.842660086,20,0,0,1,1,1,VIT_783,train,best.pt,,,,,,,
0.25,0.842660086,20,0,0,1,1,1,VIT_783,train,best.pt,,,,,,,
0.3,0.842660086,20,0,0,1,1,1,VIT_783,train,best.pt,,,,,,,
0.35,0.842660086,20,0,0,1,1,1,VIT_783,train,best.pt,,,,,,,
0.4,0.842660086,20,0,0,1,1,1,VIT_783,train,best.pt,,,,,,,
0.45,0.842660086,20,0,0,1,1,1,VIT_783,train,best.pt,,,,,,,
0.5,0.842660086,20,0,0,1,1,1,VIT_783,train,best.pt,,,,,,,
0.2,0.840036921,20,0,0,1,1,1,VIT_785,train,best.pt,,,,,,,
0.25,0.840036921,20,0,0,1,1,1,VIT_785,train,best.pt,,,,,,,
0.3,0.840036921,20,0,0,1,1,1,VIT_785,train,best.pt,,,,,,,
0.35,0.840036921,20,0,0,1,1,1,VIT_785,train,best.pt,,,,,,,
0.4,0.840036921,20,0,0,1,1,1,VIT_785,train,best.pt,,,,,,,
0.45,0.840036921,20,0,0,1,1,1,VIT_785,train,best.pt,,,,,,,
0.5,0.840036921,20,0,0,1,1,1,VIT_785,train,best.pt,,,,,,,
0.2,0.828104502,20,0,0,1,1,1,VIT_787,train,best.pt,,,,,,,
0.25,0.828104502,20,0,0,1,1,1,VIT_787,train,best.pt,,,,,,,
0.3,0.828104502,20,0,0,1,1,1,VIT_787,train,best.pt,,,,,,,
0.35,0.828104502,20,0,0,1,1,1,VIT_787,train,best.pt,,,,,,,
0.4,0.828104502,20,0,0,1,1,1,VIT_787,train,best.pt,,,,,,,
0.45,0.828104502,20,0,0,1,1,1,VIT_787,train,best.pt,,,,,,,
0.5,0.828104502,20,0,0,1,1,1,VIT_787,train,best.pt,,,,,,,
0.2,0.804145692,20,0,0,1,1,1,VIT_788,train,best.pt,,,,,,,
0.25,0.804145692,20,0,0,1,1,1,VIT_788,train,best.pt,,,,,,,
0.3,0.804145692,20,0,0,1,1,1,VIT_788,train,best.pt,,,,,,,
0.35,0.804145692,20,0,0,1,1,1,VIT_788,train,best.pt,,,,,,,
0.4,0.804145692,20,0,0,1,1,1,VIT_788,train,best.pt,,,,,,,
0.45,0.804145692,20,0,0,1,1,1,VIT_788,train,best.pt,,,,,,,
0.5,0.804145692,20,0,0,1,1,1,VIT_788,train,best.pt,,,,,,,
0.2,0.828777384,21,0,0,1,1,1,VIT_789,train,best.pt,,,,,,,
0.25,0.828777384,21,0,0,1,1,1,VIT_789,train,best.pt,,,,,,,
0.3,0.828777384,21,0,0,1,1,1,VIT_789,train,best.pt,,,,,,,
0.35,0.828777384,21,0,0,1,1,1,VIT_789,train,best.pt,,,,,,,
0.4,0.828777384,21,0,0,1,1,1,VIT_789,train,best.pt,,,,,,,
0.45,0.828777384,21,0,0,1,1,1,VIT_789,train,best.pt,,,,,,,
0.5,0.828777384,21,0,0,1,1,1,VIT_789,train,best.pt,,,,,,,
0.2,0.754997959,20,0,0,1,1,1,VIT_791,train,best.pt,,,,,,,
0.25,0.754997959,20,0,0,1,1,1,VIT_791,train,best.pt,,,,,,,
0.3,0.754997959,20,0,0,1,1,1,VIT_791,train,best.pt,,,,,,,
0.35,0.754997959,20,0,0,1,1,1,VIT_791,train,best.pt,,,,,,,
0.4,0.754997959,20,0,0,1,1,1,VIT_791,train,best.pt,,,,,,,
0.45,0.754997959,20,0,0,1,1,1,VIT_791,train,best.pt,,,,,,,
0.5,0.754997959,20,0,0,1,1,1,VIT_791,train,best.pt,,,,,,,
0.2,0.811744941,20,0,0,1,1,1,VIT_793,train,best.pt,,,,,,,
0.25,0.811744941,20,0,0,1,1,1,VIT_793,train,best.pt,,,,,,,
0.3,0.811744941,20,0,0,1,1,1,VIT_793,train,best.pt,,,,,,,
0.35,0.811744941,20,0,0,1,1,1,VIT_793,train,best.pt,,,,,,,
0.4,0.811744941,20,0,0,1,1,1,VIT_793,train,best.pt,,,,,,,
0.45,0.811744941,20,0,0,1,1,1,VIT_793,train,best.pt,,,,,,,
0.5,0.811744941,20,0,0,1,1,1,VIT_793,train,best.pt,,,,,,,
0.2,0.840861969,20,0,0,1,1,1,VIT_794,train,best.pt,,,,,,,
0.25,0.840861969,20,0,0,1,1,1,VIT_794,train,best.pt,,,,,,,
0.3,0.840861969,20,0,0,1,1,1,VIT_794,train,best.pt,,,,,,,
0.35,0.840861969,20,0,0,1,1,1,VIT_794,train,best.pt,,,,,,,
0.4,0.840861969,20,0,0,1,1,1,VIT_794,train,best.pt,,,,,,,
0.45,0.840861969,20,0,0,1,1,1,VIT_794,train,best.pt,,,,,,,
0.5,0.840861969,20,0,0,1,1,1,VIT_794,train,best.pt,,,,,,,
0.2,0.845540314,20,0,0,1,1,1,VIT_796,train,best.pt,,,,,,,
0.25,0.845540314,20,0,0,1,1,1,VIT_796,train,best.pt,,,,,,,
0.3,0.845540314,20,0,0,1,1,1,VIT_796,train,best.pt,,,,,,,
0.35,0.845540314,20,0,0,1,1,1,VIT_796,train,best.pt,,,,,,,
0.4,0.845540314,20,0,0,1,1,1,VIT_796,train,best.pt,,,,,,,
0.45,0.845540314,20,0,0,1,1,1,VIT_796,train,best.pt,,,,,,,
0.5,0.845540314,20,0,0,1,1,1,VIT_796,train,best.pt,,,,,,,
0.2,0.838177446,20,0,0,1,1,1,VIT_797,train,best.pt,,,,,,,
0.25,0.838177446,20,0,0,1,1,1,VIT_797,train,best.pt,,,,,,,
0.3,0.838177446,20,0,0,1,1,1,VIT_797,train,best.pt,,,,,,,
0.35,0.838177446,20,0,0,1,1,1,VIT_797,train,best.pt,,,,,,,
0.4,0.838177446,20,0,0,1,1,1,VIT_797,train,best.pt,,,,,,,
0.45,0.838177446,20,0,0,1,1,1,VIT_797,train,best.pt,,,,,,,
0.5,0.838177446,20,0,0,1,1,1,VIT_797,train,best.pt,,,,,,,
0.2,0.827286562,20,0,0,1,1,1,VIT_798,train,best.pt,,,,,,,
0.25,0.827286562,20,0,0,1,1,1,VIT_798,train,best.pt,,,,,,,
0.3,0.827286562,20,0,0,1,1,1,VIT_798,train,best.pt,,,,,,,
0.35,0.827286562,20,0,0,1,1,1,VIT_798,train,best.pt,,,,,,,
0.4,0.827286562,20,0,0,1,1,1,VIT_798,train,best.pt,,,,,,,
0.45,0.827286562,20,0,0,1,1,1,VIT_798,train,best.pt,,,,,,,
0.5,0.827286562,20,0,0,1,1,1,VIT_798,train,best.pt,,,,,,,
0.2,0.824902999,20,0,0,1,1,1,VIT_800,train,best.pt,,,,,,,
0.25,0.824902999,20,0,0,1,1,1,VIT_800,train,best.pt,,,,,,,
0.3,0.824902999,20,0,0,1,1,1,VIT_800,train,best.pt,,,,,,,
0.35,0.824902999,20,0,0,1,1,1,VIT_800,train,best.pt,,,,,,,
0.4,0.824902999,20,0,0,1,1,1,VIT_800,train,best.pt,,,,,,,
0.45,0.824902999,20,0,0,1,1,1,VIT_800,train,best.pt,,,,,,,
0.5,0.824902999,20,0,0,1,1,1,VIT_800,train,best.pt,,,,,,,
0.2,0.832657546,21,0,0,1,1,1,VIT_801,train,best.pt,,,,,,,
0.25,0.832657546,21,0,0,1,1,1,VIT_801,train,best.pt,,,,,,,
0.3,0.832657546,21,0,0,1,1,1,VIT_801,train,best.pt,,,,,,,
0.35,0.832657546,21,0,0,1,1,1,VIT_801,train,best.pt,,,,,,,
0.4,0.832657546,21,0,0,1,1,1,VIT_801,train,best.pt,,,,,,,
0.45,0.832657546,21,0,0,1,1,1,VIT_801,train,best.pt,,,,,,,
0.5,0.832657546,21,0,0,1,1,1,VIT_801,train,best.pt,,,,,,,
0.2,0.858944172,20,0,0,1,1,1,VIT_802,train,best.pt,,,,,,,
0.25,0.858944172,20,0,0,1,1,1,VIT_802,train,best.pt,,,,,,,
0.3,0.858944172,20,0,0,1,1,1,VIT_802,train,best.pt,,,,,,,
0.35,0.858944172,20,0,0,1,1,1,VIT_802,train,best.pt,,,,,,,
0.4,0.858944172,20,0,0,1,1,1,VIT_802,train,best.pt,,,,,,,
0.45,0.858944172,20,0,0,1,1,1,VIT_802,train,best.pt,,,,,,,
0.5,0.858944172,20,0,0,1,1,1,VIT_802,train,best.pt,,,,,,,
0.2,0.861478096,20,0,0,1,1,1,VIT_803,train,best.pt,,,,,,,
0.25,0.861478096,20,0,0,1,1,1,VIT_803,train,best.pt,,,,,,,
0.3,0.861478096,20,0,0,1,1,1,VIT_803,train,best.pt,,,,,,,
0.35,0.861478096,20,0,0,1,1,1,VIT_803,train,best.pt,,,,,,,
0.4,0.861478096,20,0,0,1,1,1,VIT_803,train,best.pt,,,,,,,
0.45,0.861478096,20,0,0,1,1,1,VIT_803,train,best.pt,,,,,,,
0.5,0.861478096,20,0,0,1,1,1,VIT_803,train,best.pt,,,,,,,
0.2,0.851467915,20,0,0,1,1,1,VIT_805,train,best.pt,,,,,,,
0.25,0.851467915,20,0,0,1,1,1,VIT_805,train,best.pt,,,,,,,
0.3,0.851467915,20,0,0,1,1,1,VIT_805,train,best.pt,,,,,,,
0.35,0.851467915,20,0,0,1,1,1,VIT_805,train,best.pt,,,,,,,
0.4,0.851467915,20,0,0,1,1,1,VIT_805,train,best.pt,,,,,,,
0.45,0.851467915,20,0,0,1,1,1,VIT_805,train,best.pt,,,,,,,
0.5,0.851467915,20,0,0,1,1,1,VIT_805,train,best.pt,,,,,,,
0.2,0.856230332,20,0,0,1,1,1,VIT_806,train,best.pt,,,,,,,
0.25,0.856230332,20,0,0,1,1,1,VIT_806,train,best.pt,,,,,,,
0.3,0.856230332,20,0,0,1,1,1,VIT_806,train,best.pt,,,,,,,
0.35,0.856230332,20,0,0,1,1,1,VIT_806,train,best.pt,,,,,,,
0.4,0.856230332,20,0,0,1,1,1,VIT_806,train,best.pt,,,,,,,
0.45,0.856230332,20,0,0,1,1,1,VIT_806,train,best.pt,,,,,,,
0.5,0.856230332,20,0,0,1,1,1,VIT_806,train,best.pt,,,,,,,
0.2,0.838891248,19,0,0,1,1,1,VIT_807,train,best.pt,,,,,,,
0.25,0.838891248,19,0,0,1,1,1,VIT_807,train,best.pt,,,,,,,
0.3,0.838891248,19,0,0,1,1,1,VIT_807,train,best.pt,,,,,,,
0.35,0.838891248,19,0,0,1,1,1,VIT_807,train,best.pt,,,,,,,
0.4,0.838891248,19,0,0,1,1,1,VIT_807,train,best.pt,,,,,,,
0.45,0.838891248,19,0,0,1,1,1,VIT_807,train,best.pt,,,,,,,
0.5,0.838891248,19,0,0,1,1,1,VIT_807,train,best.pt,,,,,,,
0.2,0.848249442,20,0,0,1,1,1,VIT_809,train,best.pt,,,,,,,
0.25,0.848249442,20,0,0,1,1,1,VIT_809,train,best.pt,,,,,,,
0.3,0.848249442,20,0,0,1,1,1,VIT_809,train,best.pt,,,,,,,
0.35,0.848249442,20,0,0,1,1,1,VIT_809,train,best.pt,,,,,,,
0.4,0.848249442,20,0,0,1,1,1,VIT_809,train,best.pt,,,,,,,
0.45,0.848249442,20,0,0,1,1,1,VIT_809,train,best.pt,,,,,,,
0.5,0.848249442,20,0,0,1,1,1,VIT_809,train,best.pt,,,,,,,
0.2,0.843214481,20,0,0,1,1,1,VIT_810,train,best.pt,,,,,,,
0.25,0.843214481,20,0,0,1,1,1,VIT_810,train,best.pt,,,,,,,
0.3,0.843214481,20,0,0,1,1,1,VIT_810,train,best.pt,,,,,,,
0.35,0.843214481,20,0,0,1,1,1,VIT_810,train,best.pt,,,,,,,
0.4,0.843214481,20,0,0,1,1,1,VIT_810,train,best.pt,,,,,,,
0.45,0.843214481,20,0,0,1,1,1,VIT_810,train,best.pt,,,,,,,
0.5,0.843214481,20,0,0,1,1,1,VIT_810,train,best.pt,,,,,,,
0.2,0.85192905,20,0,0,1,1,1,VIT_812,train,best.pt,,,,,,,
0.25,0.85192905,20,0,0,1,1,1,VIT_812,train,best.pt,,,,,,,
0.3,0.85192905,20,0,0,1,1,1,VIT_812,train,best.pt,,,,,,,
0.35,0.85192905,20,0,0,1,1,1,VIT_812,train,best.pt,,,,,,,
0.4,0.85192905,20,0,0,1,1,1,VIT_812,train,best.pt,,,,,,,
0.45,0.85192905,20,0,0,1,1,1,VIT_812,train,best.pt,,,,,,,
0.5,0.85192905,20,0,0,1,1,1,VIT_812,train,best.pt,,,,,,,
0.2,0.84690784,20,0,0,1,1,1,VIT_813,train,best.pt,,,,,,,
0.25,0.84690784,20,0,0,1,1,1,VIT_813,train,best.pt,,,,,,,
0.3,0.84690784,20,0,0,1,1,1,VIT_813,train,best.pt,,,,,,,
0.35,0.84690784,20,0,0,1,1,1,VIT_813,train,best.pt,,,,,,,
0.4,0.84690784,20,0,0,1,1,1,VIT_813,train,best.pt,,,,,,,
0.45,0.84690784,20,0,0,1,1,1,VIT_813,train,best.pt,,,,,,,
0.5,0.84690784,20,0,0,1,1,1,VIT_813,train,best.pt,,,,,,,
0.2,0.834265597,21,0,0,1,1,1,VIT_815,train,best.pt,,,,,,,
0.25,0.834265597,21,0,0,1,1,1,VIT_815,train,best.pt,,,,,,,
0.3,0.834265597,21,0,0,1,1,1,VIT_815,train,best.pt,,,,,,,
0.35,0.834265597,21,0,0,1,1,1,VIT_815,train,best.pt,,,,,,,
0.4,0.834265597,21,0,0,1,1,1,VIT_815,train,best.pt,,,,,,,
0.45,0.834265597,21,0,0,1,1,1,VIT_815,train,best.pt,,,,,,,
0.5,0.834265597,21,0,0,1,1,1,VIT_815,train,best.pt,,,,,,,
0.2,0.83583445,20,0,0,1,1,1,VIT_816,train,best.pt,,,,,,,
0.25,0.83583445,20,0,0,1,1,1,VIT_816,train,best.pt,,,,,,,
0.3,0.83583445,20,0,0,1,1,1,VIT_816,train,best.pt,,,,,,,
0.35,0.83583445,20,0,0,1,1,1,VIT_816,train,best.pt,,,,,,,
0.4,0.83583445,20,0,0,1,1,1,VIT_816,train,best.pt,,,,,,,
0.45,0.83583445,20,0,0,1,1,1,VIT_816,train,best.pt,,,,,,,
0.5,0.83583445,20,0,0,1,1,1,VIT_816,train,best.pt,,,,,,,
0.2,0.861255363,20,0,0,1,1,1,VIT_819,train,best.pt,,,,,,,
0.25,0.861255363,20,0,0,1,1,1,VIT_819,train,best.pt,,,,,,,
0.3,0.861255363,20,0,0,1,1,1,VIT_819,train,best.pt,,,,,,,
0.35,0.861255363,20,0,0,1,1,1,VIT_819,train,best.pt,,,,,,,
0.4,0.861255363,20,0,0,1,1,1,VIT_819,train,best.pt,,,,,,,
0.45,0.861255363,20,0,0,1,1,1,VIT_819,train,best.pt,,,,,,,
0.5,0.861255363,20,0,0,1,1,1,VIT_819,train,best.pt,,,,,,,
0.2,0.868238572,20,0,0,1,1,1,VIT_820,train,best.pt,,,,,,,
0.25,0.868238572,20,0,0,1,1,1,VIT_820,train,best.pt,,,,,,,
0.3,0.868238572,20,0,0,1,1,1,VIT_820,train,best.pt,,,,,,,
0.35,0.868238572,20,0,0,1,1,1,VIT_820,train,best.pt,,,,,,,
0.4,0.868238572,20,0,0,1,1,1,VIT_820,train,best.pt,,,,,,,
0.45,0.868238572,20,0,0,1,1,1,VIT_820,train,best.pt,,,,,,,
0.5,0.868238572,20,0,0,1,1,1,VIT_820,train,best.pt,,,,,,,
0.2,0.849498829,20,0,0,1,1,1,VIT_821,train,best.pt,,,,,,,
0.25,0.849498829,20,0,0,1,1,1,VIT_821,train,best.pt,,,,,,,
0.3,0.849498829,20,0,0,1,1,1,VIT_821,train,best.pt,,,,,,,
0.35,0.849498829,20,0,0,1,1,1,VIT_821,train,best.pt,,,,,,,
0.4,0.849498829,20,0,0,1,1,1,VIT_821,train,best.pt,,,,,,,
0.45,0.849498829,20,0,0,1,1,1,VIT_821,train,best.pt,,,,,,,
0.5,0.849498829,20,0,0,1,1,1,VIT_821,train,best.pt,,,,,,,
0.2,0.852987527,20,0,0,1,1,1,VIT_822,train,best.pt,,,,,,,
0.25,0.852987527,20,0,0,1,1,1,VIT_822,train,best.pt,,,,,,,
0.3,0.852987527,20,0,0,1,1,1,VIT_822,train,best.pt,,,,,,,
0.35,0.852987527,20,0,0,1,1,1,VIT_822,train,best.pt,,,,,,,
0.4,0.852987527,20,0,0,1,1,1,VIT_822,train,best.pt,,,,,,,
0.45,0.852987527,20,0,0,1,1,1,VIT_822,train,best.pt,,,,,,,
0.5,0.852987527,20,0,0,1,1,1,VIT_822,train,best.pt,,,,,,,
0.2,0.853900818,20,0,0,1,1,1,VIT_823,train,best.pt,,,,,,,
0.25,0.853900818,20,0,0,1,1,1,VIT_823,train,best.pt,,,,,,,
0.3,0.853900818,20,0,0,1,1,1,VIT_823,train,best.pt,,,,,,,
0.35,0.853900818,20,0,0,1,1,1,VIT_823,train,best.pt,,,,,,,
0.4,0.853900818,20,0,0,1,1,1,VIT_823,train,best.pt,,,,,,,
0.45,0.853900818,20,0,0,1,1,1,VIT_823,train,best.pt,,,,,,,
0.5,0.853900818,20,0,0,1,1,1,VIT_823,train,best.pt,,,,,,,
0.2,0.858176119,20,0,0,1,1,1,VIT_824,train,best.pt,,,,,,,
0.25,0.858176119,20,0,0,1,1,1,VIT_824,train,best.pt,,,,,,,
0.3,0.858176119,20,0,0,1,1,1,VIT_824,train,best.pt,,,,,,,
0.35,0.858176119,20,0,0,1,1,1,VIT_824,train,best.pt,,,,,,,
0.4,0.858176119,20,0,0,1,1,1,VIT_824,train,best.pt,,,,,,,
0.45,0.858176119,20,0,0,1,1,1,VIT_824,train,best.pt,,,,,,,
0.5,0.858176119,20,0,0,1,1,1,VIT_824,train,best.pt,,,,,,,
0.2,0.858497541,20,0,0,1,1,1,VIT_825,train,best.pt,,,,,,,
0.25,0.858497541,20,0,0,1,1,1,VIT_825,train,best.pt,,,,,,,
0.3,0.858497541,20,0,0,1,1,1,VIT_825,train,best.pt,,,,,,,
0.35,0.858497541,20,0,0,1,1,1,VIT_825,train,best.pt,,,,,,,
0.4,0.858497541,20,0,0,1,1,1,VIT_825,train,best.pt,,,,,,,
0.45,0.858497541,20,0,0,1,1,1,VIT_825,train,best.pt,,,,,,,
0.5,0.858497541,20,0,0,1,1,1,VIT_825,train,best.pt,,,,,,,
0.2,0.856657355,20,0,0,1,1,1,VIT_826,train,best.pt,,,,,,,
0.25,0.856657355,20,0,0,1,1,1,VIT_826,train,best.pt,,,,,,,
0.3,0.856657355,20,0,0,1,1,1,VIT_826,train,best.pt,,,,,,,
0.35,0.856657355,20,0,0,1,1,1,VIT_826,train,best.pt,,,,,,,
0.4,0.856657355,20,0,0,1,1,1,VIT_826,train,best.pt,,,,,,,
0.45,0.856657355,20,0,0,1,1,1,VIT_826,train,best.pt,,,,,,,
0.5,0.856657355,20,0,0,1,1,1,VIT_826,train,best.pt,,,,,,,
0.2,0.834199682,21,0,0,1,1,1,VIT_827,train,best.pt,,,,,,,
0.25,0.834199682,21,0,0,1,1,1,VIT_827,train,best.pt,,,,,,,
0.3,0.834199682,21,0,0,1,1,1,VIT_827,train,best.pt,,,,,,,
0.35,0.834199682,21,0,0,1,1,1,VIT_827,train,best.pt,,,,,,,
0.4,0.834199682,21,0,0,1,1,1,VIT_827,train,best.pt,,,,,,,
0.45,0.834199682,21,0,0,1,1,1,VIT_827,train,best.pt,,,,,,,
0.5,0.834199682,21,0,0,1,1,1,VIT_827,train,best.pt,,,,,,,
0.2,0.824693703,20,0,0,1,1,1,VIT_828,train,best.pt,,,,,,,
0.25,0.824693703,20,0,0,1,1,1,VIT_828,train,best.pt,,,,,,,
0.3,0.824693703,20,0,0,1,1,1,VIT_828,train,best.pt,,,,,,,
0.35,0.824693703,20,0,0,1,1,1,VIT_828,train,best.pt,,,,,,,
0.4,0.824693703,20,0,0,1,1,1,VIT_828,train,best.pt,,,,,,,
0.45,0.824693703,20,0,0,1,1,1,VIT_828,train,best.pt,,,,,,,
0.5,0.824693703,20,0,0,1,1,1,VIT_828,train,best.pt,,,,,,,
0.2,0.843900805,20,0,0,1,1,1,VIT_830,train,best.pt,,,,,,,
0.25,0.843900805,20,0,0,1,1,1,VIT_830,train,best.pt,,,,,,,
0.3,0.843900805,20,0,0,1,1,1,VIT_830,train,best.pt,,,,,,,
0.35,0.843900805,20,0,0,1,1,1,VIT_830,train,best.pt,,,,,,,
0.4,0.843900805,20,0,0,1,1,1,VIT_830,train,best.pt,,,,,,,
0.45,0.843900805,20,0,0,1,1,1,VIT_830,train,best.pt,,,,,,,
0.5,0.843900805,20,0,0,1,1,1,VIT_830,train,best.pt,,,,,,,
0.2,0.819507387,19,0,0,1,1,1,VIT_831,train,best.pt,,,,,,,
0.25,0.819507387,19,0,0,1,1,1,VIT_831,train,best.pt,,,,,,,
0.3,0.819507387,19,0,0,1,1,1,VIT_831,train,best.pt,,,,,,,
0.35,0.819507387,19,0,0,1,1,1,VIT_831,train,best.pt,,,,,,,
0.4,0.819507387,19,0,0,1,1,1,VIT_831,train,best.pt,,,,,,,
0.45,0.819507387,19,0,0,1,1,1,VIT_831,train,best.pt,,,,,,,
0.5,0.819507387,19,0,0,1,1,1,VIT_831,train,best.pt,,,,,,,
0.2,0.808038287,20,0,0,1,1,1,VIT_832,train,best.pt,,,,,,,
0.25,0.808038287,20,0,0,1,1,1,VIT_832,train,best.pt,,,,,,,
0.3,0.808038287,20,0,0,1,1,1,VIT_832,train,best.pt,,,,,,,
0.35,0.808038287,20,0,0,1,1,1,VIT_832,train,best.pt,,,,,,,
0.4,0.808038287,20,0,0,1,1,1,VIT_832,train,best.pt,,,,,,,
0.45,0.808038287,20,0,0,1,1,1,VIT_832,train,best.pt,,,,,,,
0.5,0.808038287,20,0,0,1,1,1,VIT_832,train,best.pt,,,,,,,
0.2,0.793513409,20,0,0,1,1,1,VIT_833,train,best.pt,,,,,,,
0.25,0.793513409,20,0,0,1,1,1,VIT_833,train,best.pt,,,,,,,
0.3,0.793513409,20,0,0,1,1,1,VIT_833,train,best.pt,,,,,,,
0.35,0.793513409,20,0,0,1,1,1,VIT_833,train,best.pt,,,,,,,
0.4,0.793513409,20,0,0,1,1,1,VIT_833,train,best.pt,,,,,,,
0.45,0.793513409,20,0,0,1,1,1,VIT_833,train,best.pt,,,,,,,
0.5,0.793513409,20,0,0,1,1,1,VIT_833,train,best.pt,,,,,,,
0.2,0.825471163,20,0,0,1,1,1,VIT_834,train,best.pt,,,,,,,
0.25,0.825471163,20,0,0,1,1,1,VIT_834,train,best.pt,,,,,,,
0.3,0.825471163,20,0,0,1,1,1,VIT_834,train,best.pt,,,,,,,
0.35,0.825471163,20,0,0,1,1,1,VIT_834,train,best.pt,,,,,,,
0.4,0.825471163,20,0,0,1,1,1,VIT_834,train,best.pt,,,,,,,
0.45,0.825471163,20,0,0,1,1,1,VIT_834,train,best.pt,,,,,,,
0.5,0.825471163,20,0,0,1,1,1,VIT_834,train,best.pt,,,,,,,
0.2,0.822804432,20,0,0,1,1,1,VIT_835,train,best.pt,,,,,,,
0.25,0.822804432,20,0,0,1,1,1,VIT_835,train,best.pt,,,,,,,
0.3,0.822804432,20,0,0,1,1,1,VIT_835,train,best.pt,,,,,,,
0.35,0.822804432,20,0,0,1,1,1,VIT_835,train,best.pt,,,,,,,
0.4,0.822804432,20,0,0,1,1,1,VIT_835,train,best.pt,,,,,,,
0.45,0.822804432,20,0,0,1,1,1,VIT_835,train,best.pt,,,,,,,
0.5,0.822804432,20,0,0,1,1,1,VIT_835,train,best.pt,,,,,,,
0.2,0.833758306,20,0,0,1,1,1,VIT_836,train,best.pt,,,,,,,
0.25,0.833758306,20,0,0,1,1,1,VIT_836,train,best.pt,,,,,,,
0.3,0.833758306,20,0,0,1,1,1,VIT_836,train,best.pt,,,,,,,
0.35,0.833758306,20,0,0,1,1,1,VIT_836,train,best.pt,,,,,,,
0.4,0.833758306,20,0,0,1,1,1,VIT_836,train,best.pt,,,,,,,
0.45,0.833758306,20,0,0,1,1,1,VIT_836,train,best.pt,,,,,,,
0.5,0.833758306,20,0,0,1,1,1,VIT_836,train,best.pt,,,,,,,
0.2,0.792813454,20,0,0,1,1,1,VIT_837,train,best.pt,,,,,,,
0.25,0.792813454,20,0,0,1,1,1,VIT_837,train,best.pt,,,,,,,
0.3,0.792813454,20,0,0,1,1,1,VIT_837,train,best.pt,,,,,,,
0.35,0.792813454,20,0,0,1,1,1,VIT_837,train,best.pt,,,,,,,
0.4,0.792813454,20,0,0,1,1,1,VIT_837,train,best.pt,,,,,,,
0.45,0.792813454,20,0,0,1,1,1,VIT_837,train,best.pt,,,,,,,
0.5,0.792813454,20,0,0,1,1,1,VIT_837,train,best.pt,,,,,,,
0.2,0.794266194,20,0,0,1,1,1,VIT_838,train,best.pt,,,,,,,
0.25,0.794266194,20,0,0,1,1,1,VIT_838,train,best.pt,,,,,,,
0.3,0.794266194,20,0,0,1,1,1,VIT_838,train,best.pt,,,,,,,
0.35,0.794266194,20,0,0,1,1,1,VIT_838,train,best.pt,,,,,,,
0.4,0.794266194,20,0,0,1,1,1,VIT_838,train,best.pt,,,,,,,
0.45,0.794266194,20,0,0,1,1,1,VIT_838,train,best.pt,,,,,,,
0.5,0.794266194,20,0,0,1,1,1,VIT_838,train,best.pt,,,,,,,
0.2,0.80871241,20,0,0,1,1,1,VIT_840,train,best.pt,,,,,,,
0.25,0.80871241,20,0,0,1,1,1,VIT_840,train,best.pt,,,,,,,
0.3,0.80871241,20,0,0,1,1,1,VIT_840,train,best.pt,,,,,,,
0.35,0.80871241,20,0,0,1,1,1,VIT_840,train,best.pt,,,,,,,
0.4,0.80871241,20,0,0,1,1,1,VIT_840,train,best.pt,,,,,,,
0.45,0.80871241,20,0,0,1,1,1,VIT_840,train,best.pt,,,,,,,
0.5,0.80871241,20,0,0,1,1,1,VIT_840,train,best.pt,,,,,,,
0.2,0.748728407,20,0,0,1,1,1,VIT_841,train,best.pt,,,,,,,
0.25,0.748728407,20,0,0,1,1,1,VIT_841,train,best.pt,,,,,,,
0.3,0.748728407,20,0,0,1,1,1,VIT_841,train,best.pt,,,,,,,
0.35,0.748728407,20,0,0,1,1,1,VIT_841,train,best.pt,,,,,,,
0.4,0.748728407,20,0,0,1,1,1,VIT_841,train,best.pt,,,,,,,
0.45,0.748728407,20,0,0,1,1,1,VIT_841,train,best.pt,,,,,,,
0.5,0.748728407,20,0,0,1,1,1,VIT_841,train,best.pt,,,,,,,
0.2,0.770668157,20,0,0,1,1,1,VIT_844,train,best.pt,,,,,,,
0.25,0.770668157,20,0,0,1,1,1,VIT_844,train,best.pt,,,,,,,
0.3,0.770668157,20,0,0,1,1,1,VIT_844,train,best.pt,,,,,,,
0.35,0.770668157,20,0,0,1,1,1,VIT_844,train,best.pt,,,,,,,
0.4,0.770668157,20,0,0,1,1,1,VIT_844,train,best.pt,,,,,,,
0.45,0.770668157,20,0,0,1,1,1,VIT_844,train,best.pt,,,,,,,
0.5,0.770668157,20,0,0,1,1,1,VIT_844,train,best.pt,,,,,,,
0.2,0.832770405,20,0,0,1,1,1,VIT_845,train,best.pt,,,,,,,
0.25,0.832770405,20,0,0,1,1,1,VIT_845,train,best.pt,,,,,,,
0.3,0.832770405,20,0,0,1,1,1,VIT_845,train,best.pt,,,,,,,
0.35,0.832770405,20,0,0,1,1,1,VIT_845,train,best.pt,,,,,,,
0.4,0.832770405,20,0,0,1,1,1,VIT_845,train,best.pt,,,,,,,
0.45,0.832770405,20,0,0,1,1,1,VIT_845,train,best.pt,,,,,,,
0.5,0.832770405,20,0,0,1,1,1,VIT_845,train,best.pt,,,,,,,
0.2,0.815559962,20,0,0,1,1,1,VIT_846,train,best.pt,,,,,,,
0.25,0.815559962,20,0,0,1,1,1,VIT_846,train,best.pt,,,,,,,
0.3,0.815559962,20,0,0,1,1,1,VIT_846,train,best.pt,,,,,,,
0.35,0.815559962,20,0,0,1,1,1,VIT_846,train,best.pt,,,,,,,
0.4,0.815559962,20,0,0,1,1,1,VIT_846,train,best.pt,,,,,,,
0.45,0.815559962,20,0,0,1,1,1,VIT_846,train,best.pt,,,,,,,
0.5,0.815559962,20,0,0,1,1,1,VIT_846,train,best.pt,,,,,,,
0.2,0.863658924,20,0,0,1,1,1,VIT_847,train,best.pt,,,,,,,
0.25,0.863658924,20,0,0,1,1,1,VIT_847,train,best.pt,,,,,,,
0.3,0.863658924,20,0,0,1,1,1,VIT_847,train,best.pt,,,,,,,
0.35,0.863658924,20,0,0,1,1,1,VIT_847,train,best.pt,,,,,,,
0.4,0.863658924,20,0,0,1,1,1,VIT_847,train,best.pt,,,,,,,
0.45,0.863658924,20,0,0,1,1,1,VIT_847,train,best.pt,,,,,,,
0.5,0.863658924,20,0,0,1,1,1,VIT_847,train,best.pt,,,,,,,
0.2,0.827271204,20,0,0,1,1,1,VIT_848,train,best.pt,,,,,,,
0.25,0.827271204,20,0,0,1,1,1,VIT_848,train,best.pt,,,,,,,
0.3,0.827271204,20,0,0,1,1,1,VIT_848,train,best.pt,,,,,,,
0.35,0.827271204,20,0,0,1,1,1,VIT_848,train,best.pt,,,,,,,
0.4,0.827271204,20,0,0,1,1,1,VIT_848,train,best.pt,,,,,,,
0.45,0.827271204,20,0,0,1,1,1,VIT_848,train,best.pt,,,,,,,
0.5,0.827271204,20,0,0,1,1,1,VIT_848,train,best.pt,,,,,,,
0.2,0.808171879,20,0,0,1,1,1,VIT_849,train,best.pt,,,,,,,
0.25,0.808171879,20,0,0,1,1,1,VIT_849,train,best.pt,,,,,,,
0.3,0.808171879,20,0,0,1,1,1,VIT_849,train,best.pt,,,,,,,
0.35,0.808171879,20,0,0,1,1,1,VIT_849,train,best.pt,,,,,,,
0.4,0.808171879,20,0,0,1,1,1,VIT_849,train,best.pt,,,,,,,
0.45,0.808171879,20,0,0,1,1,1,VIT_849,train,best.pt,,,,,,,
0.5,0.808171879,20,0,0,1,1,1,VIT_849,train,best.pt,,,,,,,
0.2,0.803574738,20,0,0,1,1,1,VIT_850,train,best.pt,,,,,,,
0.25,0.803574738,20,0,0,1,1,1,VIT_850,train,best.pt,,,,,,,
0.3,0.803574738,20,0,0,1,1,1,VIT_850,train,best.pt,,,,,,,
0.35,0.803574738,20,0,0,1,1,1,VIT_850,train,best.pt,,,,,,,
0.4,0.803574738,20,0,0,1,1,1,VIT_850,train,best.pt,,,,,,,
0.45,0.803574738,20,0,0,1,1,1,VIT_850,train,best.pt,,,,,,,
0.5,0.803574738,20,0,0,1,1,1,VIT_850,train,best.pt,,,,,,,
0.2,0.838329445,20,0,0,1,1,1,VIT_851,train,best.pt,,,,,,,
0.25,0.838329445,20,0,0,1,1,1,VIT_851,train,best.pt,,,,,,,
0.3,0.838329445,20,0,0,1,1,1,VIT_851,train,best.pt,,,,,,,
0.35,0.838329445,20,0,0,1,1,1,VIT_851,train,best.pt,,,,,,,
0.4,0.838329445,20,0,0,1,1,1,VIT_851,train,best.pt,,,,,,,
0.45,0.838329445,20,0,0,1,1,1,VIT_851,train,best.pt,,,,,,,
0.5,0.838329445,20,0,0,1,1,1,VIT_851,train,best.pt,,,,,,,
0.2,0.860298231,20,0,0,1,1,1,VIT_854,train,best.pt,,,,,,,
0.25,0.860298231,20,0,0,1,1,1,VIT_854,train,best.pt,,,,,,,
0.3,0.860298231,20,0,0,1,1,1,VIT_854,train,best.pt,,,,,,,
0.35,0.860298231,20,0,0,1,1,1,VIT_854,train,best.pt,,,,,,,
0.4,0.860298231,20,0,0,1,1,1,VIT_854,train,best.pt,,,,,,,
0.45,0.860298231,20,0,0,1,1,1,VIT_854,train,best.pt,,,,,,,
0.5,0.860298231,20,0,0,1,1,1,VIT_854,train,best.pt,,,,,,,
0.2,0.831141361,20,0,0,1,1,1,VIT_855,train,best.pt,,,,,,,
0.25,0.831141361,20,0,0,1,1,1,VIT_855,train,best.pt,,,,,,,
0.3,0.831141361,20,0,0,1,1,1,VIT_855,train,best.pt,,,,,,,
0.35,0.831141361,20,0,0,1,1,1,VIT_855,train,best.pt,,,,,,,
0.4,0.831141361,20,0,0,1,1,1,VIT_855,train,best.pt,,,,,,,
0.45,0.831141361,20,0,0,1,1,1,VIT_855,train,best.pt,,,,,,,
0.5,0.831141361,20,0,0,1,1,1,VIT_855,train,best.pt,,,,,,,
0.2,0.860154672,20,0,0,1,1,1,VIT_856,train,best.pt,,,,,,,
0.25,0.860154672,20,0,0,1,1,1,VIT_856,train,best.pt,,,,,,,
0.3,0.860154672,20,0,0,1,1,1,VIT_856,train,best.pt,,,,,,,
0.35,0.860154672,20,0,0,1,1,1,VIT_856,train,best.pt,,,,,,,
0.4,0.860154672,20,0,0,1,1,1,VIT_856,train,best.pt,,,,,,,
0.45,0.860154672,20,0,0,1,1,1,VIT_856,train,best.pt,,,,,,,
0.5,0.860154672,20,0,0,1,1,1,VIT_856,train,best.pt,,,,,,,
0.2,0.840681889,20,0,0,1,1,1,VIT_857,train,best.pt,,,,,,,
0.25,0.840681889,20,0,0,1,1,1,VIT_857,train,best.pt,,,,,,,
0.3,0.840681889,20,0,0,1,1,1,VIT_857,train,best.pt,,,,,,,
0.35,0.840681889,20,0,0,1,1,1,VIT_857,train,best.pt,,,,,,,
0.4,0.840681889,20,0,0,1,1,1,VIT_857,train,best.pt,,,,,,,
0.45,0.840681889,20,0,0,1,1,1,VIT_857,train,best.pt,,,,,,,
0.5,0.840681889,20,0,0,1,1,1,VIT_857,train,best.pt,,,,,,,
0.2,0.811124916,20,0,0,1,1,1,VIT_858,train,best.pt,,,,,,,
0.25,0.811124916,20,0,0,1,1,1,VIT_858,train,best.pt,,,,,,,
0.3,0.811124916,20,0,0,1,1,1,VIT_858,train,best.pt,,,,,,,
0.35,0.811124916,20,0,0,1,1,1,VIT_858,train,best.pt,,,,,,,
0.4,0.811124916,20,0,0,1,1,1,VIT_858,train,best.pt,,,,,,,
0.45,0.811124916,20,0,0,1,1,1,VIT_858,train,best.pt,,,,,,,
0.5,0.811124916,20,0,0,1,1,1,VIT_858,train,best.pt,,,,,,,
0.2,0.837121507,20,0,0,1,1,1,VIT_859,train,best.pt,,,,,,,
0.25,0.837121507,20,0,0,1,1,1,VIT_859,train,best.pt,,,,,,,
0.3,0.837121507,20,0,0,1,1,1,VIT_859,train,best.pt,,,,,,,
0.35,0.837121507,20,0,0,1,1,1,VIT_859,train,best.pt,,,,,,,
0.4,0.837121507,20,0,0,1,1,1,VIT_859,train,best.pt,,,,,,,
0.45,0.837121507,20,0,0,1,1,1,VIT_859,train,best.pt,,,,,,,
0.5,0.837121507,20,0,0,1,1,1,VIT_859,train,best.pt,,,,,,,
0.2,0.800425612,20,0,0,1,1,1,VIT_860,train,best.pt,,,,,,,
0.25,0.800425612,20,0,0,1,1,1,VIT_860,train,best.pt,,,,,,,
0.3,0.800425612,20,0,0,1,1,1,VIT_860,train,best.pt,,,,,,,
0.35,0.800425612,20,0,0,1,1,1,VIT_860,train,best.pt,,,,,,,
0.4,0.800425612,20,0,0,1,1,1,VIT_860,train,best.pt,,,,,,,
0.45,0.800425612,20,0,0,1,1,1,VIT_860,train,best.pt,,,,,,,
0.5,0.800425612,20,0,0,1,1,1,VIT_860,train,best.pt,,,,,,,
0.2,0.815323951,19,1,0,0.95,1,0.97,VIT_862,train,best.pt,,,,,,,
0.25,0.815323951,19,1,0,0.95,1,0.97,VIT_862,train,best.pt,,,,,,,
0.3,0.815323951,19,1,0,0.95,1,0.97,VIT_862,train,best.pt,,,,,,,
0.35,0.815323951,19,1,0,0.95,1,0.97,VIT_862,train,best.pt,,,,,,,
0.4,0.815323951,19,1,0,0.95,1,0.97,VIT_862,train,best.pt,,,,,,,
0.45,0.815323951,19,1,0,0.95,1,0.97,VIT_862,train,best.pt,,,,,,,
0.5,0.815323951,19,1,0,0.95,1,0.97,VIT_862,train,best.pt,,,,,,,
0.2,0.843550208,20,0,0,1,1,1,VIT_863,train,best.pt,,,,,,,
0.25,0.843550208,20,0,0,1,1,1,VIT_863,train,best.pt,,,,,,,
0.3,0.843550208,20,0,0,1,1,1,VIT_863,train,best.pt,,,,,,,
0.35,0.843550208,20,0,0,1,1,1,VIT_863,train,best.pt,,,,,,,
0.4,0.843550208,20,0,0,1,1,1,VIT_863,train,best.pt,,,,,,,
0.45,0.843550208,20,0,0,1,1,1,VIT_863,train,best.pt,,,,,,,
0.5,0.843550208,20,0,0,1,1,1,VIT_863,train,best.pt,,,,,,,
0.2,0.793948086,20,0,0,1,1,1,VIT_864,train,best.pt,,,,,,,
0.25,0.793948086,20,0,0,1,1,1,VIT_864,train,best.pt,,,,,,,
0.3,0.793948086,20,0,0,1,1,1,VIT_864,train,best.pt,,,,,,,
0.35,0.793948086,20,0,0,1,1,1,VIT_864,train,best.pt,,,,,,,
0.4,0.793948086,20,0,0,1,1,1,VIT_864,train,best.pt,,,,,,,
0.45,0.793948086,20,0,0,1,1,1,VIT_864,train,best.pt,,,,,,,
0.5,0.793948086,20,0,0,1,1,1,VIT_864,train,best.pt,,,,,,,
0.2,0.832499195,20,0,0,1,1,1,VIT_869,train,best.pt,,,,,,,
0.25,0.832499195,20,0,0,1,1,1,VIT_869,train,best.pt,,,,,,,
0.3,0.832499195,20,0,0,1,1,1,VIT_869,train,best.pt,,,,,,,
0.35,0.832499195,20,0,0,1,1,1,VIT_869,train,best.pt,,,,,,,
0.4,0.832499195,20,0,0,1,1,1,VIT_869,train,best.pt,,,,,,,
0.45,0.832499195,20,0,0,1,1,1,VIT_869,train,best.pt,,,,,,,
0.5,0.832499195,20,0,0,1,1,1,VIT_869,train,best.pt,,,,,,,
0.2,0.832227096,20,0,0,1,1,1,VIT_871,train,best.pt,,,,,,,
0.25,0.832227096,20,0,0,1,1,1,VIT_871,train,best.pt,,,,,,,
0.3,0.832227096,20,0,0,1,1,1,VIT_871,train,best.pt,,,,,,,
0.35,0.832227096,20,0,0,1,1,1,VIT_871,train,best.pt,,,,,,,
0.4,0.832227096,20,0,0,1,1,1,VIT_871,train,best.pt,,,,,,,
0.45,0.832227096,20,0,0,1,1,1,VIT_871,train,best.pt,,,,,,,
0.5,0.832227096,20,0,0,1,1,1,VIT_871,train,best.pt,,,,,,,
0.2,0.852992987,20,0,0,1,1,1,VIT_872,train,best.pt,,,,,,,
0.25,0.852992987,20,0,0,1,1,1,VIT_872,train,best.pt,,,,,,,
0.3,0.852992987,20,0,0,1,1,1,VIT_872,train,best.pt,,,,,,,
0.35,0.852992987,20,0,0,1,1,1,VIT_872,train,best.pt,,,,,,,
0.4,0.852992987,20,0,0,1,1,1,VIT_872,train,best.pt,,,,,,,
0.45,0.852992987,20,0,0,1,1,1,VIT_872,train,best.pt,,,,,,,
0.5,0.852992987,20,0,0,1,1,1,VIT_872,train,best.pt,,,,,,,
0.2,0.843008241,20,0,0,1,1,1,VIT_873,train,best.pt,,,,,,,
0.25,0.843008241,20,0,0,1,1,1,VIT_873,train,best.pt,,,,,,,
0.3,0.843008241,20,0,0,1,1,1,VIT_873,train,best.pt,,,,,,,
0.35,0.843008241,20,0,0,1,1,1,VIT_873,train,best.pt,,,,,,,
0.4,0.843008241,20,0,0,1,1,1,VIT_873,train,best.pt,,,,,,,
0.45,0.843008241,20,0,0,1,1,1,VIT_873,train,best.pt,,,,,,,
0.5,0.843008241,20,0,0,1,1,1,VIT_873,train,best.pt,,,,,,,
0.2,0.861455619,20,0,0,1,1,1,VIT_874,train,best.pt,,,,,,,
0.25,0.861455619,20,0,0,1,1,1,VIT_874,train,best.pt,,,,,,,
0.3,0.861455619,20,0,0,1,1,1,VIT_874,train,best.pt,,,,,,,
0.35,0.861455619,20,0,0,1,1,1,VIT_874,train,best.pt,,,,,,,
0.4,0.861455619,20,0,0,1,1,1,VIT_874,train,best.pt,,,,,,,
0.45,0.861455619,20,0,0,1,1,1,VIT_874,train,best.pt,,,,,,,
0.5,0.861455619,20,0,0,1,1,1,VIT_874,train,best.pt,,,,,,,
0.2,0.855713252,20,0,0,1,1,1,VIT_880,train,best.pt,,,,,,,
0.25,0.855713252,20,0,0,1,1,1,VIT_880,train,best.pt,,,,,,,
0.3,0.855713252,20,0,0,1,1,1,VIT_880,train,best.pt,,,,,,,
0.35,0.855713252,20,0,0,1,1,1,VIT_880,train,best.pt,,,,,,,
0.4,0.855713252,20,0,0,1,1,1,VIT_880,train,best.pt,,,,,,,
0.45,0.855713252,20,0,0,1,1,1,VIT_880,train,best.pt,,,,,,,
0.5,0.855713252,20,0,0,1,1,1,VIT_880,train,best.pt,,,,,,,
0.2,0.836435265,20,0,0,1,1,1,VIT_881,train,best.pt,,,,,,,
0.25,0.836435265,20,0,0,1,1,1,VIT_881,train,best.pt,,,,,,,
0.3,0.836435265,20,0,0,1,1,1,VIT_881,train,best.pt,,,,,,,
0.35,0.836435265,20,0,0,1,1,1,VIT_881,train,best.pt,,,,,,,
0.4,0.836435265,20,0,0,1,1,1,VIT_881,train,best.pt,,,,,,,
0.45,0.836435265,20,0,0,1,1,1,VIT_881,train,best.pt,,,,,,,
0.5,0.836435265,20,0,0,1,1,1,VIT_881,train,best.pt,,,,,,,
0.2,0.795458477,20,0,0,1,1,1,VIT_884,train,best.pt,,,,,,,
0.25,0.795458477,20,0,0,1,1,1,VIT_884,train,best.pt,,,,,,,
0.3,0.795458477,20,0,0,1,1,1,VIT_884,train,best.pt,,,,,,,
0.35,0.795458477,20,0,0,1,1,1,VIT_884,train,best.pt,,,,,,,
0.4,0.795458477,20,0,0,1,1,1,VIT_884,train,best.pt,,,,,,,
0.45,0.795458477,20,0,0,1,1,1,VIT_884,train,best.pt,,,,,,,
0.5,0.795458477,20,0,0,1,1,1,VIT_884,train,best.pt,,,,,,,
0.2,0.76623427,20,0,0,1,1,1,VIT_885,train,best.pt,,,,,,,
0.25,0.76623427,20,0,0,1,1,1,VIT_885,train,best.pt,,,,,,,
0.3,0.76623427,20,0,0,1,1,1,VIT_885,train,best.pt,,,,,,,
0.35,0.76623427,20,0,0,1,1,1,VIT_885,train,best.pt,,,,,,,
0.4,0.76623427,20,0,0,1,1,1,VIT_885,train,best.pt,,,,,,,
0.45,0.76623427,20,0,0,1,1,1,VIT_885,train,best.pt,,,,,,,
0.5,0.76623427,20,0,0,1,1,1,VIT_885,train,best.pt,,,,,,,
0.2,0.813528733,20,0,0,1,1,1,VIT_886,train,best.pt,,,,,,,
0.25,0.813528733,20,0,0,1,1,1,VIT_886,train,best.pt,,,,,,,
0.3,0.813528733,20,0,0,1,1,1,VIT_886,train,best.pt,,,,,,,
0.35,0.813528733,20,0,0,1,1,1,VIT_886,train,best.pt,,,,,,,
0.4,0.813528733,20,0,0,1,1,1,VIT_886,train,best.pt,,,,,,,
0.45,0.813528733,20,0,0,1,1,1,VIT_886,train,best.pt,,,,,,,
0.5,0.813528733,20,0,0,1,1,1,VIT_886,train,best.pt,,,,,,,
0.2,0.812275249,21,0,0,1,1,1,VIT_887,train,best.pt,,,,,,,
0.25,0.812275249,21,0,0,1,1,1,VIT_887,train,best.pt,,,,,,,
0.3,0.812275249,21,0,0,1,1,1,VIT_887,train,best.pt,,,,,,,
0.35,0.812275249,21,0,0,1,1,1,VIT_887,train,best.pt,,,,,,,
0.4,0.812275249,21,0,0,1,1,1,VIT_887,train,best.pt,,,,,,,
0.45,0.812275249,21,0,0,1,1,1,VIT_887,train,best.pt,,,,,,,
0.5,0.812275249,21,0,0,1,1,1,VIT_887,train,best.pt,,,,,,,
0.2,0.802466318,20,0,0,1,1,1,VIT_888,train,best.pt,,,,,,,
0.25,0.802466318,20,0,0,1,1,1,VIT_888,train,best.pt,,,,,,,
0.3,0.802466318,20,0,0,1,1,1,VIT_888,train,best.pt,,,,,,,
0.35,0.802466318,20,0,0,1,1,1,VIT_888,train,best.pt,,,,,,,
0.4,0.802466318,20,0,0,1,1,1,VIT_888,train,best.pt,,,,,,,
0.45,0.802466318,20,0,0,1,1,1,VIT_888,train,best.pt,,,,,,,
0.5,0.802466318,20,0,0,1,1,1,VIT_888,train,best.pt,,,,,,,
0.2,0.821687004,20,0,0,1,1,1,VIT_889,train,best.pt,,,,,,,
0.25,0.821687004,20,0,0,1,1,1,VIT_889,train,best.pt,,,,,,,
0.3,0.821687004,20,0,0,1,1,1,VIT_889,train,best.pt,,,,,,,
0.35,0.821687004,20,0,0,1,1,1,VIT_889,train,best.pt,,,,,,,
0.4,0.821687004,20,0,0,1,1,1,VIT_889,train,best.pt,,,,,,,
0.45,0.821687004,20,0,0,1,1,1,VIT_889,train,best.pt,,,,,,,
0.5,0.821687004,20,0,0,1,1,1,VIT_889,train,best.pt,,,,,,,
0.2,0.724694674,19,0,1,1,0.95,0.97,VIT_890,train,best.pt,,,,,,,
0.25,0.724694674,19,0,1,1,0.95,0.97,VIT_890,train,best.pt,,,,,,,
0.3,0.724694674,19,0,1,1,0.95,0.97,VIT_890,train,best.pt,,,,,,,
0.35,0.724694674,19,0,1,1,0.95,0.97,VIT_890,train,best.pt,,,,,,,
0.4,0.724694674,19,0,1,1,0.95,0.97,VIT_890,train,best.pt,,,,,,,
0.45,0.724694674,19,0,1,1,0.95,0.97,VIT_890,train,best.pt,,,,,,,
0.5,0.724694674,19,0,1,1,0.95,0.97,VIT_890,train,best.pt,,,,,,,
0.2,0.809935098,20,0,0,1,1,1,VIT_891,train,best.pt,,,,,,,
0.25,0.809935098,20,0,0,1,1,1,VIT_891,train,best.pt,,,,,,,
0.3,0.809935098,20,0,0,1,1,1,VIT_891,train,best.pt,,,,,,,
0.35,0.809935098,20,0,0,1,1,1,VIT_891,train,best.pt,,,,,,,
0.4,0.809935098,20,0,0,1,1,1,VIT_891,train,best.pt,,,,,,,
0.45,0.809935098,20,0,0,1,1,1,VIT_891,train,best.pt,,,,,,,
0.5,0.809935098,20,0,0,1,1,1,VIT_891,train,best.pt,,,,,,,
0.2,0.784862381,20,0,0,1,1,1,VIT_892,train,best.pt,,,,,,,
0.25,0.784862381,20,0,0,1,1,1,VIT_892,train,best.pt,,,,,,,
0.3,0.784862381,20,0,0,1,1,1,VIT_892,train,best.pt,,,,,,,
0.35,0.784862381,20,0,0,1,1,1,VIT_892,train,best.pt,,,,,,,
0.4,0.784862381,20,0,0,1,1,1,VIT_892,train,best.pt,,,,,,,
0.45,0.784862381,20,0,0,1,1,1,VIT_892,train,best.pt,,,,,,,
0.5,0.784862381,20,0,0,1,1,1,VIT_892,train,best.pt,,,,,,,
0.2,0.783771328,20,0,0,1,1,1,VIT_893,train,best.pt,,,,,,,
0.25,0.783771328,20,0,0,1,1,1,VIT_893,train,best.pt,,,,,,,
0.3,0.783771328,20,0,0,1,1,1,VIT_893,train,best.pt,,,,,,,
0.35,0.783771328,20,0,0,1,1,1,VIT_893,train,best.pt,,,,,,,
0.4,0.783771328,20,0,0,1,1,1,VIT_893,train,best.pt,,,,,,,
0.45,0.783771328,20,0,0,1,1,1,VIT_893,train,best.pt,,,,,,,
0.5,0.783771328,20,0,0,1,1,1,VIT_893,train,best.pt,,,,,,,
0.2,0.832514606,20,0,0,1,1,1,VIT_896,train,best.pt,,,,,,,
0.25,0.832514606,20,0,0,1,1,1,VIT_896,train,best.pt,,,,,,,
0.3,0.832514606,20,0,0,1,1,1,VIT_896,train,best.pt,,,,,,,
0.35,0.832514606,20,0,0,1,1,1,VIT_896,train,best.pt,,,,,,,
0.4,0.832514606,20,0,0,1,1,1,VIT_896,train,best.pt,,,,,,,
0.45,0.832514606,20,0,0,1,1,1,VIT_896,train,best.pt,,,,,,,
0.5,0.832514606,20,0,0,1,1,1,VIT_896,train,best.pt,,,,,,,
0.2,0.794443674,20,0,0,1,1,1,VIT_897,train,best.pt,,,,,,,
0.25,0.794443674,20,0,0,1,1,1,VIT_897,train,best.pt,,,,,,,
0.3,0.794443674,20,0,0,1,1,1,VIT_897,train,best.pt,,,,,,,
0.35,0.794443674,20,0,0,1,1,1,VIT_897,train,best.pt,,,,,,,
0.4,0.794443674,20,0,0,1,1,1,VIT_897,train,best.pt,,,,,,,
0.45,0.794443674,20,0,0,1,1,1,VIT_897,train,best.pt,,,,,,,
0.5,0.794443674,20,0,0,1,1,1,VIT_897,train,best.pt,,,,,,,
0.2,0.863446872,20,0,0,1,1,1,VIT_898,train,best.pt,,,,,,,
0.25,0.863446872,20,0,0,1,1,1,VIT_898,train,best.pt,,,,,,,
0.3,0.863446872,20,0,0,1,1,1,VIT_898,train,best.pt,,,,,,,
0.35,0.863446872,20,0,0,1,1,1,VIT_898,train,best.pt,,,,,,,
0.4,0.863446872,20,0,0,1,1,1,VIT_898,train,best.pt,,,,,,,
0.45,0.863446872,20,0,0,1,1,1,VIT_898,train,best.pt,,,,,,,
0.5,0.863446872,20,0,0,1,1,1,VIT_898,train,best.pt,,,,,,,
0.2,0.851523489,20,0,0,1,1,1,VIT_899,train,best.pt,,,,,,,
0.25,0.851523489,20,0,0,1,1,1,VIT_899,train,best.pt,,,,,,,
0.3,0.851523489,20,0,0,1,1,1,VIT_899,train,best.pt,,,,,,,
0.35,0.851523489,20,0,0,1,1,1,VIT_899,train,best.pt,,,,,,,
0.4,0.851523489,20,0,0,1,1,1,VIT_899,train,best.pt,,,,,,,
0.45,0.851523489,20,0,0,1,1,1,VIT_899,train,best.pt,,,,,,,
0.5,0.851523489,20,0,0,1,1,1,VIT_899,train,best.pt,,,,,,,
0.2,0.847068325,20,0,0,1,1,1,VIT_900,train,best.pt,,,,,,,
0.25,0.847068325,20,0,0,1,1,1,VIT_900,train,best.pt,,,,,,,
0.3,0.847068325,20,0,0,1,1,1,VIT_900,train,best.pt,,,,,,,
0.35,0.847068325,20,0,0,1,1,1,VIT_900,train,best.pt,,,,,,,
0.4,0.847068325,20,0,0,1,1,1,VIT_900,train,best.pt,,,,,,,
0.45,0.847068325,20,0,0,1,1,1,VIT_900,train,best.pt,,,,,,,
0.5,0.847068325,20,0,0,1,1,1,VIT_900,train,best.pt,,,,,,,
0.2,0.826609303,20,0,0,1,1,1,VIT_901,train,best.pt,,,,,,,
0.25,0.826609303,20,0,0,1,1,1,VIT_901,train,best.pt,,,,,,,
0.3,0.826609303,20,0,0,1,1,1,VIT_901,train,best.pt,,,,,,,
0.35,0.826609303,20,0,0,1,1,1,VIT_901,train,best.pt,,,,,,,
0.4,0.826609303,20,0,0,1,1,1,VIT_901,train,best.pt,,,,,,,
0.45,0.826609303,20,0,0,1,1,1,VIT_901,train,best.pt,,,,,,,
0.5,0.826609303,20,0,0,1,1,1,VIT_901,train,best.pt,,,,,,,
0.2,0.777879224,20,0,0,1,1,1,VIT_903,train,best.pt,,,,,,,
0.25,0.777879224,20,0,0,1,1,1,VIT_903,train,best.pt,,,,,,,
0.3,0.777879224,20,0,0,1,1,1,VIT_903,train,best.pt,,,,,,,
0.35,0.777879224,20,0,0,1,1,1,VIT_903,train,best.pt,,,,,,,
0.4,0.777879224,20,0,0,1,1,1,VIT_903,train,best.pt,,,,,,,
0.45,0.777879224,20,0,0,1,1,1,VIT_903,train,best.pt,,,,,,,
0.5,0.777879224,20,0,0,1,1,1,VIT_903,train,best.pt,,,,,,,
0.2,0.864950152,20,0,0,1,1,1,VIT_904,train,best.pt,,,,,,,
0.25,0.864950152,20,0,0,1,1,1,VIT_904,train,best.pt,,,,,,,
0.3,0.864950152,20,0,0,1,1,1,VIT_904,train,best.pt,,,,,,,
0.35,0.864950152,20,0,0,1,1,1,VIT_904,train,best.pt,,,,,,,
0.4,0.864950152,20,0,0,1,1,1,VIT_904,train,best.pt,,,,,,,
0.45,0.864950152,20,0,0,1,1,1,VIT_904,train,best.pt,,,,,,,
0.5,0.864950152,20,0,0,1,1,1,VIT_904,train,best.pt,,,,,,,
0.2,0.840768162,21,0,0,1,1,1,VIT_905,train,best.pt,,,,,,,
0.25,0.840768162,21,0,0,1,1,1,VIT_905,train,best.pt,,,,,,,
0.3,0.840768162,21,0,0,1,1,1,VIT_905,train,best.pt,,,,,,,
0.35,0.840768162,21,0,0,1,1,1,VIT_905,train,best.pt,,,,,,,
0.4,0.840768162,21,0,0,1,1,1,VIT_905,train,best.pt,,,,,,,
0.45,0.840768162,21,0,0,1,1,1,VIT_905,train,best.pt,,,,,,,
0.5,0.840768162,21,0,0,1,1,1,VIT_905,train,best.pt,,,,,,,
0.2,0.749539465,21,0,0,1,1,1,VIT_907,train,best.pt,,,,,,,
0.25,0.749539465,21,0,0,1,1,1,VIT_907,train,best.pt,,,,,,,
0.3,0.749539465,21,0,0,1,1,1,VIT_907,train,best.pt,,,,,,,
0.35,0.749539465,21,0,0,1,1,1,VIT_907,train,best.pt,,,,,,,
0.4,0.749539465,21,0,0,1,1,1,VIT_907,train,best.pt,,,,,,,
0.45,0.749539465,21,0,0,1,1,1,VIT_907,train,best.pt,,,,,,,
0.5,0.749539465,21,0,0,1,1,1,VIT_907,train,best.pt,,,,,,,
0.2,0.815824931,21,0,0,1,1,1,VIT_908,train,best.pt,,,,,,,
0.25,0.815824931,21,0,0,1,1,1,VIT_908,train,best.pt,,,,,,,
0.3,0.815824931,21,0,0,1,1,1,VIT_908,train,best.pt,,,,,,,
0.35,0.815824931,21,0,0,1,1,1,VIT_908,train,best.pt,,,,,,,
0.4,0.815824931,21,0,0,1,1,1,VIT_908,train,best.pt,,,,,,,
0.45,0.815824931,21,0,0,1,1,1,VIT_908,train,best.pt,,,,,,,
0.5,0.815824931,21,0,0,1,1,1,VIT_908,train,best.pt,,,,,,,
0.2,0.777440278,19,0,0,1,1,1,VIT_909,train,best.pt,,,,,,,
0.25,0.777440278,19,0,0,1,1,1,VIT_909,train,best.pt,,,,,,,
0.3,0.777440278,19,0,0,1,1,1,VIT_909,train,best.pt,,,,,,,
0.35,0.777440278,19,0,0,1,1,1,VIT_909,train,best.pt,,,,,,,
0.4,0.777440278,19,0,0,1,1,1,VIT_909,train,best.pt,,,,,,,
0.45,0.777440278,19,0,0,1,1,1,VIT_909,train,best.pt,,,,,,,
0.5,0.777440278,19,0,0,1,1,1,VIT_909,train,best.pt,,,,,,,
0.2,0.809000468,20,0,0,1,1,1,VIT_910,train,best.pt,,,,,,,
0.25,0.809000468,20,0,0,1,1,1,VIT_910,train,best.pt,,,,,,,
0.3,0.809000468,20,0,0,1,1,1,VIT_910,train,best.pt,,,,,,,
0.35,0.809000468,20,0,0,1,1,1,VIT_910,train,best.pt,,,,,,,
0.4,0.809000468,20,0,0,1,1,1,VIT_910,train,best.pt,,,,,,,
0.45,0.809000468,20,0,0,1,1,1,VIT_910,train,best.pt,,,,,,,
0.5,0.809000468,20,0,0,1,1,1,VIT_910,train,best.pt,,,,,,,
0.2,0.750140167,20,0,0,1,1,1,VIT_911,train,best.pt,,,,,,,
0.25,0.750140167,20,0,0,1,1,1,VIT_911,train,best.pt,,,,,,,
0.3,0.750140167,20,0,0,1,1,1,VIT_911,train,best.pt,,,,,,,
0.35,0.750140167,20,0,0,1,1,1,VIT_911,train,best.pt,,,,,,,
0.4,0.750140167,20,0,0,1,1,1,VIT_911,train,best.pt,,,,,,,
0.45,0.750140167,20,0,0,1,1,1,VIT_911,train,best.pt,,,,,,,
0.5,0.750140167,20,0,0,1,1,1,VIT_911,train,best.pt,,,,,,,
0.2,0.750662065,20,0,0,1,1,1,VIT_912,train,best.pt,,,,,,,
0.25,0.750662065,20,0,0,1,1,1,VIT_912,train,best.pt,,,,,,,
0.3,0.750662065,20,0,0,1,1,1,VIT_912,train,best.pt,,,,,,,
0.35,0.750662065,20,0,0,1,1,1,VIT_912,train,best.pt,,,,,,,
0.4,0.750662065,20,0,0,1,1,1,VIT_912,train,best.pt,,,,,,,
0.45,0.750662065,20,0,0,1,1,1,VIT_912,train,best.pt,,,,,,,
0.5,0.750662065,20,0,0,1,1,1,VIT_912,train,best.pt,,,,,,,
0.2,0.80067435,20,0,0,1,1,1,VIT_913,train,best.pt,,,,,,,
0.25,0.80067435,20,0,0,1,1,1,VIT_913,train,best.pt,,,,,,,
0.3,0.80067435,20,0,0,1,1,1,VIT_913,train,best.pt,,,,,,,
0.35,0.80067435,20,0,0,1,1,1,VIT_913,train,best.pt,,,,,,,
0.4,0.80067435,20,0,0,1,1,1,VIT_913,train,best.pt,,,,,,,
0.45,0.80067435,20,0,0,1,1,1,VIT_913,train,best.pt,,,,,,,
0.5,0.80067435,20,0,0,1,1,1,VIT_913,train,best.pt,,,,,,,
0.2,0.790422593,21,0,0,1,1,1,VIT_916,train,best.pt,,,,,,,
0.25,0.790422593,21,0,0,1,1,1,VIT_916,train,best.pt,,,,,,,
0.3,0.790422593,21,0,0,1,1,1,VIT_916,train,best.pt,,,,,,,
0.35,0.790422593,21,0,0,1,1,1,VIT_916,train,best.pt,,,,,,,
0.4,0.790422593,21,0,0,1,1,1,VIT_916,train,best.pt,,,,,,,
0.45,0.790422593,21,0,0,1,1,1,VIT_916,train,best.pt,,,,,,,
0.5,0.790422593,21,0,0,1,1,1,VIT_916,train,best.pt,,,,,,,
0.2,0.768417069,20,0,0,1,1,1,VIT_917,train,best.pt,,,,,,,
0.25,0.768417069,20,0,0,1,1,1,VIT_917,train,best.pt,,,,,,,
0.3,0.768417069,20,0,0,1,1,1,VIT_917,train,best.pt,,,,,,,
0.35,0.768417069,20,0,0,1,1,1,VIT_917,train,best.pt,,,,,,,
0.4,0.768417069,20,0,0,1,1,1,VIT_917,train,best.pt,,,,,,,
0.45,0.768417069,20,0,0,1,1,1,VIT_917,train,best.pt,,,,,,,
0.5,0.768417069,20,0,0,1,1,1,VIT_917,train,best.pt,,,,,,,
0.2,0.827563446,20,0,0,1,1,1,VIT_918,train,best.pt,,,,,,,
0.25,0.827563446,20,0,0,1,1,1,VIT_918,train,best.pt,,,,,,,
0.3,0.827563446,20,0,0,1,1,1,VIT_918,train,best.pt,,,,,,,
0.35,0.827563446,20,0,0,1,1,1,VIT_918,train,best.pt,,,,,,,
0.4,0.827563446,20,0,0,1,1,1,VIT_918,train,best.pt,,,,,,,
0.45,0.827563446,20,0,0,1,1,1,VIT_918,train,best.pt,,,,,,,
0.5,0.827563446,20,0,0,1,1,1,VIT_918,train,best.pt,,,,,,,
0.2,0.779464989,21,0,0,1,1,1,VIT_919,train,best.pt,,,,,,,
0.25,0.779464989,21,0,0,1,1,1,VIT_919,train,best.pt,,,,,,,
0.3,0.779464989,21,0,0,1,1,1,VIT_919,train,best.pt,,,,,,,
0.35,0.779464989,21,0,0,1,1,1,VIT_919,train,best.pt,,,,,,,
0.4,0.779464989,21,0,0,1,1,1,VIT_919,train,best.pt,,,,,,,
0.45,0.779464989,21,0,0,1,1,1,VIT_919,train,best.pt,,,,,,,
0.5,0.779464989,21,0,0,1,1,1,VIT_919,train,best.pt,,,,,,,
0.2,0.798274983,20,0,0,1,1,1,VIT_920,train,best.pt,,,,,,,
0.25,0.798274983,20,0,0,1,1,1,VIT_920,train,best.pt,,,,,,,
0.3,0.798274983,20,0,0,1,1,1,VIT_920,train,best.pt,,,,,,,
0.35,0.798274983,20,0,0,1,1,1,VIT_920,train,best.pt,,,,,,,
0.4,0.798274983,20,0,0,1,1,1,VIT_920,train,best.pt,,,,,,,
0.45,0.798274983,20,0,0,1,1,1,VIT_920,train,best.pt,,,,,,,
0.5,0.798274983,20,0,0,1,1,1,VIT_920,train,best.pt,,,,,,,
0.2,0.814719327,20,0,0,1,1,1,VIT_923,train,best.pt,,,,,,,
0.25,0.814719327,20,0,0,1,1,1,VIT_923,train,best.pt,,,,,,,
0.3,0.814719327,20,0,0,1,1,1,VIT_923,train,best.pt,,,,,,,
0.35,0.814719327,20,0,0,1,1,1,VIT_923,train,best.pt,,,,,,,
0.4,0.814719327,20,0,0,1,1,1,VIT_923,train,best.pt,,,,,,,
0.45,0.814719327,20,0,0,1,1,1,VIT_923,train,best.pt,,,,,,,
0.5,0.814719327,20,0,0,1,1,1,VIT_923,train,best.pt,,,,,,,
0.2,0.762206798,20,0,0,1,1,1,VIT_925,train,best.pt,,,,,,,
0.25,0.762206798,20,0,0,1,1,1,VIT_925,train,best.pt,,,,,,,
0.3,0.762206798,20,0,0,1,1,1,VIT_925,train,best.pt,,,,,,,
0.35,0.762206798,20,0,0,1,1,1,VIT_925,train,best.pt,,,,,,,
0.4,0.762206798,20,0,0,1,1,1,VIT_925,train,best.pt,,,,,,,
0.45,0.762206798,20,0,0,1,1,1,VIT_925,train,best.pt,,,,,,,
0.5,0.762206798,20,0,0,1,1,1,VIT_925,train,best.pt,,,,,,,
0.2,0.832204747,20,0,0,1,1,1,VIT_926,train,best.pt,,,,,,,
0.25,0.832204747,20,0,0,1,1,1,VIT_926,train,best.pt,,,,,,,
0.3,0.832204747,20,0,0,1,1,1,VIT_926,train,best.pt,,,,,,,
0.35,0.832204747,20,0,0,1,1,1,VIT_926,train,best.pt,,,,,,,
0.4,0.832204747,20,0,0,1,1,1,VIT_926,train,best.pt,,,,,,,
0.45,0.832204747,20,0,0,1,1,1,VIT_926,train,best.pt,,,,,,,
0.5,0.832204747,20,0,0,1,1,1,VIT_926,train,best.pt,,,,,,,
0.2,0.780760019,19,0,0,1,1,1,VIT_928,train,best.pt,,,,,,,
0.25,0.780760019,19,0,0,1,1,1,VIT_928,train,best.pt,,,,,,,
0.3,0.780760019,19,0,0,1,1,1,VIT_928,train,best.pt,,,,,,,
0.35,0.780760019,19,0,0,1,1,1,VIT_928,train,best.pt,,,,,,,
0.4,0.780760019,19,0,0,1,1,1,VIT_928,train,best.pt,,,,,,,
0.45,0.780760019,19,0,0,1,1,1,VIT_928,train,best.pt,,,,,,,
0.5,0.780760019,19,0,0,1,1,1,VIT_928,train,best.pt,,,,,,,
0.2,0.834607689,19,0,0,1,1,1,VIT_929,train,best.pt,,,,,,,
0.25,0.834607689,19,0,0,1,1,1,VIT_929,train,best.pt,,,,,,,
0.3,0.834607689,19,0,0,1,1,1,VIT_929,train,best.pt,,,,,,,
0.35,0.834607689,19,0,0,1,1,1,VIT_929,train,best.pt,,,,,,,
0.4,0.834607689,19,0,0,1,1,1,VIT_929,train,best.pt,,,,,,,
0.45,0.834607689,19,0,0,1,1,1,VIT_929,train,best.pt,,,,,,,
0.5,0.834607689,19,0,0,1,1,1,VIT_929,train,best.pt,,,,,,,
0.2,0.802581351,20,0,0,1,1,1,VIT_930,train,best.pt,,,,,,,
0.25,0.802581351,20,0,0,1,1,1,VIT_930,train,best.pt,,,,,,,
0.3,0.802581351,20,0,0,1,1,1,VIT_930,train,best.pt,,,,,,,
0.35,0.802581351,20,0,0,1,1,1,VIT_930,train,best.pt,,,,,,,
0.4,0.802581351,20,0,0,1,1,1,VIT_930,train,best.pt,,,,,,,
0.45,0.802581351,20,0,0,1,1,1,VIT_930,train,best.pt,,,,,,,
0.5,0.802581351,20,0,0,1,1,1,VIT_930,train,best.pt,,,,,,,
0.2,0.842357865,20,0,0,1,1,1,VIT_931,train,best.pt,,,,,,,
0.25,0.842357865,20,0,0,1,1,1,VIT_931,train,best.pt,,,,,,,
0.3,0.842357865,20,0,0,1,1,1,VIT_931,train,best.pt,,,,,,,
0.35,0.842357865,20,0,0,1,1,1,VIT_931,train,best.pt,,,,,,,
0.4,0.842357865,20,0,0,1,1,1,VIT_931,train,best.pt,,,,,,,
0.45,0.842357865,20,0,0,1,1,1,VIT_931,train,best.pt,,,,,,,
0.5,0.842357865,20,0,0,1,1,1,VIT_931,train,best.pt,,,,,,,
0.2,0.808685775,20,0,0,1,1,1,VIT_932,train,best.pt,,,,,,,
0.25,0.808685775,20,0,0,1,1,1,VIT_932,train,best.pt,,,,,,,
0.3,0.808685775,20,0,0,1,1,1,VIT_932,train,best.pt,,,,,,,
0.35,0.808685775,20,0,0,1,1,1,VIT_932,train,best.pt,,,,,,,
0.4,0.808685775,20,0,0,1,1,1,VIT_932,train,best.pt,,,,,,,
0.45,0.808685775,20,0,0,1,1,1,VIT_932,train,best.pt,,,,,,,
0.5,0.808685775,20,0,0,1,1,1,VIT_932,train,best.pt,,,,,,,
0.2,0.823130228,20,0,0,1,1,1,VIT_933,train,best.pt,,,,,,,
0.25,0.823130228,20,0,0,1,1,1,VIT_933,train,best.pt,,,,,,,
0.3,0.823130228,20,0,0,1,1,1,VIT_933,train,best.pt,,,,,,,
0.35,0.823130228,20,0,0,1,1,1,VIT_933,train,best.pt,,,,,,,
0.4,0.823130228,20,0,0,1,1,1,VIT_933,train,best.pt,,,,,,,
0.45,0.823130228,20,0,0,1,1,1,VIT_933,train,best.pt,,,,,,,
0.5,0.823130228,20,0,0,1,1,1,VIT_933,train,best.pt,,,,,,,
0.2,0.829807786,20,0,0,1,1,1,VIT_934,train,best.pt,,,,,,,
0.25,0.829807786,20,0,0,1,1,1,VIT_934,train,best.pt,,,,,,,
0.3,0.829807786,20,0,0,1,1,1,VIT_934,train,best.pt,,,,,,,
0.35,0.829807786,20,0,0,1,1,1,VIT_934,train,best.pt,,,,,,,
0.4,0.829807786,20,0,0,1,1,1,VIT_934,train,best.pt,,,,,,,
0.45,0.829807786,20,0,0,1,1,1,VIT_934,train,best.pt,,,,,,,
0.5,0.829807786,20,0,0,1,1,1,VIT_934,train,best.pt,,,,,,,
0.2,0.790194143,20,0,0,1,1,1,VIT_935,train,best.pt,,,,,,,
0.25,0.790194143,20,0,0,1,1,1,VIT_935,train,best.pt,,,,,,,
0.3,0.790194143,20,0,0,1,1,1,VIT_935,train,best.pt,,,,,,,
0.35,0.790194143,20,0,0,1,1,1,VIT_935,train,best.pt,,,,,,,
0.4,0.790194143,20,0,0,1,1,1,VIT_935,train,best.pt,,,,,,,
0.45,0.790194143,20,0,0,1,1,1,VIT_935,train,best.pt,,,,,,,
0.5,0.790194143,20,0,0,1,1,1,VIT_935,train,best.pt,,,,,,,
0.2,0.805936925,16,0,0,1,1,1,VIT_936,train,best.pt,,,,,,,
0.25,0.805936925,16,0,0,1,1,1,VIT_936,train,best.pt,,,,,,,
0.3,0.805936925,16,0,0,1,1,1,VIT_936,train,best.pt,,,,,,,
0.35,0.805936925,16,0,0,1,1,1,VIT_936,train,best.pt,,,,,,,
0.4,0.805936925,16,0,0,1,1,1,VIT_936,train,best.pt,,,,,,,
0.45,0.805936925,16,0,0,1,1,1,VIT_936,train,best.pt,,,,,,,
0.5,0.805936925,16,0,0,1,1,1,VIT_936,train,best.pt,,,,,,,
0.2,0.77896074,19,0,0,1,1,1,VIT_937,train,best.pt,,,,,,,
0.25,0.77896074,19,0,0,1,1,1,VIT_937,train,best.pt,,,,,,,
0.3,0.77896074,19,0,0,1,1,1,VIT_937,train,best.pt,,,,,,,
0.35,0.77896074,19,0,0,1,1,1,VIT_937,train,best.pt,,,,,,,
0.4,0.77896074,19,0,0,1,1,1,VIT_937,train,best.pt,,,,,,,
0.45,0.77896074,19,0,0,1,1,1,VIT_937,train,best.pt,,,,,,,
0.5,0.77896074,19,0,0,1,1,1,VIT_937,train,best.pt,,,,,,,
0.2,0.784251656,20,0,0,1,1,1,VIT_940,train,best.pt,,,,,,,
0.25,0.784251656,20,0,0,1,1,1,VIT_940,train,best.pt,,,,,,,
0.3,0.784251656,20,0,0,1,1,1,VIT_940,train,best.pt,,,,,,,
0.35,0.784251656,20,0,0,1,1,1,VIT_940,train,best.pt,,,,,,,
0.4,0.784251656,20,0,0,1,1,1,VIT_940,train,best.pt,,,,,,,
0.45,0.784251656,20,0,0,1,1,1,VIT_940,train,best.pt,,,,,,,
0.5,0.784251656,20,0,0,1,1,1,VIT_940,train,best.pt,,,,,,,
0.2,0.825473473,20,0,0,1,1,1,VIT_941,train,best.pt,,,,,,,
0.25,0.825473473,20,0,0,1,1,1,VIT_941,train,best.pt,,,,,,,
0.3,0.825473473,20,0,0,1,1,1,VIT_941,train,best.pt,,,,,,,
0.35,0.825473473,20,0,0,1,1,1,VIT_941,train,best.pt,,,,,,,
0.4,0.825473473,20,0,0,1,1,1,VIT_941,train,best.pt,,,,,,,
0.45,0.825473473,20,0,0,1,1,1,VIT_941,train,best.pt,,,,,,,
0.5,0.825473473,20,0,0,1,1,1,VIT_941,train,best.pt,,,,,,,
0.2,0.788301185,20,0,0,1,1,1,VIT_944,train,best.pt,,,,,,,
0.25,0.788301185,20,0,0,1,1,1,VIT_944,train,best.pt,,,,,,,
0.3,0.788301185,20,0,0,1,1,1,VIT_944,train,best.pt,,,,,,,
0.35,0.788301185,20,0,0,1,1,1,VIT_944,train,best.pt,,,,,,,
0.4,0.788301185,20,0,0,1,1,1,VIT_944,train,best.pt,,,,,,,
0.45,0.788301185,20,0,0,1,1,1,VIT_944,train,best.pt,,,,,,,
0.5,0.788301185,20,0,0,1,1,1,VIT_944,train,best.pt,,,,,,,
0.2,0.80906481,20,0,0,1,1,1,VIT_948,train,best.pt,,,,,,,
0.25,0.80906481,20,0,0,1,1,1,VIT_948,train,best.pt,,,,,,,
0.3,0.80906481,20,0,0,1,1,1,VIT_948,train,best.pt,,,,,,,
0.35,0.80906481,20,0,0,1,1,1,VIT_948,train,best.pt,,,,,,,
0.4,0.80906481,20,0,0,1,1,1,VIT_948,train,best.pt,,,,,,,
0.45,0.80906481,20,0,0,1,1,1,VIT_948,train,best.pt,,,,,,,
0.5,0.80906481,20,0,0,1,1,1,VIT_948,train,best.pt,,,,,,,
0.2,0.779389657,20,0,0,1,1,1,VIT_950,train,best.pt,,,,,,,
0.25,0.779389657,20,0,0,1,1,1,VIT_950,train,best.pt,,,,,,,
0.3,0.779389657,20,0,0,1,1,1,VIT_950,train,best.pt,,,,,,,
0.35,0.779389657,20,0,0,1,1,1,VIT_950,train,best.pt,,,,,,,
0.4,0.779389657,20,0,0,1,1,1,VIT_950,train,best.pt,,,,,,,
0.45,0.779389657,20,0,0,1,1,1,VIT_950,train,best.pt,,,,,,,
0.5,0.779389657,20,0,0,1,1,1,VIT_950,train,best.pt,,,,,,,
0.2,0.794933195,21,0,0,1,1,1,VIT_951,train,best.pt,,,,,,,
0.25,0.794933195,21,0,0,1,1,1,VIT_951,train,best.pt,,,,,,,
0.3,0.794933195,21,0,0,1,1,1,VIT_951,train,best.pt,,,,,,,
0.35,0.794933195,21,0,0,1,1,1,VIT_951,train,best.pt,,,,,,,
0.4,0.794933195,21,0,0,1,1,1,VIT_951,train,best.pt,,,,,,,
0.45,0.794933195,21,0,0,1,1,1,VIT_951,train,best.pt,,,,,,,
0.5,0.794933195,21,0,0,1,1,1,VIT_951,train,best.pt,,,,,,,
0.2,0.784416675,18,0,0,1,1,1,VIT_953,train,best.pt,,,,,,,
0.25,0.784416675,18,0,0,1,1,1,VIT_953,train,best.pt,,,,,,,
0.3,0.784416675,18,0,0,1,1,1,VIT_953,train,best.pt,,,,,,,
0.35,0.784416675,18,0,0,1,1,1,VIT_953,train,best.pt,,,,,,,
0.4,0.784416675,18,0,0,1,1,1,VIT_953,train,best.pt,,,,,,,
0.45,0.784416675,18,0,0,1,1,1,VIT_953,train,best.pt,,,,,,,
0.5,0.784416675,18,0,0,1,1,1,VIT_953,train,best.pt,,,,,,,
0.2,0.785402859,20,0,0,1,1,1,VIT_954,train,best.pt,,,,,,,
0.25,0.785402859,20,0,0,1,1,1,VIT_954,train,best.pt,,,,,,,
0.3,0.785402859,20,0,0,1,1,1,VIT_954,train,best.pt,,,,,,,
0.35,0.785402859,20,0,0,1,1,1,VIT_954,train,best.pt,,,,,,,
0.4,0.785402859,20,0,0,1,1,1,VIT_954,train,best.pt,,,,,,,
0.45,0.748002724,19,1,1,0.95,0.95,0.95,VIT_954,train,best.pt,,,,,,,
0.5,0.748002724,19,1,1,0.95,0.95,0.95,VIT_954,train,best.pt,,,,,,,
0.2,0.767960604,20,0,0,1,1,1,VIT_955,train,best.pt,,,,,,,
0.25,0.767960604,20,0,0,1,1,1,VIT_955,train,best.pt,,,,,,,
0.3,0.767960604,20,0,0,1,1,1,VIT_955,train,best.pt,,,,,,,
0.35,0.767960604,20,0,0,1,1,1,VIT_955,train,best.pt,,,,,,,
0.4,0.767960604,20,0,0,1,1,1,VIT_955,train,best.pt,,,,,,,
0.45,0.767960604,20,0,0,1,1,1,VIT_955,train,best.pt,,,,,,,
0.5,0.767960604,20,0,0,1,1,1,VIT_955,train,best.pt,,,,,,,
0.2,0.810307854,20,0,0,1,1,1,VIT_958,train,best.pt,,,,,,,
0.25,0.810307854,20,0,0,1,1,1,VIT_958,train,best.pt,,,,,,,
0.3,0.810307854,20,0,0,1,1,1,VIT_958,train,best.pt,,,,,,,
0.35,0.810307854,20,0,0,1,1,1,VIT_958,train,best.pt,,,,,,,
0.4,0.810307854,20,0,0,1,1,1,VIT_958,train,best.pt,,,,,,,
0.45,0.810307854,20,0,0,1,1,1,VIT_958,train,best.pt,,,,,,,
0.5,0.810307854,20,0,0,1,1,1,VIT_958,train,best.pt,,,,,,,
0.2,0.814832767,20,0,0,1,1,1,VIT_959,train,best.pt,,,,,,,
0.25,0.814832767,20,0,0,1,1,1,VIT_959,train,best.pt,,,,,,,
0.3,0.814832767,20,0,0,1,1,1,VIT_959,train,best.pt,,,,,,,
0.35,0.814832767,20,0,0,1,1,1,VIT_959,train,best.pt,,,,,,,
0.4,0.814832767,20,0,0,1,1,1,VIT_959,train,best.pt,,,,,,,
0.45,0.814832767,20,0,0,1,1,1,VIT_959,train,best.pt,,,,,,,
0.5,0.814832767,20,0,0,1,1,1,VIT_959,train,best.pt,,,,,,,
0.2,0.754758837,21,0,0,1,1,1,VIT_960,train,best.pt,,,,,,,
0.25,0.754758837,21,0,0,1,1,1,VIT_960,train,best.pt,,,,,,,
0.3,0.754758837,21,0,0,1,1,1,VIT_960,train,best.pt,,,,,,,
0.35,0.754758837,21,0,0,1,1,1,VIT_960,train,best.pt,,,,,,,
0.4,0.754758837,21,0,0,1,1,1,VIT_960,train,best.pt,,,,,,,
0.45,0.754758837,21,0,0,1,1,1,VIT_960,train,best.pt,,,,,,,
0.5,0.754758837,21,0,0,1,1,1,VIT_960,train,best.pt,,,,,,,
0.2,0.835661432,20,0,0,1,1,1,VIT_962,train,best.pt,,,,,,,
0.25,0.835661432,20,0,0,1,1,1,VIT_962,train,best.pt,,,,,,,
0.3,0.835661432,20,0,0,1,1,1,VIT_962,train,best.pt,,,,,,,
0.35,0.835661432,20,0,0,1,1,1,VIT_962,train,best.pt,,,,,,,
0.4,0.835661432,20,0,0,1,1,1,VIT_962,train,best.pt,,,,,,,
0.45,0.835661432,20,0,0,1,1,1,VIT_962,train,best.pt,,,,,,,
0.5,0.835661432,20,0,0,1,1,1,VIT_962,train,best.pt,,,,,,,
0.2,0.782541209,20,0,0,1,1,1,VIT_963,train,best.pt,,,,,,,
0.25,0.782541209,20,0,0,1,1,1,VIT_963,train,best.pt,,,,,,,
0.3,0.782541209,20,0,0,1,1,1,VIT_963,train,best.pt,,,,,,,
0.35,0.782541209,20,0,0,1,1,1,VIT_963,train,best.pt,,,,,,,
0.4,0.782541209,20,0,0,1,1,1,VIT_963,train,best.pt,,,,,,,
0.45,0.782541209,20,0,0,1,1,1,VIT_963,train,best.pt,,,,,,,
0.5,0.782541209,20,0,0,1,1,1,VIT_963,train,best.pt,,,,,,,
0.2,0.784704516,20,0,0,1,1,1,VIT_964,train,best.pt,,,,,,,
0.25,0.784704516,20,0,0,1,1,1,VIT_964,train,best.pt,,,,,,,
0.3,0.784704516,20,0,0,1,1,1,VIT_964,train,best.pt,,,,,,,
0.35,0.784704516,20,0,0,1,1,1,VIT_964,train,best.pt,,,,,,,
0.4,0.784704516,20,0,0,1,1,1,VIT_964,train,best.pt,,,,,,,
0.45,0.784704516,20,0,0,1,1,1,VIT_964,train,best.pt,,,,,,,
0.5,0.784704516,20,0,0,1,1,1,VIT_964,train,best.pt,,,,,,,
0.2,0.808449217,20,0,0,1,1,1,VIT_965,train,best.pt,,,,,,,
0.25,0.808449217,20,0,0,1,1,1,VIT_965,train,best.pt,,,,,,,
0.3,0.808449217,20,0,0,1,1,1,VIT_965,train,best.pt,,,,,,,
0.35,0.808449217,20,0,0,1,1,1,VIT_965,train,best.pt,,,,,,,
0.4,0.808449217,20,0,0,1,1,1,VIT_965,train,best.pt,,,,,,,
0.45,0.808449217,20,0,0,1,1,1,VIT_965,train,best.pt,,,,,,,
0.5,0.808449217,20,0,0,1,1,1,VIT_965,train,best.pt,,,,,,,
0.2,0.806062473,20,0,0,1,1,1,VIT_967,train,best.pt,,,,,,,
0.25,0.806062473,20,0,0,1,1,1,VIT_967,train,best.pt,,,,,,,
0.3,0.806062473,20,0,0,1,1,1,VIT_967,train,best.pt,,,,,,,
0.35,0.806062473,20,0,0,1,1,1,VIT_967,train,best.pt,,,,,,,
0.4,0.806062473,20,0,0,1,1,1,VIT_967,train,best.pt,,,,,,,
0.45,0.806062473,20,0,0,1,1,1,VIT_967,train,best.pt,,,,,,,
0.5,0.806062473,20,0,0,1,1,1,VIT_967,train,best.pt,,,,,,,
0.2,0.816304874,19,0,0,1,1,1,VIT_968,train,best.pt,,,,,,,
0.25,0.816304874,19,0,0,1,1,1,VIT_968,train,best.pt,,,,,,,
0.3,0.816304874,19,0,0,1,1,1,VIT_968,train,best.pt,,,,,,,
0.35,0.816304874,19,0,0,1,1,1,VIT_968,train,best.pt,,,,,,,
0.4,0.816304874,19,0,0,1,1,1,VIT_968,train,best.pt,,,,,,,
0.45,0.816304874,19,0,0,1,1,1,VIT_968,train,best.pt,,,,,,,
0.5,0.816304874,19,0,0,1,1,1,VIT_968,train,best.pt,,,,,,,
0.2,0.789395581,20,0,0,1,1,1,VIT_969,train,best.pt,,,,,,,
0.25,0.789395581,20,0,0,1,1,1,VIT_969,train,best.pt,,,,,,,
0.3,0.789395581,20,0,0,1,1,1,VIT_969,train,best.pt,,,,,,,
0.35,0.789395581,20,0,0,1,1,1,VIT_969,train,best.pt,,,,,,,
0.4,0.789395581,20,0,0,1,1,1,VIT_969,train,best.pt,,,,,,,
0.45,0.789395581,20,0,0,1,1,1,VIT_969,train,best.pt,,,,,,,
0.5,0.789395581,20,0,0,1,1,1,VIT_969,train,best.pt,,,,,,,
0.2,0.810506116,21,0,0,1,1,1,VIT_970,train,best.pt,,,,,,,
0.25,0.810506116,21,0,0,1,1,1,VIT_970,train,best.pt,,,,,,,
0.3,0.810506116,21,0,0,1,1,1,VIT_970,train,best.pt,,,,,,,
0.35,0.810506116,21,0,0,1,1,1,VIT_970,train,best.pt,,,,,,,
0.4,0.810506116,21,0,0,1,1,1,VIT_970,train,best.pt,,,,,,,
0.45,0.810506116,21,0,0,1,1,1,VIT_970,train,best.pt,,,,,,,
0.5,0.810506116,21,0,0,1,1,1,VIT_970,train,best.pt,,,,,,,
0.2,0.804869319,20,0,0,1,1,1,VIT_971,train,best.pt,,,,,,,
0.25,0.804869319,20,0,0,1,1,1,VIT_971,train,best.pt,,,,,,,
0.3,0.804869319,20,0,0,1,1,1,VIT_971,train,best.pt,,,,,,,
0.35,0.804869319,20,0,0,1,1,1,VIT_971,train,best.pt,,,,,,,
0.4,0.804869319,20,0,0,1,1,1,VIT_971,train,best.pt,,,,,,,
0.45,0.804869319,20,0,0,1,1,1,VIT_971,train,best.pt,,,,,,,
0.5,0.804869319,20,0,0,1,1,1,VIT_971,train,best.pt,,,,,,,
0.2,0.803577374,19,0,0,1,1,1,VIT_975,train,best.pt,,,,,,,
0.25,0.803577374,19,0,0,1,1,1,VIT_975,train,best.pt,,,,,,,
0.3,0.803577374,19,0,0,1,1,1,VIT_975,train,best.pt,,,,,,,
0.35,0.803577374,19,0,0,1,1,1,VIT_975,train,best.pt,,,,,,,
0.4,0.803577374,19,0,0,1,1,1,VIT_975,train,best.pt,,,,,,,
0.45,0.803577374,19,0,0,1,1,1,VIT_975,train,best.pt,,,,,,,
0.5,0.803577374,19,0,0,1,1,1,VIT_975,train,best.pt,,,,,,,
0.2,0.785765599,20,0,0,1,1,1,VIT_977,train,best.pt,,,,,,,
0.25,0.785765599,20,0,0,1,1,1,VIT_977,train,best.pt,,,,,,,
0.3,0.785765599,20,0,0,1,1,1,VIT_977,train,best.pt,,,,,,,
0.35,0.785765599,20,0,0,1,1,1,VIT_977,train,best.pt,,,,,,,
0.4,0.785765599,20,0,0,1,1,1,VIT_977,train,best.pt,,,,,,,
0.45,0.785765599,20,0,0,1,1,1,VIT_977,train,best.pt,,,,,,,
0.5,0.748348192,19,1,1,0.95,0.95,0.95,VIT_977,train,best.pt,,,,,,,
0.2,0.801950999,20,0,0,1,1,1,VIT_978,train,best.pt,,,,,,,
0.25,0.801950999,20,0,0,1,1,1,VIT_978,train,best.pt,,,,,,,
0.3,0.801950999,20,0,0,1,1,1,VIT_978,train,best.pt,,,,,,,
0.35,0.801950999,20,0,0,1,1,1,VIT_978,train,best.pt,,,,,,,
0.4,0.801950999,20,0,0,1,1,1,VIT_978,train,best.pt,,,,,,,
0.45,0.801950999,20,0,0,1,1,1,VIT_978,train,best.pt,,,,,,,
0.5,0.801950999,20,0,0,1,1,1,VIT_978,train,best.pt,,,,,,,
0.2,0.805962486,21,0,0,1,1,1,VIT_979,train,best.pt,,,,,,,
0.25,0.805962486,21,0,0,1,1,1,VIT_979,train,best.pt,,,,,,,
0.3,0.805962486,21,0,0,1,1,1,VIT_979,train,best.pt,,,,,,,
0.35,0.805962486,21,0,0,1,1,1,VIT_979,train,best.pt,,,,,,,
0.4,0.805962486,21,0,0,1,1,1,VIT_979,train,best.pt,,,,,,,
0.45,0.805962486,21,0,0,1,1,1,VIT_979,train,best.pt,,,,,,,
0.5,0.805962486,21,0,0,1,1,1,VIT_979,train,best.pt,,,,,,,
0.2,0.809120776,20,0,0,1,1,1,VIT_980,train,best.pt,,,,,,,
0.25,0.809120776,20,0,0,1,1,1,VIT_980,train,best.pt,,,,,,,
0.3,0.809120776,20,0,0,1,1,1,VIT_980,train,best.pt,,,,,,,
0.35,0.809120776,20,0,0,1,1,1,VIT_980,train,best.pt,,,,,,,
0.4,0.809120776,20,0,0,1,1,1,VIT_980,train,best.pt,,,,,,,
0.45,0.809120776,20,0,0,1,1,1,VIT_980,train,best.pt,,,,,,,
0.5,0.809120776,20,0,0,1,1,1,VIT_980,train,best.pt,,,,,,,
0.2,0.784599675,20,0,0,1,1,1,VIT_982,train,best.pt,,,,,,,
0.25,0.784599675,20,0,0,1,1,1,VIT_982,train,best.pt,,,,,,,
0.3,0.784599675,20,0,0,1,1,1,VIT_982,train,best.pt,,,,,,,
0.35,0.784599675,20,0,0,1,1,1,VIT_982,train,best.pt,,,,,,,
0.4,0.784599675,20,0,0,1,1,1,VIT_982,train,best.pt,,,,,,,
0.45,0.784599675,20,0,0,1,1,1,VIT_982,train,best.pt,,,,,,,
0.5,0.784599675,20,0,0,1,1,1,VIT_982,train,best.pt,,,,,,,
0.2,0.797760902,20,0,0,1,1,1,VIT_983,train,best.pt,,,,,,,
0.25,0.797760902,20,0,0,1,1,1,VIT_983,train,best.pt,,,,,,,
0.3,0.797760902,20,0,0,1,1,1,VIT_983,train,best.pt,,,,,,,
0.35,0.797760902,20,0,0,1,1,1,VIT_983,train,best.pt,,,,,,,
0.4,0.797760902,20,0,0,1,1,1,VIT_983,train,best.pt,,,,,,,
0.45,0.797760902,20,0,0,1,1,1,VIT_983,train,best.pt,,,,,,,
0.5,0.797760902,20,0,0,1,1,1,VIT_983,train,best.pt,,,,,,,
0.2,0.81398811,20,0,0,1,1,1,VIT_984,train,best.pt,,,,,,,
0.25,0.81398811,20,0,0,1,1,1,VIT_984,train,best.pt,,,,,,,
0.3,0.81398811,20,0,0,1,1,1,VIT_984,train,best.pt,,,,,,,
0.35,0.81398811,20,0,0,1,1,1,VIT_984,train,best.pt,,,,,,,
0.4,0.81398811,20,0,0,1,1,1,VIT_984,train,best.pt,,,,,,,
0.45,0.81398811,20,0,0,1,1,1,VIT_984,train,best.pt,,,,,,,
0.5,0.81398811,20,0,0,1,1,1,VIT_984,train,best.pt,,,,,,,
0.2,0.817741787,20,0,0,1,1,1,VIT_985,train,best.pt,,,,,,,
0.25,0.817741787,20,0,0,1,1,1,VIT_985,train,best.pt,,,,,,,
0.3,0.817741787,20,0,0,1,1,1,VIT_985,train,best.pt,,,,,,,
0.35,0.817741787,20,0,0,1,1,1,VIT_985,train,best.pt,,,,,,,
0.4,0.817741787,20,0,0,1,1,1,VIT_985,train,best.pt,,,,,,,
0.45,0.817741787,20,0,0,1,1,1,VIT_985,train,best.pt,,,,,,,
0.5,0.817741787,20,0,0,1,1,1,VIT_985,train,best.pt,,,,,,,
0.2,0.775438812,21,0,0,1,1,1,VIT_986,train,best.pt,,,,,,,
0.25,0.775438812,21,0,0,1,1,1,VIT_986,train,best.pt,,,,,,,
0.3,0.775438812,21,0,0,1,1,1,VIT_986,train,best.pt,,,,,,,
0.35,0.775438812,21,0,0,1,1,1,VIT_986,train,best.pt,,,,,,,
0.4,0.775438812,21,0,0,1,1,1,VIT_986,train,best.pt,,,,,,,
0.45,0.775438812,21,0,0,1,1,1,VIT_986,train,best.pt,,,,,,,
0.5,0.740191595,20,1,1,0.95,0.95,0.95,VIT_986,train,best.pt,,,,,,,
0.2,0.751095686,20,0,0,1,1,1,VIT_987,train,best.pt,,,,,,,
0.25,0.751095686,20,0,0,1,1,1,VIT_987,train,best.pt,,,,,,,
0.3,0.751095686,20,0,0,1,1,1,VIT_987,train,best.pt,,,,,,,
0.35,0.751095686,20,0,0,1,1,1,VIT_987,train,best.pt,,,,,,,
0.4,0.751095686,20,0,0,1,1,1,VIT_987,train,best.pt,,,,,,,
0.45,0.751095686,20,0,0,1,1,1,VIT_987,train,best.pt,,,,,,,
0.5,0.715329227,19,1,1,0.95,0.95,0.95,VIT_987,train,best.pt,,,,,,,
0.2,0.802820504,20,0,0,1,1,1,VIT_988,train,best.pt,,,,,,,
0.25,0.802820504,20,0,0,1,1,1,VIT_988,train,best.pt,,,,,,,
0.3,0.802820504,20,0,0,1,1,1,VIT_988,train,best.pt,,,,,,,
0.35,0.802820504,20,0,0,1,1,1,VIT_988,train,best.pt,,,,,,,
0.4,0.802820504,20,0,0,1,1,1,VIT_988,train,best.pt,,,,,,,
0.45,0.802820504,20,0,0,1,1,1,VIT_988,train,best.pt,,,,,,,
0.5,0.802820504,20,0,0,1,1,1,VIT_988,train,best.pt,,,,,,,
0.2,0.795125595,20,0,0,1,1,1,VIT_989,train,best.pt,,,,,,,
0.25,0.795125595,20,0,0,1,1,1,VIT_989,train,best.pt,,,,,,,
0.3,0.795125595,20,0,0,1,1,1,VIT_989,train,best.pt,,,,,,,
0.35,0.795125595,20,0,0,1,1,1,VIT_989,train,best.pt,,,,,,,
0.4,0.795125595,20,0,0,1,1,1,VIT_989,train,best.pt,,,,,,,
0.45,0.795125595,20,0,0,1,1,1,VIT_989,train,best.pt,,,,,,,
0.5,0.795125595,20,0,0,1,1,1,VIT_989,train,best.pt,,,,,,,
0.2,0.773872459,19,0,1,1,0.95,0.97,VIT_990,train,best.pt,,,,,,,
0.25,0.773872459,19,0,1,1,0.95,0.97,VIT_990,train,best.pt,,,,,,,
0.3,0.773872459,19,0,1,1,0.95,0.97,VIT_990,train,best.pt,,,,,,,
0.35,0.773872459,19,0,1,1,0.95,0.97,VIT_990,train,best.pt,,,,,,,
0.4,0.773872459,19,0,1,1,0.95,0.97,VIT_990,train,best.pt,,,,,,,
0.45,0.773872459,19,0,1,1,0.95,0.97,VIT_990,train,best.pt,,,,,,,
0.5,0.773872459,19,0,1,1,0.95,0.97,VIT_990,train,best.pt,,,,,,,
0.2,0.812513552,20,0,0,1,1,1,VIT_991,train,best.pt,,,,,,,
0.25,0.812513552,20,0,0,1,1,1,VIT_991,train,best.pt,,,,,,,
0.3,0.812513552,20,0,0,1,1,1,VIT_991,train,best.pt,,,,,,,
0.35,0.812513552,20,0,0,1,1,1,VIT_991,train,best.pt,,,,,,,
0.4,0.812513552,20,0,0,1,1,1,VIT_991,train,best.pt,,,,,,,
0.45,0.812513552,20,0,0,1,1,1,VIT_991,train,best.pt,,,,,,,
0.5,0.812513552,20,0,0,1,1,1,VIT_991,train,best.pt,,,,,,,
0.2,0.79665488,20,0,0,1,1,1,VIT_992,train,best.pt,,,,,,,
0.25,0.79665488,20,0,0,1,1,1,VIT_992,train,best.pt,,,,,,,
0.3,0.79665488,20,0,0,1,1,1,VIT_992,train,best.pt,,,,,,,
0.35,0.79665488,20,0,0,1,1,1,VIT_992,train,best.pt,,,,,,,
0.4,0.79665488,20,0,0,1,1,1,VIT_992,train,best.pt,,,,,,,
0.45,0.79665488,20,0,0,1,1,1,VIT_992,train,best.pt,,,,,,,
0.5,0.79665488,20,0,0,1,1,1,VIT_992,train,best.pt,,,,,,,
0.2,0.782822553,20,0,0,1,1,1,VIT_993,train,best.pt,,,,,,,
0.25,0.782822553,20,0,0,1,1,1,VIT_993,train,best.pt,,,,,,,
0.3,0.782822553,20,0,0,1,1,1,VIT_993,train,best.pt,,,,,,,
0.35,0.782822553,20,0,0,1,1,1,VIT_993,train,best.pt,,,,,,,
0.4,0.782822553,20,0,0,1,1,1,VIT_993,train,best.pt,,,,,,,
0.45,0.782822553,20,0,0,1,1,1,VIT_993,train,best.pt,,,,,,,
0.5,0.782822553,20,0,0,1,1,1,VIT_993,train,best.pt,,,,,,,
0.2,0.821052476,20,0,0,1,1,1,VIT_994,train,best.pt,,,,,,,
0.25,0.821052476,20,0,0,1,1,1,VIT_994,train,best.pt,,,,,,,
0.3,0.821052476,20,0,0,1,1,1,VIT_994,train,best.pt,,,,,,,
0.35,0.821052476,20,0,0,1,1,1,VIT_994,train,best.pt,,,,,,,
0.4,0.821052476,20,0,0,1,1,1,VIT_994,train,best.pt,,,,,,,
0.45,0.821052476,20,0,0,1,1,1,VIT_994,train,best.pt,,,,,,,
0.5,0.821052476,20,0,0,1,1,1,VIT_994,train,best.pt,,,,,,,
0.2,0.766141791,20,0,0,1,1,1,VIT_997,train,best.pt,,,,,,,
0.25,0.766141791,20,0,0,1,1,1,VIT_997,train,best.pt,,,,,,,
0.3,0.766141791,20,0,0,1,1,1,VIT_997,train,best.pt,,,,,,,
0.35,0.766141791,20,0,0,1,1,1,VIT_997,train,best.pt,,,,,,,
0.4,0.766141791,20,0,0,1,1,1,VIT_997,train,best.pt,,,,,,,
0.45,0.766141791,20,0,0,1,1,1,VIT_997,train,best.pt,,,,,,,
0.5,0.766141791,20,0,0,1,1,1,VIT_997,train,best.pt,,,,,,,
0.2,0.789214034,17,0,0,1,1,1,VIT_998,train,best.pt,,,,,,,
0.25,0.789214034,17,0,0,1,1,1,VIT_998,train,best.pt,,,,,,,
0.3,0.789214034,17,0,0,1,1,1,VIT_998,train,best.pt,,,,,,,
0.35,0.789214034,17,0,0,1,1,1,VIT_998,train,best.pt,,,,,,,
0.4,0.789214034,17,0,0,1,1,1,VIT_998,train,best.pt,,,,,,,
0.45,0.789214034,17,0,0,1,1,1,VIT_998,train,best.pt,,,,,,,
0.5,0.789214034,17,0,0,1,1,1,VIT_998,train,best.pt,,,,,,,
0.2,0.759989608,18,0,0,1,1,1,VIT_999,train,best.pt,,,,,,,
0.25,0.759989608,18,0,0,1,1,1,VIT_999,train,best.pt,,,,,,,
0.3,0.759989608,18,0,0,1,1,1,VIT_999,train,best.pt,,,,,,,
0.35,0.759989608,18,0,0,1,1,1,VIT_999,train,best.pt,,,,,,,
0.4,0.759989608,18,0,0,1,1,1,VIT_999,train,best.pt,,,,,,,
0.45,0.759989608,18,0,0,1,1,1,VIT_999,train,best.pt,,,,,,,
0.5,0.759989608,18,0,0,1,1,1,VIT_999,train,best.pt,,,,,,,
0.2,0.847177526,20,0,0,1,1,1,MIT_10,test,best.pt,,,,,,,
0.25,0.847177526,20,0,0,1,1,1,MIT_10,test,best.pt,,,,,,,
0.3,0.847177526,20,0,0,1,1,1,MIT_10,test,best.pt,,,,,,,
0.35,0.847177526,20,0,0,1,1,1,MIT_10,test,best.pt,,,,,,,
0.4,0.847177526,20,0,0,1,1,1,MIT_10,test,best.pt,,,,,,,
0.45,0.847177526,20,0,0,1,1,1,MIT_10,test,best.pt,,,,,,,
0.5,0.847177526,20,0,0,1,1,1,MIT_10,test,best.pt,,,,,,,
0.2,0.807640956,20,0,0,1,1,1,MIT_101,test,best.pt,,,,,,,
0.25,0.807640956,20,0,0,1,1,1,MIT_101,test,best.pt,,,,,,,
0.3,0.807640956,20,0,0,1,1,1,MIT_101,test,best.pt,,,,,,,
0.35,0.807640956,20,0,0,1,1,1,MIT_101,test,best.pt,,,,,,,
0.4,0.807640956,20,0,0,1,1,1,MIT_101,test,best.pt,,,,,,,
0.45,0.807640956,20,0,0,1,1,1,MIT_101,test,best.pt,,,,,,,
0.5,0.807640956,20,0,0,1,1,1,MIT_101,test,best.pt,,,,,,,
0.2,0.858034704,20,0,0,1,1,1,MIT_106,test,best.pt,,,,,,,
0.25,0.858034704,20,0,0,1,1,1,MIT_106,test,best.pt,,,,,,,
0.3,0.858034704,20,0,0,1,1,1,MIT_106,test,best.pt,,,,,,,
0.35,0.858034704,20,0,0,1,1,1,MIT_106,test,best.pt,,,,,,,
0.4,0.858034704,20,0,0,1,1,1,MIT_106,test,best.pt,,,,,,,
0.45,0.858034704,20,0,0,1,1,1,MIT_106,test,best.pt,,,,,,,
0.5,0.858034704,20,0,0,1,1,1,MIT_106,test,best.pt,,,,,,,
0.2,0.719687802,20,0,0,1,1,1,MIT_109,test,best.pt,,,,,,,
0.25,0.719687802,20,0,0,1,1,1,MIT_109,test,best.pt,,,,,,,
0.3,0.719687802,20,0,0,1,1,1,MIT_109,test,best.pt,,,,,,,
0.35,0.719687802,20,0,0,1,1,1,MIT_109,test,best.pt,,,,,,,
0.4,0.719687802,20,0,0,1,1,1,MIT_109,test,best.pt,,,,,,,
0.45,0.719687802,20,0,0,1,1,1,MIT_109,test,best.pt,,,,,,,
0.5,0.719687802,20,0,0,1,1,1,MIT_109,test,best.pt,,,,,,,
0.2,0.849791093,20,0,0,1,1,1,MIT_11,test,best.pt,,,,,,,
0.25,0.849791093,20,0,0,1,1,1,MIT_11,test,best.pt,,,,,,,
0.3,0.849791093,20,0,0,1,1,1,MIT_11,test,best.pt,,,,,,,
0.35,0.849791093,20,0,0,1,1,1,MIT_11,test,best.pt,,,,,,,
0.4,0.849791093,20,0,0,1,1,1,MIT_11,test,best.pt,,,,,,,
0.45,0.849791093,20,0,0,1,1,1,MIT_11,test,best.pt,,,,,,,
0.5,0.849791093,20,0,0,1,1,1,MIT_11,test,best.pt,,,,,,,
0.2,0.880163023,19,0,0,1,1,1,MIT_110,test,best.pt,,,,,,,
0.25,0.880163023,19,0,0,1,1,1,MIT_110,test,best.pt,,,,,,,
0.3,0.880163023,19,0,0,1,1,1,MIT_110,test,best.pt,,,,,,,
0.35,0.880163023,19,0,0,1,1,1,MIT_110,test,best.pt,,,,,,,
0.4,0.880163023,19,0,0,1,1,1,MIT_110,test,best.pt,,,,,,,
0.45,0.880163023,19,0,0,1,1,1,MIT_110,test,best.pt,,,,,,,
0.5,0.880163023,19,0,0,1,1,1,MIT_110,test,best.pt,,,,,,,
0.2,0.825822513,19,0,0,1,1,1,MIT_111,test,best.pt,,,,,,,
0.25,0.825822513,19,0,0,1,1,1,MIT_111,test,best.pt,,,,,,,
0.3,0.825822513,19,0,0,1,1,1,MIT_111,test,best.pt,,,,,,,
0.35,0.825822513,19,0,0,1,1,1,MIT_111,test,best.pt,,,,,,,
0.4,0.825822513,19,0,0,1,1,1,MIT_111,test,best.pt,,,,,,,
0.45,0.825822513,19,0,0,1,1,1,MIT_111,test,best.pt,,,,,,,
0.5,0.825822513,19,0,0,1,1,1,MIT_111,test,best.pt,,,,,,,
0.2,0.817429726,20,0,0,1,1,1,MIT_117,test,best.pt,,,,,,,
0.25,0.817429726,20,0,0,1,1,1,MIT_117,test,best.pt,,,,,,,
0.3,0.817429726,20,0,0,1,1,1,MIT_117,test,best.pt,,,,,,,
0.35,0.817429726,20,0,0,1,1,1,MIT_117,test,best.pt,,,,,,,
0.4,0.817429726,20,0,0,1,1,1,MIT_117,test,best.pt,,,,,,,
0.45,0.817429726,20,0,0,1,1,1,MIT_117,test,best.pt,,,,,,,
0.5,0.817429726,20,0,0,1,1,1,MIT_117,test,best.pt,,,,,,,
0.2,0.853532722,20,0,0,1,1,1,MIT_119,test,best.pt,,,,,,,
0.25,0.853532722,20,0,0,1,1,1,MIT_119,test,best.pt,,,,,,,
0.3,0.853532722,20,0,0,1,1,1,MIT_119,test,best.pt,,,,,,,
0.35,0.853532722,20,0,0,1,1,1,MIT_119,test,best.pt,,,,,,,
0.4,0.853532722,20,0,0,1,1,1,MIT_119,test,best.pt,,,,,,,
0.45,0.853532722,20,0,0,1,1,1,MIT_119,test,best.pt,,,,,,,
0.5,0.853532722,20,0,0,1,1,1,MIT_119,test,best.pt,,,,,,,
0.2,0.839232325,20,0,0,1,1,1,MIT_120,test,best.pt,,,,,,,
0.25,0.839232325,20,0,0,1,1,1,MIT_120,test,best.pt,,,,,,,
0.3,0.839232325,20,0,0,1,1,1,MIT_120,test,best.pt,,,,,,,
0.35,0.839232325,20,0,0,1,1,1,MIT_120,test,best.pt,,,,,,,
0.4,0.839232325,20,0,0,1,1,1,MIT_120,test,best.pt,,,,,,,
0.45,0.839232325,20,0,0,1,1,1,MIT_120,test,best.pt,,,,,,,
0.5,0.839232325,20,0,0,1,1,1,MIT_120,test,best.pt,,,,,,,
0.2,0.854275645,20,0,0,1,1,1,MIT_121,test,best.pt,,,,,,,
0.25,0.854275645,20,0,0,1,1,1,MIT_121,test,best.pt,,,,,,,
0.3,0.854275645,20,0,0,1,1,1,MIT_121,test,best.pt,,,,,,,
0.35,0.854275645,20,0,0,1,1,1,MIT_121,test,best.pt,,,,,,,
0.4,0.854275645,20,0,0,1,1,1,MIT_121,test,best.pt,,,,,,,
0.45,0.854275645,20,0,0,1,1,1,MIT_121,test,best.pt,,,,,,,
0.5,0.854275645,20,0,0,1,1,1,MIT_121,test,best.pt,,,,,,,
0.2,0.822984118,21,0,0,1,1,1,MIT_122,test,best.pt,,,,,,,
0.25,0.822984118,21,0,0,1,1,1,MIT_122,test,best.pt,,,,,,,
0.3,0.822984118,21,0,0,1,1,1,MIT_122,test,best.pt,,,,,,,
0.35,0.822984118,21,0,0,1,1,1,MIT_122,test,best.pt,,,,,,,
0.4,0.822984118,21,0,0,1,1,1,MIT_122,test,best.pt,,,,,,,
0.45,0.822984118,21,0,0,1,1,1,MIT_122,test,best.pt,,,,,,,
0.5,0.822984118,21,0,0,1,1,1,MIT_122,test,best.pt,,,,,,,
0.2,0.838065164,20,0,0,1,1,1,MIT_128,test,best.pt,,,,,,,
0.25,0.838065164,20,0,0,1,1,1,MIT_128,test,best.pt,,,,,,,
0.3,0.838065164,20,0,0,1,1,1,MIT_128,test,best.pt,,,,,,,
0.35,0.838065164,20,0,0,1,1,1,MIT_128,test,best.pt,,,,,,,
0.4,0.838065164,20,0,0,1,1,1,MIT_128,test,best.pt,,,,,,,
0.45,0.838065164,20,0,0,1,1,1,MIT_128,test,best.pt,,,,,,,
0.5,0.838065164,20,0,0,1,1,1,MIT_128,test,best.pt,,,,,,,
0.2,0.816897403,20,0,0,1,1,1,MIT_129,test,best.pt,,,,,,,
0.25,0.816897403,20,0,0,1,1,1,MIT_129,test,best.pt,,,,,,,
0.3,0.816897403,20,0,0,1,1,1,MIT_129,test,best.pt,,,,,,,
0.35,0.816897403,20,0,0,1,1,1,MIT_129,test,best.pt,,,,,,,
0.4,0.816897403,20,0,0,1,1,1,MIT_129,test,best.pt,,,,,,,
0.45,0.816897403,20,0,0,1,1,1,MIT_129,test,best.pt,,,,,,,
0.5,0.816897403,20,0,0,1,1,1,MIT_129,test,best.pt,,,,,,,
0.2,0.83828244,21,0,0,1,1,1,MIT_13,test,best.pt,,,,,,,
0.25,0.83828244,21,0,0,1,1,1,MIT_13,test,best.pt,,,,,,,
0.3,0.83828244,21,0,0,1,1,1,MIT_13,test,best.pt,,,,,,,
0.35,0.83828244,21,0,0,1,1,1,MIT_13,test,best.pt,,,,,,,
0.4,0.83828244,21,0,0,1,1,1,MIT_13,test,best.pt,,,,,,,
0.45,0.83828244,21,0,0,1,1,1,MIT_13,test,best.pt,,,,,,,
0.5,0.83828244,21,0,0,1,1,1,MIT_13,test,best.pt,,,,,,,
0.2,0.860408949,20,0,0,1,1,1,MIT_131,test,best.pt,,,,,,,
0.25,0.860408949,20,0,0,1,1,1,MIT_131,test,best.pt,,,,,,,
0.3,0.860408949,20,0,0,1,1,1,MIT_131,test,best.pt,,,,,,,
0.35,0.860408949,20,0,0,1,1,1,MIT_131,test,best.pt,,,,,,,
0.4,0.860408949,20,0,0,1,1,1,MIT_131,test,best.pt,,,,,,,
0.45,0.860408949,20,0,0,1,1,1,MIT_131,test,best.pt,,,,,,,
0.5,0.860408949,20,0,0,1,1,1,MIT_131,test,best.pt,,,,,,,
0.2,0.863240164,20,0,0,1,1,1,MIT_133,test,best.pt,,,,,,,
0.25,0.863240164,20,0,0,1,1,1,MIT_133,test,best.pt,,,,,,,
0.3,0.863240164,20,0,0,1,1,1,MIT_133,test,best.pt,,,,,,,
0.35,0.863240164,20,0,0,1,1,1,MIT_133,test,best.pt,,,,,,,
0.4,0.863240164,20,0,0,1,1,1,MIT_133,test,best.pt,,,,,,,
0.45,0.863240164,20,0,0,1,1,1,MIT_133,test,best.pt,,,,,,,
0.5,0.863240164,20,0,0,1,1,1,MIT_133,test,best.pt,,,,,,,
0.2,0.819239629,20,0,0,1,1,1,MIT_135,test,best.pt,,,,,,,
0.25,0.819239629,20,0,0,1,1,1,MIT_135,test,best.pt,,,,,,,
0.3,0.819239629,20,0,0,1,1,1,MIT_135,test,best.pt,,,,,,,
0.35,0.819239629,20,0,0,1,1,1,MIT_135,test,best.pt,,,,,,,
0.4,0.819239629,20,0,0,1,1,1,MIT_135,test,best.pt,,,,,,,
0.45,0.819239629,20,0,0,1,1,1,MIT_135,test,best.pt,,,,,,,
0.5,0.819239629,20,0,0,1,1,1,MIT_135,test,best.pt,,,,,,,
0.2,0.843930276,20,0,0,1,1,1,MIT_142,test,best.pt,,,,,,,
0.25,0.843930276,20,0,0,1,1,1,MIT_142,test,best.pt,,,,,,,
0.3,0.843930276,20,0,0,1,1,1,MIT_142,test,best.pt,,,,,,,
0.35,0.843930276,20,0,0,1,1,1,MIT_142,test,best.pt,,,,,,,
0.4,0.843930276,20,0,0,1,1,1,MIT_142,test,best.pt,,,,,,,
0.45,0.843930276,20,0,0,1,1,1,MIT_142,test,best.pt,,,,,,,
0.5,0.843930276,20,0,0,1,1,1,MIT_142,test,best.pt,,,,,,,
0.2,0.812899469,20,0,0,1,1,1,MIT_145,test,best.pt,,,,,,,
0.25,0.812899469,20,0,0,1,1,1,MIT_145,test,best.pt,,,,,,,
0.3,0.812899469,20,0,0,1,1,1,MIT_145,test,best.pt,,,,,,,
0.35,0.812899469,20,0,0,1,1,1,MIT_145,test,best.pt,,,,,,,
0.4,0.812899469,20,0,0,1,1,1,MIT_145,test,best.pt,,,,,,,
0.45,0.812899469,20,0,0,1,1,1,MIT_145,test,best.pt,,,,,,,
0.5,0.812899469,20,0,0,1,1,1,MIT_145,test,best.pt,,,,,,,
0.2,0.856022481,20,0,0,1,1,1,MIT_147,test,best.pt,,,,,,,
0.25,0.856022481,20,0,0,1,1,1,MIT_147,test,best.pt,,,,,,,
0.3,0.856022481,20,0,0,1,1,1,MIT_147,test,best.pt,,,,,,,
0.35,0.856022481,20,0,0,1,1,1,MIT_147,test,best.pt,,,,,,,
0.4,0.856022481,20,0,0,1,1,1,MIT_147,test,best.pt,,,,,,,
0.45,0.856022481,20,0,0,1,1,1,MIT_147,test,best.pt,,,,,,,
0.5,0.856022481,20,0,0,1,1,1,MIT_147,test,best.pt,,,,,,,
0.2,0.845336295,20,0,0,1,1,1,MIT_148,test,best.pt,,,,,,,
0.25,0.845336295,20,0,0,1,1,1,MIT_148,test,best.pt,,,,,,,
0.3,0.845336295,20,0,0,1,1,1,MIT_148,test,best.pt,,,,,,,
0.35,0.845336295,20,0,0,1,1,1,MIT_148,test,best.pt,,,,,,,
0.4,0.845336295,20,0,0,1,1,1,MIT_148,test,best.pt,,,,,,,
0.45,0.845336295,20,0,0,1,1,1,MIT_148,test,best.pt,,,,,,,
0.5,0.845336295,20,0,0,1,1,1,MIT_148,test,best.pt,,,,,,,
0.2,0.842093904,20,0,0,1,1,1,MIT_151,test,best.pt,,,,,,,
0.25,0.842093904,20,0,0,1,1,1,MIT_151,test,best.pt,,,,,,,
0.3,0.842093904,20,0,0,1,1,1,MIT_151,test,best.pt,,,,,,,
0.35,0.842093904,20,0,0,1,1,1,MIT_151,test,best.pt,,,,,,,
0.4,0.842093904,20,0,0,1,1,1,MIT_151,test,best.pt,,,,,,,
0.45,0.842093904,20,0,0,1,1,1,MIT_151,test,best.pt,,,,,,,
0.5,0.842093904,20,0,0,1,1,1,MIT_151,test,best.pt,,,,,,,
0.2,0.8319261,20,0,0,1,1,1,MIT_155,test,best.pt,,,,,,,
0.25,0.8319261,20,0,0,1,1,1,MIT_155,test,best.pt,,,,,,,
0.3,0.8319261,20,0,0,1,1,1,MIT_155,test,best.pt,,,,,,,
0.35,0.8319261,20,0,0,1,1,1,MIT_155,test,best.pt,,,,,,,
0.4,0.8319261,20,0,0,1,1,1,MIT_155,test,best.pt,,,,,,,
0.45,0.8319261,20,0,0,1,1,1,MIT_155,test,best.pt,,,,,,,
0.5,0.8319261,20,0,0,1,1,1,MIT_155,test,best.pt,,,,,,,
0.2,0.855792662,20,0,0,1,1,1,MIT_16,test,best.pt,,,,,,,
0.25,0.855792662,20,0,0,1,1,1,MIT_16,test,best.pt,,,,,,,
0.3,0.855792662,20,0,0,1,1,1,MIT_16,test,best.pt,,,,,,,
0.35,0.855792662,20,0,0,1,1,1,MIT_16,test,best.pt,,,,,,,
0.4,0.855792662,20,0,0,1,1,1,MIT_16,test,best.pt,,,,,,,
0.45,0.855792662,20,0,0,1,1,1,MIT_16,test,best.pt,,,,,,,
0.5,0.855792662,20,0,0,1,1,1,MIT_16,test,best.pt,,,,,,,
0.2,0.851219781,20,0,0,1,1,1,MIT_162,test,best.pt,,,,,,,
0.25,0.851219781,20,0,0,1,1,1,MIT_162,test,best.pt,,,,,,,
0.3,0.851219781,20,0,0,1,1,1,MIT_162,test,best.pt,,,,,,,
0.35,0.851219781,20,0,0,1,1,1,MIT_162,test,best.pt,,,,,,,
0.4,0.851219781,20,0,0,1,1,1,MIT_162,test,best.pt,,,,,,,
0.45,0.851219781,20,0,0,1,1,1,MIT_162,test,best.pt,,,,,,,
0.5,0.851219781,20,0,0,1,1,1,MIT_162,test,best.pt,,,,,,,
0.2,0.820697276,21,0,0,1,1,1,MIT_163,test,best.pt,,,,,,,
0.25,0.820697276,21,0,0,1,1,1,MIT_163,test,best.pt,,,,,,,
0.3,0.820697276,21,0,0,1,1,1,MIT_163,test,best.pt,,,,,,,
0.35,0.820697276,21,0,0,1,1,1,MIT_163,test,best.pt,,,,,,,
0.4,0.820697276,21,0,0,1,1,1,MIT_163,test,best.pt,,,,,,,
0.45,0.820697276,21,0,0,1,1,1,MIT_163,test,best.pt,,,,,,,
0.5,0.820697276,21,0,0,1,1,1,MIT_163,test,best.pt,,,,,,,
0.2,0.783271864,20,0,0,1,1,1,MIT_165,test,best.pt,,,,,,,
0.25,0.783271864,20,0,0,1,1,1,MIT_165,test,best.pt,,,,,,,
0.3,0.783271864,20,0,0,1,1,1,MIT_165,test,best.pt,,,,,,,
0.35,0.783271864,20,0,0,1,1,1,MIT_165,test,best.pt,,,,,,,
0.4,0.783271864,20,0,0,1,1,1,MIT_165,test,best.pt,,,,,,,
0.45,0.783271864,20,0,0,1,1,1,MIT_165,test,best.pt,,,,,,,
0.5,0.783271864,20,0,0,1,1,1,MIT_165,test,best.pt,,,,,,,
0.2,0.779306256,20,0,0,1,1,1,MIT_167,test,best.pt,,,,,,,
0.25,0.779306256,20,0,0,1,1,1,MIT_167,test,best.pt,,,,,,,
0.3,0.742196436,19,1,1,0.95,0.95,0.95,MIT_167,test,best.pt,,,,,,,
0.35,0.742196436,19,1,1,0.95,0.95,0.95,MIT_167,test,best.pt,,,,,,,
0.4,0.742196436,19,1,1,0.95,0.95,0.95,MIT_167,test,best.pt,,,,,,,
0.45,0.742196436,19,1,1,0.95,0.95,0.95,MIT_167,test,best.pt,,,,,,,
0.5,0.742196436,19,1,1,0.95,0.95,0.95,MIT_167,test,best.pt,,,,,,,
0.2,0.795990372,20,0,0,1,1,1,MIT_169,test,best.pt,,,,,,,
0.25,0.795990372,20,0,0,1,1,1,MIT_169,test,best.pt,,,,,,,
0.3,0.795990372,20,0,0,1,1,1,MIT_169,test,best.pt,,,,,,,
0.35,0.795990372,20,0,0,1,1,1,MIT_169,test,best.pt,,,,,,,
0.4,0.795990372,20,0,0,1,1,1,MIT_169,test,best.pt,,,,,,,
0.45,0.795990372,20,0,0,1,1,1,MIT_169,test,best.pt,,,,,,,
0.5,0.795990372,20,0,0,1,1,1,MIT_169,test,best.pt,,,,,,,
0.2,0.81503735,20,0,0,1,1,1,MIT_173,test,best.pt,,,,,,,
0.25,0.81503735,20,0,0,1,1,1,MIT_173,test,best.pt,,,,,,,
0.3,0.81503735,20,0,0,1,1,1,MIT_173,test,best.pt,,,,,,,
0.35,0.81503735,20,0,0,1,1,1,MIT_173,test,best.pt,,,,,,,
0.4,0.81503735,20,0,0,1,1,1,MIT_173,test,best.pt,,,,,,,
0.45,0.81503735,20,0,0,1,1,1,MIT_173,test,best.pt,,,,,,,
0.5,0.81503735,20,0,0,1,1,1,MIT_173,test,best.pt,,,,,,,
0.2,0.83658008,21,0,0,1,1,1,MIT_174,test,best.pt,,,,,,,
0.25,0.83658008,21,0,0,1,1,1,MIT_174,test,best.pt,,,,,,,
0.3,0.83658008,21,0,0,1,1,1,MIT_174,test,best.pt,,,,,,,
0.35,0.83658008,21,0,0,1,1,1,MIT_174,test,best.pt,,,,,,,
0.4,0.83658008,21,0,0,1,1,1,MIT_174,test,best.pt,,,,,,,
0.45,0.83658008,21,0,0,1,1,1,MIT_174,test,best.pt,,,,,,,
0.5,0.83658008,21,0,0,1,1,1,MIT_174,test,best.pt,,,,,,,
0.2,0.783680497,19,1,0,0.95,1,0.97,MIT_177,test,best.pt,,,,,,,
0.25,0.783680497,19,1,0,0.95,1,0.97,MIT_177,test,best.pt,,,,,,,
0.3,0.783680497,19,1,0,0.95,1,0.97,MIT_177,test,best.pt,,,,,,,
0.35,0.783680497,19,1,0,0.95,1,0.97,MIT_177,test,best.pt,,,,,,,
0.4,0.783680497,19,1,0,0.95,1,0.97,MIT_177,test,best.pt,,,,,,,
0.45,0.783680497,19,1,0,0.95,1,0.97,MIT_177,test,best.pt,,,,,,,
0.5,0.783680497,19,1,0,0.95,1,0.97,MIT_177,test,best.pt,,,,,,,
0.2,0.775306975,20,0,0,1,1,1,MIT_18,test,best.pt,,,,,,,
0.25,0.775306975,20,0,0,1,1,1,MIT_18,test,best.pt,,,,,,,
0.3,0.775306975,20,0,0,1,1,1,MIT_18,test,best.pt,,,,,,,
0.35,0.775306975,20,0,0,1,1,1,MIT_18,test,best.pt,,,,,,,
0.4,0.775306975,20,0,0,1,1,1,MIT_18,test,best.pt,,,,,,,
0.45,0.775306975,20,0,0,1,1,1,MIT_18,test,best.pt,,,,,,,
0.5,0.775306975,20,0,0,1,1,1,MIT_18,test,best.pt,,,,,,,
0.2,0.800585504,20,0,0,1,1,1,MIT_183,test,best.pt,,,,,,,
0.25,0.800585504,20,0,0,1,1,1,MIT_183,test,best.pt,,,,,,,
0.3,0.800585504,20,0,0,1,1,1,MIT_183,test,best.pt,,,,,,,
0.35,0.800585504,20,0,0,1,1,1,MIT_183,test,best.pt,,,,,,,
0.4,0.800585504,20,0,0,1,1,1,MIT_183,test,best.pt,,,,,,,
0.45,0.800585504,20,0,0,1,1,1,MIT_183,test,best.pt,,,,,,,
0.5,0.800585504,20,0,0,1,1,1,MIT_183,test,best.pt,,,,,,,
0.2,0.817438966,20,0,0,1,1,1,MIT_185,test,best.pt,,,,,,,
0.25,0.817438966,20,0,0,1,1,1,MIT_185,test,best.pt,,,,,,,
0.3,0.817438966,20,0,0,1,1,1,MIT_185,test,best.pt,,,,,,,
0.35,0.817438966,20,0,0,1,1,1,MIT_185,test,best.pt,,,,,,,
0.4,0.817438966,20,0,0,1,1,1,MIT_185,test,best.pt,,,,,,,
0.45,0.817438966,20,0,0,1,1,1,MIT_185,test,best.pt,,,,,,,
0.5,0.817438966,20,0,0,1,1,1,MIT_185,test,best.pt,,,,,,,
0.2,0.810994553,20,0,0,1,1,1,MIT_186,test,best.pt,,,,,,,
0.25,0.810994553,20,0,0,1,1,1,MIT_186,test,best.pt,,,,,,,
0.3,0.810994553,20,0,0,1,1,1,MIT_186,test,best.pt,,,,,,,
0.35,0.810994553,20,0,0,1,1,1,MIT_186,test,best.pt,,,,,,,
0.4,0.810994553,20,0,0,1,1,1,MIT_186,test,best.pt,,,,,,,
0.45,0.810994553,20,0,0,1,1,1,MIT_186,test,best.pt,,,,,,,
0.5,0.810994553,20,0,0,1,1,1,MIT_186,test,best.pt,,,,,,,
0.2,0.775831168,20,0,1,1,0.95,0.98,MIT_187,test,best.pt,,,,,,,
0.25,0.775831168,20,0,1,1,0.95,0.98,MIT_187,test,best.pt,,,,,,,
0.3,0.775831168,20,0,1,1,0.95,0.98,MIT_187,test,best.pt,,,,,,,
0.35,0.775831168,20,0,1,1,0.95,0.98,MIT_187,test,best.pt,,,,,,,
0.4,0.775831168,20,0,1,1,0.95,0.98,MIT_187,test,best.pt,,,,,,,
0.45,0.775831168,20,0,1,1,0.95,0.98,MIT_187,test,best.pt,,,,,,,
0.5,0.775831168,20,0,1,1,0.95,0.98,MIT_187,test,best.pt,,,,,,,
0.2,0.834213556,20,0,0,1,1,1,MIT_19,test,best.pt,,,,,,,
0.25,0.834213556,20,0,0,1,1,1,MIT_19,test,best.pt,,,,,,,
0.3,0.834213556,20,0,0,1,1,1,MIT_19,test,best.pt,,,,,,,
0.35,0.834213556,20,0,0,1,1,1,MIT_19,test,best.pt,,,,,,,
0.4,0.834213556,20,0,0,1,1,1,MIT_19,test,best.pt,,,,,,,
0.45,0.834213556,20,0,0,1,1,1,MIT_19,test,best.pt,,,,,,,
0.5,0.834213556,20,0,0,1,1,1,MIT_19,test,best.pt,,,,,,,
0.2,0.838119108,20,0,0,1,1,1,MIT_191,test,best.pt,,,,,,,
0.25,0.838119108,20,0,0,1,1,1,MIT_191,test,best.pt,,,,,,,
0.3,0.838119108,20,0,0,1,1,1,MIT_191,test,best.pt,,,,,,,
0.35,0.838119108,20,0,0,1,1,1,MIT_191,test,best.pt,,,,,,,
0.4,0.838119108,20,0,0,1,1,1,MIT_191,test,best.pt,,,,,,,
0.45,0.838119108,20,0,0,1,1,1,MIT_191,test,best.pt,,,,,,,
0.5,0.838119108,20,0,0,1,1,1,MIT_191,test,best.pt,,,,,,,
0.2,0.772921625,20,0,0,1,1,1,MIT_194,test,best.pt,,,,,,,
0.25,0.772921625,20,0,0,1,1,1,MIT_194,test,best.pt,,,,,,,
0.3,0.772921625,20,0,0,1,1,1,MIT_194,test,best.pt,,,,,,,
0.35,0.772921625,20,0,0,1,1,1,MIT_194,test,best.pt,,,,,,,
0.4,0.772921625,20,0,0,1,1,1,MIT_194,test,best.pt,,,,,,,
0.45,0.772921625,20,0,0,1,1,1,MIT_194,test,best.pt,,,,,,,
0.5,0.772921625,20,0,0,1,1,1,MIT_194,test,best.pt,,,,,,,
0.2,0.812103366,20,0,0,1,1,1,MIT_196,test,best.pt,,,,,,,
0.25,0.812103366,20,0,0,1,1,1,MIT_196,test,best.pt,,,,,,,
0.3,0.812103366,20,0,0,1,1,1,MIT_196,test,best.pt,,,,,,,
0.35,0.812103366,20,0,0,1,1,1,MIT_196,test,best.pt,,,,,,,
0.4,0.812103366,20,0,0,1,1,1,MIT_196,test,best.pt,,,,,,,
0.45,0.812103366,20,0,0,1,1,1,MIT_196,test,best.pt,,,,,,,
0.5,0.812103366,20,0,0,1,1,1,MIT_196,test,best.pt,,,,,,,
0.2,0.823754166,20,0,0,1,1,1,MIT_199,test,best.pt,,,,,,,
0.25,0.823754166,20,0,0,1,1,1,MIT_199,test,best.pt,,,,,,,
0.3,0.823754166,20,0,0,1,1,1,MIT_199,test,best.pt,,,,,,,
0.35,0.823754166,20,0,0,1,1,1,MIT_199,test,best.pt,,,,,,,
0.4,0.823754166,20,0,0,1,1,1,MIT_199,test,best.pt,,,,,,,
0.45,0.823754166,20,0,0,1,1,1,MIT_199,test,best.pt,,,,,,,
0.5,0.823754166,20,0,0,1,1,1,MIT_199,test,best.pt,,,,,,,
0.2,0.830755663,19,0,1,1,0.95,0.97,MIT_2,test,best.pt,,,,,,,
0.25,0.830755663,19,0,1,1,0.95,0.97,MIT_2,test,best.pt,,,,,,,
0.3,0.830755663,19,0,1,1,0.95,0.97,MIT_2,test,best.pt,,,,,,,
0.35,0.830755663,19,0,1,1,0.95,0.97,MIT_2,test,best.pt,,,,,,,
0.4,0.830755663,19,0,1,1,0.95,0.97,MIT_2,test,best.pt,,,,,,,
0.45,0.830755663,19,0,1,1,0.95,0.97,MIT_2,test,best.pt,,,,,,,
0.5,0.830755663,19,0,1,1,0.95,0.97,MIT_2,test,best.pt,,,,,,,
0.2,0.837399186,20,0,0,1,1,1,MIT_20,test,best.pt,,,,,,,
0.25,0.837399186,20,0,0,1,1,1,MIT_20,test,best.pt,,,,,,,
0.3,0.837399186,20,0,0,1,1,1,MIT_20,test,best.pt,,,,,,,
0.35,0.837399186,20,0,0,1,1,1,MIT_20,test,best.pt,,,,,,,
0.4,0.837399186,20,0,0,1,1,1,MIT_20,test,best.pt,,,,,,,
0.45,0.837399186,20,0,0,1,1,1,MIT_20,test,best.pt,,,,,,,
0.5,0.837399186,20,0,0,1,1,1,MIT_20,test,best.pt,,,,,,,
0.2,0.82726055,20,0,0,1,1,1,MIT_200,test,best.pt,,,,,,,
0.25,0.82726055,20,0,0,1,1,1,MIT_200,test,best.pt,,,,,,,
0.3,0.82726055,20,0,0,1,1,1,MIT_200,test,best.pt,,,,,,,
0.35,0.82726055,20,0,0,1,1,1,MIT_200,test,best.pt,,,,,,,
0.4,0.82726055,20,0,0,1,1,1,MIT_200,test,best.pt,,,,,,,
0.45,0.82726055,20,0,0,1,1,1,MIT_200,test,best.pt,,,,,,,
0.5,0.82726055,20,0,0,1,1,1,MIT_200,test,best.pt,,,,,,,
0.2,0.845674302,20,0,0,1,1,1,MIT_203,test,best.pt,,,,,,,
0.25,0.845674302,20,0,0,1,1,1,MIT_203,test,best.pt,,,,,,,
0.3,0.845674302,20,0,0,1,1,1,MIT_203,test,best.pt,,,,,,,
0.35,0.845674302,20,0,0,1,1,1,MIT_203,test,best.pt,,,,,,,
0.4,0.845674302,20,0,0,1,1,1,MIT_203,test,best.pt,,,,,,,
0.45,0.845674302,20,0,0,1,1,1,MIT_203,test,best.pt,,,,,,,
0.5,0.845674302,20,0,0,1,1,1,MIT_203,test,best.pt,,,,,,,
0.2,0.815806361,20,0,0,1,1,1,MIT_207,test,best.pt,,,,,,,
0.25,0.815806361,20,0,0,1,1,1,MIT_207,test,best.pt,,,,,,,
0.3,0.815806361,20,0,0,1,1,1,MIT_207,test,best.pt,,,,,,,
0.35,0.815806361,20,0,0,1,1,1,MIT_207,test,best.pt,,,,,,,
0.4,0.815806361,20,0,0,1,1,1,MIT_207,test,best.pt,,,,,,,
0.45,0.815806361,20,0,0,1,1,1,MIT_207,test,best.pt,,,,,,,
0.5,0.815806361,20,0,0,1,1,1,MIT_207,test,best.pt,,,,,,,
0.2,0.795709159,20,0,0,1,1,1,MIT_218,test,best.pt,,,,,,,
0.25,0.795709159,20,0,0,1,1,1,MIT_218,test,best.pt,,,,,,,
0.3,0.795709159,20,0,0,1,1,1,MIT_218,test,best.pt,,,,,,,
0.35,0.795709159,20,0,0,1,1,1,MIT_218,test,best.pt,,,,,,,
0.4,0.795709159,20,0,0,1,1,1,MIT_218,test,best.pt,,,,,,,
0.45,0.795709159,20,0,0,1,1,1,MIT_218,test,best.pt,,,,,,,
0.5,0.795709159,20,0,0,1,1,1,MIT_218,test,best.pt,,,,,,,
0.2,0.852449824,20,0,0,1,1,1,MIT_220,test,best.pt,,,,,,,
0.25,0.852449824,20,0,0,1,1,1,MIT_220,test,best.pt,,,,,,,
0.3,0.852449824,20,0,0,1,1,1,MIT_220,test,best.pt,,,,,,,
0.35,0.852449824,20,0,0,1,1,1,MIT_220,test,best.pt,,,,,,,
0.4,0.852449824,20,0,0,1,1,1,MIT_220,test,best.pt,,,,,,,
0.45,0.852449824,20,0,0,1,1,1,MIT_220,test,best.pt,,,,,,,
0.5,0.852449824,20,0,0,1,1,1,MIT_220,test,best.pt,,,,,,,
0.2,0.833925959,20,0,0,1,1,1,MIT_224,test,best.pt,,,,,,,
0.25,0.833925959,20,0,0,1,1,1,MIT_224,test,best.pt,,,,,,,
0.3,0.833925959,20,0,0,1,1,1,MIT_224,test,best.pt,,,,,,,
0.35,0.833925959,20,0,0,1,1,1,MIT_224,test,best.pt,,,,,,,
0.4,0.833925959,20,0,0,1,1,1,MIT_224,test,best.pt,,,,,,,
0.45,0.833925959,20,0,0,1,1,1,MIT_224,test,best.pt,,,,,,,
0.5,0.833925959,20,0,0,1,1,1,MIT_224,test,best.pt,,,,,,,
0.2,0.825651713,20,0,0,1,1,1,MIT_233,test,best.pt,,,,,,,
0.25,0.825651713,20,0,0,1,1,1,MIT_233,test,best.pt,,,,,,,
0.3,0.825651713,20,0,0,1,1,1,MIT_233,test,best.pt,,,,,,,
0.35,0.825651713,20,0,0,1,1,1,MIT_233,test,best.pt,,,,,,,
0.4,0.825651713,20,0,0,1,1,1,MIT_233,test,best.pt,,,,,,,
0.45,0.825651713,20,0,0,1,1,1,MIT_233,test,best.pt,,,,,,,
0.5,0.825651713,20,0,0,1,1,1,MIT_233,test,best.pt,,,,,,,
0.2,0.789126957,20,0,0,1,1,1,MIT_234,test,best.pt,,,,,,,
0.25,0.789126957,20,0,0,1,1,1,MIT_234,test,best.pt,,,,,,,
0.3,0.789126957,20,0,0,1,1,1,MIT_234,test,best.pt,,,,,,,
0.35,0.789126957,20,0,0,1,1,1,MIT_234,test,best.pt,,,,,,,
0.4,0.789126957,20,0,0,1,1,1,MIT_234,test,best.pt,,,,,,,
0.45,0.789126957,20,0,0,1,1,1,MIT_234,test,best.pt,,,,,,,
0.5,0.789126957,20,0,0,1,1,1,MIT_234,test,best.pt,,,,,,,
0.2,0.833569797,20,0,0,1,1,1,MIT_235,test,best.pt,,,,,,,
0.25,0.833569797,20,0,0,1,1,1,MIT_235,test,best.pt,,,,,,,
0.3,0.833569797,20,0,0,1,1,1,MIT_235,test,best.pt,,,,,,,
0.35,0.833569797,20,0,0,1,1,1,MIT_235,test,best.pt,,,,,,,
0.4,0.833569797,20,0,0,1,1,1,MIT_235,test,best.pt,,,,,,,
0.45,0.833569797,20,0,0,1,1,1,MIT_235,test,best.pt,,,,,,,
0.5,0.833569797,20,0,0,1,1,1,MIT_235,test,best.pt,,,,,,,
0.2,0.80328894,21,0,0,1,1,1,MIT_238,test,best.pt,,,,,,,
0.25,0.80328894,21,0,0,1,1,1,MIT_238,test,best.pt,,,,,,,
0.3,0.80328894,21,0,0,1,1,1,MIT_238,test,best.pt,,,,,,,
0.35,0.80328894,21,0,0,1,1,1,MIT_238,test,best.pt,,,,,,,
0.4,0.80328894,21,0,0,1,1,1,MIT_238,test,best.pt,,,,,,,
0.45,0.80328894,21,0,0,1,1,1,MIT_238,test,best.pt,,,,,,,
0.5,0.80328894,21,0,0,1,1,1,MIT_238,test,best.pt,,,,,,,
0.2,0.830417967,20,0,0,1,1,1,MIT_245,test,best.pt,,,,,,,
0.25,0.830417967,20,0,0,1,1,1,MIT_245,test,best.pt,,,,,,,
0.3,0.830417967,20,0,0,1,1,1,MIT_245,test,best.pt,,,,,,,
0.35,0.830417967,20,0,0,1,1,1,MIT_245,test,best.pt,,,,,,,
0.4,0.830417967,20,0,0,1,1,1,MIT_245,test,best.pt,,,,,,,
0.45,0.830417967,20,0,0,1,1,1,MIT_245,test,best.pt,,,,,,,
0.5,0.830417967,20,0,0,1,1,1,MIT_245,test,best.pt,,,,,,,
0.2,0.824864632,20,0,0,1,1,1,MIT_248,test,best.pt,,,,,,,
0.25,0.824864632,20,0,0,1,1,1,MIT_248,test,best.pt,,,,,,,
0.3,0.824864632,20,0,0,1,1,1,MIT_248,test,best.pt,,,,,,,
0.35,0.824864632,20,0,0,1,1,1,MIT_248,test,best.pt,,,,,,,
0.4,0.824864632,20,0,0,1,1,1,MIT_248,test,best.pt,,,,,,,
0.45,0.824864632,20,0,0,1,1,1,MIT_248,test,best.pt,,,,,,,
0.5,0.824864632,20,0,0,1,1,1,MIT_248,test,best.pt,,,,,,,
0.2,0.838137434,20,0,0,1,1,1,MIT_25,test,best.pt,,,,,,,
0.25,0.838137434,20,0,0,1,1,1,MIT_25,test,best.pt,,,,,,,
0.3,0.838137434,20,0,0,1,1,1,MIT_25,test,best.pt,,,,,,,
0.35,0.838137434,20,0,0,1,1,1,MIT_25,test,best.pt,,,,,,,
0.4,0.838137434,20,0,0,1,1,1,MIT_25,test,best.pt,,,,,,,
0.45,0.838137434,20,0,0,1,1,1,MIT_25,test,best.pt,,,,,,,
0.5,0.838137434,20,0,0,1,1,1,MIT_25,test,best.pt,,,,,,,
0.2,0.801542288,20,0,0,1,1,1,MIT_250,test,best.pt,,,,,,,
0.25,0.801542288,20,0,0,1,1,1,MIT_250,test,best.pt,,,,,,,
0.3,0.801542288,20,0,0,1,1,1,MIT_250,test,best.pt,,,,,,,
0.35,0.801542288,20,0,0,1,1,1,MIT_250,test,best.pt,,,,,,,
0.4,0.801542288,20,0,0,1,1,1,MIT_250,test,best.pt,,,,,,,
0.45,0.801542288,20,0,0,1,1,1,MIT_250,test,best.pt,,,,,,,
0.5,0.801542288,20,0,0,1,1,1,MIT_250,test,best.pt,,,,,,,
0.2,0.777001562,20,0,0,1,1,1,MIT_253,test,best.pt,,,,,,,
0.25,0.777001562,20,0,0,1,1,1,MIT_253,test,best.pt,,,,,,,
0.3,0.777001562,20,0,0,1,1,1,MIT_253,test,best.pt,,,,,,,
0.35,0.777001562,20,0,0,1,1,1,MIT_253,test,best.pt,,,,,,,
0.4,0.777001562,20,0,0,1,1,1,MIT_253,test,best.pt,,,,,,,
0.45,0.777001562,20,0,0,1,1,1,MIT_253,test,best.pt,,,,,,,
0.5,0.777001562,20,0,0,1,1,1,MIT_253,test,best.pt,,,,,,,
0.2,0.803696458,20,0,0,1,1,1,MIT_256,test,best.pt,,,,,,,
0.25,0.803696458,20,0,0,1,1,1,MIT_256,test,best.pt,,,,,,,
0.3,0.803696458,20,0,0,1,1,1,MIT_256,test,best.pt,,,,,,,
0.35,0.803696458,20,0,0,1,1,1,MIT_256,test,best.pt,,,,,,,
0.4,0.803696458,20,0,0,1,1,1,MIT_256,test,best.pt,,,,,,,
0.45,0.803696458,20,0,0,1,1,1,MIT_256,test,best.pt,,,,,,,
0.5,0.803696458,20,0,0,1,1,1,MIT_256,test,best.pt,,,,,,,
0.2,0.787999729,20,0,0,1,1,1,MIT_258,test,best.pt,,,,,,,
0.25,0.787999729,20,0,0,1,1,1,MIT_258,test,best.pt,,,,,,,
0.3,0.787999729,20,0,0,1,1,1,MIT_258,test,best.pt,,,,,,,
0.35,0.787999729,20,0,0,1,1,1,MIT_258,test,best.pt,,,,,,,
0.4,0.787999729,20,0,0,1,1,1,MIT_258,test,best.pt,,,,,,,
0.45,0.787999729,20,0,0,1,1,1,MIT_258,test,best.pt,,,,,,,
0.5,0.787999729,20,0,0,1,1,1,MIT_258,test,best.pt,,,,,,,
0.2,0.767389092,19,1,0,0.95,1,0.97,MIT_266,test,best.pt,,,,,,,
0.25,0.767389092,19,1,0,0.95,1,0.97,MIT_266,test,best.pt,,,,,,,
0.3,0.767389092,19,1,0,0.95,1,0.97,MIT_266,test,best.pt,,,,,,,
0.35,0.767389092,19,1,0,0.95,1,0.97,MIT_266,test,best.pt,,,,,,,
0.4,0.767389092,19,1,0,0.95,1,0.97,MIT_266,test,best.pt,,,,,,,
0.45,0.730846756,18,2,1,0.9,0.95,0.92,MIT_266,test,best.pt,,,,,,,
0.5,0.730846756,18,2,1,0.9,0.95,0.92,MIT_266,test,best.pt,,,,,,,
0.2,0.762640715,20,0,0,1,1,1,MIT_267,test,best.pt,,,,,,,
0.25,0.762640715,20,0,0,1,1,1,MIT_267,test,best.pt,,,,,,,
0.3,0.762640715,20,0,0,1,1,1,MIT_267,test,best.pt,,,,,,,
0.35,0.762640715,20,0,0,1,1,1,MIT_267,test,best.pt,,,,,,,
0.4,0.762640715,20,0,0,1,1,1,MIT_267,test,best.pt,,,,,,,
0.45,0.762640715,20,0,0,1,1,1,MIT_267,test,best.pt,,,,,,,
0.5,0.762640715,20,0,0,1,1,1,MIT_267,test,best.pt,,,,,,,
0.2,0.796664637,20,0,0,1,1,1,MIT_268,test,best.pt,,,,,,,
0.25,0.796664637,20,0,0,1,1,1,MIT_268,test,best.pt,,,,,,,
0.3,0.796664637,20,0,0,1,1,1,MIT_268,test,best.pt,,,,,,,
0.35,0.796664637,20,0,0,1,1,1,MIT_268,test,best.pt,,,,,,,
0.4,0.796664637,20,0,0,1,1,1,MIT_268,test,best.pt,,,,,,,
0.45,0.796664637,20,0,0,1,1,1,MIT_268,test,best.pt,,,,,,,
0.5,0.796664637,20,0,0,1,1,1,MIT_268,test,best.pt,,,,,,,
0.2,0.847713596,19,0,0,1,1,1,MIT_272,test,best.pt,,,,,,,
0.25,0.847713596,19,0,0,1,1,1,MIT_272,test,best.pt,,,,,,,
0.3,0.847713596,19,0,0,1,1,1,MIT_272,test,best.pt,,,,,,,
0.35,0.847713596,19,0,0,1,1,1,MIT_272,test,best.pt,,,,,,,
0.4,0.847713596,19,0,0,1,1,1,MIT_272,test,best.pt,,,,,,,
0.45,0.847713596,19,0,0,1,1,1,MIT_272,test,best.pt,,,,,,,
0.5,0.847713596,19,0,0,1,1,1,MIT_272,test,best.pt,,,,,,,
0.2,0.669471423,20,0,0,1,1,1,MIT_274,test,best.pt,,,,,,,
0.25,0.669471423,20,0,0,1,1,1,MIT_274,test,best.pt,,,,,,,
0.3,0.669471423,20,0,0,1,1,1,MIT_274,test,best.pt,,,,,,,
0.35,0.669471423,20,0,0,1,1,1,MIT_274,test,best.pt,,,,,,,
0.4,0.669471423,20,0,0,1,1,1,MIT_274,test,best.pt,,,,,,,
0.45,0.637591833,19,1,1,0.95,0.95,0.95,MIT_274,test,best.pt,,,,,,,
0.5,0.608610387,18,2,2,0.9,0.9,0.9,MIT_274,test,best.pt,,,,,,,
0.2,0.819693367,20,0,0,1,1,1,MIT_278,test,best.pt,,,,,,,
0.25,0.819693367,20,0,0,1,1,1,MIT_278,test,best.pt,,,,,,,
0.3,0.819693367,20,0,0,1,1,1,MIT_278,test,best.pt,,,,,,,
0.35,0.819693367,20,0,0,1,1,1,MIT_278,test,best.pt,,,,,,,
0.4,0.819693367,20,0,0,1,1,1,MIT_278,test,best.pt,,,,,,,
0.45,0.819693367,20,0,0,1,1,1,MIT_278,test,best.pt,,,,,,,
0.5,0.819693367,20,0,0,1,1,1,MIT_278,test,best.pt,,,,,,,
0.2,0.823735782,20,0,0,1,1,1,MIT_281,test,best.pt,,,,,,,
0.25,0.823735782,20,0,0,1,1,1,MIT_281,test,best.pt,,,,,,,
0.3,0.823735782,20,0,0,1,1,1,MIT_281,test,best.pt,,,,,,,
0.35,0.823735782,20,0,0,1,1,1,MIT_281,test,best.pt,,,,,,,
0.4,0.823735782,20,0,0,1,1,1,MIT_281,test,best.pt,,,,,,,
0.45,0.823735782,20,0,0,1,1,1,MIT_281,test,best.pt,,,,,,,
0.5,0.823735782,20,0,0,1,1,1,MIT_281,test,best.pt,,,,,,,
0.2,0.842044402,20,0,0,1,1,1,MIT_290,test,best.pt,,,,,,,
0.25,0.842044402,20,0,0,1,1,1,MIT_290,test,best.pt,,,,,,,
0.3,0.842044402,20,0,0,1,1,1,MIT_290,test,best.pt,,,,,,,
0.35,0.842044402,20,0,0,1,1,1,MIT_290,test,best.pt,,,,,,,
0.4,0.842044402,20,0,0,1,1,1,MIT_290,test,best.pt,,,,,,,
0.45,0.842044402,20,0,0,1,1,1,MIT_290,test,best.pt,,,,,,,
0.5,0.842044402,20,0,0,1,1,1,MIT_290,test,best.pt,,,,,,,
0.2,0.74389771,20,0,0,1,1,1,MIT_304,test,best.pt,,,,,,,
0.25,0.74389771,20,0,0,1,1,1,MIT_304,test,best.pt,,,,,,,
0.3,0.74389771,20,0,0,1,1,1,MIT_304,test,best.pt,,,,,,,
0.35,0.74389771,20,0,0,1,1,1,MIT_304,test,best.pt,,,,,,,
0.4,0.74389771,20,0,0,1,1,1,MIT_304,test,best.pt,,,,,,,
0.45,0.74389771,20,0,0,1,1,1,MIT_304,test,best.pt,,,,,,,
0.5,0.74389771,20,0,0,1,1,1,MIT_304,test,best.pt,,,,,,,
0.2,0.810479904,20,0,0,1,1,1,MIT_309,test,best.pt,,,,,,,
0.25,0.810479904,20,0,0,1,1,1,MIT_309,test,best.pt,,,,,,,
0.3,0.810479904,20,0,0,1,1,1,MIT_309,test,best.pt,,,,,,,
0.35,0.810479904,20,0,0,1,1,1,MIT_309,test,best.pt,,,,,,,
0.4,0.810479904,20,0,0,1,1,1,MIT_309,test,best.pt,,,,,,,
0.45,0.810479904,20,0,0,1,1,1,MIT_309,test,best.pt,,,,,,,
0.5,0.810479904,20,0,0,1,1,1,MIT_309,test,best.pt,,,,,,,
0.2,0.81523729,20,0,0,1,1,1,MIT_317,test,best.pt,,,,,,,
0.25,0.81523729,20,0,0,1,1,1,MIT_317,test,best.pt,,,,,,,
0.3,0.81523729,20,0,0,1,1,1,MIT_317,test,best.pt,,,,,,,
0.35,0.81523729,20,0,0,1,1,1,MIT_317,test,best.pt,,,,,,,
0.4,0.81523729,20,0,0,1,1,1,MIT_317,test,best.pt,,,,,,,
0.45,0.81523729,20,0,0,1,1,1,MIT_317,test,best.pt,,,,,,,
0.5,0.81523729,20,0,0,1,1,1,MIT_317,test,best.pt,,,,,,,
0.2,0.787240048,21,0,0,1,1,1,MIT_318,test,best.pt,,,,,,,
0.25,0.787240048,21,0,0,1,1,1,MIT_318,test,best.pt,,,,,,,
0.3,0.787240048,21,0,0,1,1,1,MIT_318,test,best.pt,,,,,,,
0.35,0.787240048,21,0,0,1,1,1,MIT_318,test,best.pt,,,,,,,
0.4,0.787240048,21,0,0,1,1,1,MIT_318,test,best.pt,,,,,,,
0.45,0.787240048,21,0,0,1,1,1,MIT_318,test,best.pt,,,,,,,
0.5,0.787240048,21,0,0,1,1,1,MIT_318,test,best.pt,,,,,,,
0.2,0.861049647,20,0,0,1,1,1,MIT_32,test,best.pt,,,,,,,
0.25,0.861049647,20,0,0,1,1,1,MIT_32,test,best.pt,,,,,,,
0.3,0.861049647,20,0,0,1,1,1,MIT_32,test,best.pt,,,,,,,
0.35,0.861049647,20,0,0,1,1,1,MIT_32,test,best.pt,,,,,,,
0.4,0.861049647,20,0,0,1,1,1,MIT_32,test,best.pt,,,,,,,
0.45,0.861049647,20,0,0,1,1,1,MIT_32,test,best.pt,,,,,,,
0.5,0.861049647,20,0,0,1,1,1,MIT_32,test,best.pt,,,,,,,
0.2,0.831585442,20,0,0,1,1,1,MIT_322,test,best.pt,,,,,,,
0.25,0.831585442,20,0,0,1,1,1,MIT_322,test,best.pt,,,,,,,
0.3,0.831585442,20,0,0,1,1,1,MIT_322,test,best.pt,,,,,,,
0.35,0.831585442,20,0,0,1,1,1,MIT_322,test,best.pt,,,,,,,
0.4,0.831585442,20,0,0,1,1,1,MIT_322,test,best.pt,,,,,,,
0.45,0.831585442,20,0,0,1,1,1,MIT_322,test,best.pt,,,,,,,
0.5,0.831585442,20,0,0,1,1,1,MIT_322,test,best.pt,,,,,,,
0.2,0.806497042,20,0,0,1,1,1,MIT_323,test,best.pt,,,,,,,
0.25,0.806497042,20,0,0,1,1,1,MIT_323,test,best.pt,,,,,,,
0.3,0.806497042,20,0,0,1,1,1,MIT_323,test,best.pt,,,,,,,
0.35,0.806497042,20,0,0,1,1,1,MIT_323,test,best.pt,,,,,,,
0.4,0.806497042,20,0,0,1,1,1,MIT_323,test,best.pt,,,,,,,
0.45,0.806497042,20,0,0,1,1,1,MIT_323,test,best.pt,,,,,,,
0.5,0.806497042,20,0,0,1,1,1,MIT_323,test,best.pt,,,,,,,
0.2,0.80190135,20,0,0,1,1,1,MIT_328,test,best.pt,,,,,,,
0.25,0.80190135,20,0,0,1,1,1,MIT_328,test,best.pt,,,,,,,
0.3,0.80190135,20,0,0,1,1,1,MIT_328,test,best.pt,,,,,,,
0.35,0.80190135,20,0,0,1,1,1,MIT_328,test,best.pt,,,,,,,
0.4,0.80190135,20,0,0,1,1,1,MIT_328,test,best.pt,,,,,,,
0.45,0.80190135,20,0,0,1,1,1,MIT_328,test,best.pt,,,,,,,
0.5,0.80190135,20,0,0,1,1,1,MIT_328,test,best.pt,,,,,,,
0.2,0.810286097,20,0,0,1,1,1,MIT_332,test,best.pt,,,,,,,
0.25,0.810286097,20,0,0,1,1,1,MIT_332,test,best.pt,,,,,,,
0.3,0.810286097,20,0,0,1,1,1,MIT_332,test,best.pt,,,,,,,
0.35,0.810286097,20,0,0,1,1,1,MIT_332,test,best.pt,,,,,,,
0.4,0.810286097,20,0,0,1,1,1,MIT_332,test,best.pt,,,,,,,
0.45,0.810286097,20,0,0,1,1,1,MIT_332,test,best.pt,,,,,,,
0.5,0.810286097,20,0,0,1,1,1,MIT_332,test,best.pt,,,,,,,
0.2,0.832361975,20,0,0,1,1,1,MIT_336,test,best.pt,,,,,,,
0.25,0.832361975,20,0,0,1,1,1,MIT_336,test,best.pt,,,,,,,
0.3,0.832361975,20,0,0,1,1,1,MIT_336,test,best.pt,,,,,,,
0.35,0.832361975,20,0,0,1,1,1,MIT_336,test,best.pt,,,,,,,
0.4,0.832361975,20,0,0,1,1,1,MIT_336,test,best.pt,,,,,,,
0.45,0.832361975,20,0,0,1,1,1,MIT_336,test,best.pt,,,,,,,
0.5,0.832361975,20,0,0,1,1,1,MIT_336,test,best.pt,,,,,,,
0.2,0.843483758,20,0,0,1,1,1,MIT_34,test,best.pt,,,,,,,
0.25,0.843483758,20,0,0,1,1,1,MIT_34,test,best.pt,,,,,,,
0.3,0.843483758,20,0,0,1,1,1,MIT_34,test,best.pt,,,,,,,
0.35,0.843483758,20,0,0,1,1,1,MIT_34,test,best.pt,,,,,,,
0.4,0.843483758,20,0,0,1,1,1,MIT_34,test,best.pt,,,,,,,
0.45,0.843483758,20,0,0,1,1,1,MIT_34,test,best.pt,,,,,,,
0.5,0.843483758,20,0,0,1,1,1,MIT_34,test,best.pt,,,,,,,
0.2,0.801476933,20,0,0,1,1,1,MIT_340,test,best.pt,,,,,,,
0.25,0.801476933,20,0,0,1,1,1,MIT_340,test,best.pt,,,,,,,
0.3,0.801476933,20,0,0,1,1,1,MIT_340,test,best.pt,,,,,,,
0.35,0.801476933,20,0,0,1,1,1,MIT_340,test,best.pt,,,,,,,
0.4,0.801476933,20,0,0,1,1,1,MIT_340,test,best.pt,,,,,,,
0.45,0.801476933,20,0,0,1,1,1,MIT_340,test,best.pt,,,,,,,
0.5,0.801476933,20,0,0,1,1,1,MIT_340,test,best.pt,,,,,,,
0.2,0.832606931,20,0,0,1,1,1,MIT_35,test,best.pt,,,,,,,
0.25,0.832606931,20,0,0,1,1,1,MIT_35,test,best.pt,,,,,,,
0.3,0.832606931,20,0,0,1,1,1,MIT_35,test,best.pt,,,,,,,
0.35,0.832606931,20,0,0,1,1,1,MIT_35,test,best.pt,,,,,,,
0.4,0.832606931,20,0,0,1,1,1,MIT_35,test,best.pt,,,,,,,
0.45,0.832606931,20,0,0,1,1,1,MIT_35,test,best.pt,,,,,,,
0.5,0.832606931,20,0,0,1,1,1,MIT_35,test,best.pt,,,,,,,
0.2,0.852025988,20,0,0,1,1,1,MIT_352,test,best.pt,,,,,,,
0.25,0.852025988,20,0,0,1,1,1,MIT_352,test,best.pt,,,,,,,
0.3,0.852025988,20,0,0,1,1,1,MIT_352,test,best.pt,,,,,,,
0.35,0.852025988,20,0,0,1,1,1,MIT_352,test,best.pt,,,,,,,
0.4,0.852025988,20,0,0,1,1,1,MIT_352,test,best.pt,,,,,,,
0.45,0.852025988,20,0,0,1,1,1,MIT_352,test,best.pt,,,,,,,
0.5,0.852025988,20,0,0,1,1,1,MIT_352,test,best.pt,,,,,,,
0.2,0.80495817,20,0,0,1,1,1,MIT_356,test,best.pt,,,,,,,
0.25,0.80495817,20,0,0,1,1,1,MIT_356,test,best.pt,,,,,,,
0.3,0.80495817,20,0,0,1,1,1,MIT_356,test,best.pt,,,,,,,
0.35,0.80495817,20,0,0,1,1,1,MIT_356,test,best.pt,,,,,,,
0.4,0.80495817,20,0,0,1,1,1,MIT_356,test,best.pt,,,,,,,
0.45,0.80495817,20,0,0,1,1,1,MIT_356,test,best.pt,,,,,,,
0.5,0.80495817,20,0,0,1,1,1,MIT_356,test,best.pt,,,,,,,
0.2,0.795951747,21,0,0,1,1,1,MIT_359,test,best.pt,,,,,,,
0.25,0.795951747,21,0,0,1,1,1,MIT_359,test,best.pt,,,,,,,
0.3,0.795951747,21,0,0,1,1,1,MIT_359,test,best.pt,,,,,,,
0.35,0.795951747,21,0,0,1,1,1,MIT_359,test,best.pt,,,,,,,
0.4,0.795951747,21,0,0,1,1,1,MIT_359,test,best.pt,,,,,,,
0.45,0.795951747,21,0,0,1,1,1,MIT_359,test,best.pt,,,,,,,
0.5,0.795951747,21,0,0,1,1,1,MIT_359,test,best.pt,,,,,,,
0.2,0.800811218,21,0,0,1,1,1,MIT_361,test,best.pt,,,,,,,
0.25,0.800811218,21,0,0,1,1,1,MIT_361,test,best.pt,,,,,,,
0.3,0.800811218,21,0,0,1,1,1,MIT_361,test,best.pt,,,,,,,
0.35,0.800811218,21,0,0,1,1,1,MIT_361,test,best.pt,,,,,,,
0.4,0.800811218,21,0,0,1,1,1,MIT_361,test,best.pt,,,,,,,
0.45,0.800811218,21,0,0,1,1,1,MIT_361,test,best.pt,,,,,,,
0.5,0.800811218,21,0,0,1,1,1,MIT_361,test,best.pt,,,,,,,
0.2,0.807965188,20,0,0,1,1,1,MIT_365,test,best.pt,,,,,,,
0.25,0.807965188,20,0,0,1,1,1,MIT_365,test,best.pt,,,,,,,
0.3,0.807965188,20,0,0,1,1,1,MIT_365,test,best.pt,,,,,,,
0.35,0.807965188,20,0,0,1,1,1,MIT_365,test,best.pt,,,,,,,
0.4,0.807965188,20,0,0,1,1,1,MIT_365,test,best.pt,,,,,,,
0.45,0.807965188,20,0,0,1,1,1,MIT_365,test,best.pt,,,,,,,
0.5,0.807965188,20,0,0,1,1,1,MIT_365,test,best.pt,,,,,,,
0.2,0.799704025,20,0,0,1,1,1,MIT_375,test,best.pt,,,,,,,
0.25,0.799704025,20,0,0,1,1,1,MIT_375,test,best.pt,,,,,,,
0.3,0.799704025,20,0,0,1,1,1,MIT_375,test,best.pt,,,,,,,
0.35,0.799704025,20,0,0,1,1,1,MIT_375,test,best.pt,,,,,,,
0.4,0.799704025,20,0,0,1,1,1,MIT_375,test,best.pt,,,,,,,
0.45,0.799704025,20,0,0,1,1,1,MIT_375,test,best.pt,,,,,,,
0.5,0.799704025,20,0,0,1,1,1,MIT_375,test,best.pt,,,,,,,
0.2,0.811939739,20,0,0,1,1,1,MIT_378,test,best.pt,,,,,,,
0.25,0.811939739,20,0,0,1,1,1,MIT_378,test,best.pt,,,,,,,
0.3,0.811939739,20,0,0,1,1,1,MIT_378,test,best.pt,,,,,,,
0.35,0.811939739,20,0,0,1,1,1,MIT_378,test,best.pt,,,,,,,
0.4,0.811939739,20,0,0,1,1,1,MIT_378,test,best.pt,,,,,,,
0.45,0.811939739,20,0,0,1,1,1,MIT_378,test,best.pt,,,,,,,
0.5,0.811939739,20,0,0,1,1,1,MIT_378,test,best.pt,,,,,,,
0.2,0.831294288,20,0,0,1,1,1,MIT_379,test,best.pt,,,,,,,
0.25,0.831294288,20,0,0,1,1,1,MIT_379,test,best.pt,,,,,,,
0.3,0.831294288,20,0,0,1,1,1,MIT_379,test,best.pt,,,,,,,
0.35,0.831294288,20,0,0,1,1,1,MIT_379,test,best.pt,,,,,,,
0.4,0.831294288,20,0,0,1,1,1,MIT_379,test,best.pt,,,,,,,
0.45,0.831294288,20,0,0,1,1,1,MIT_379,test,best.pt,,,,,,,
0.5,0.831294288,20,0,0,1,1,1,MIT_379,test,best.pt,,,,,,,
0.2,0.812967912,20,0,0,1,1,1,MIT_384,test,best.pt,,,,,,,
0.25,0.812967912,20,0,0,1,1,1,MIT_384,test,best.pt,,,,,,,
0.3,0.812967912,20,0,0,1,1,1,MIT_384,test,best.pt,,,,,,,
0.35,0.812967912,20,0,0,1,1,1,MIT_384,test,best.pt,,,,,,,
0.4,0.812967912,20,0,0,1,1,1,MIT_384,test,best.pt,,,,,,,
0.45,0.812967912,20,0,0,1,1,1,MIT_384,test,best.pt,,,,,,,
0.5,0.812967912,20,0,0,1,1,1,MIT_384,test,best.pt,,,,,,,
0.2,0.823330929,20,0,0,1,1,1,MIT_385,test,best.pt,,,,,,,
0.25,0.823330929,20,0,0,1,1,1,MIT_385,test,best.pt,,,,,,,
0.3,0.823330929,20,0,0,1,1,1,MIT_385,test,best.pt,,,,,,,
0.35,0.823330929,20,0,0,1,1,1,MIT_385,test,best.pt,,,,,,,
0.4,0.823330929,20,0,0,1,1,1,MIT_385,test,best.pt,,,,,,,
0.45,0.823330929,20,0,0,1,1,1,MIT_385,test,best.pt,,,,,,,
0.5,0.823330929,20,0,0,1,1,1,MIT_385,test,best.pt,,,,,,,
0.2,0.799901113,20,0,0,1,1,1,MIT_390,test,best.pt,,,,,,,
0.25,0.799901113,20,0,0,1,1,1,MIT_390,test,best.pt,,,,,,,
0.3,0.799901113,20,0,0,1,1,1,MIT_390,test,best.pt,,,,,,,
0.35,0.799901113,20,0,0,1,1,1,MIT_390,test,best.pt,,,,,,,
0.4,0.799901113,20,0,0,1,1,1,MIT_390,test,best.pt,,,,,,,
0.45,0.799901113,20,0,0,1,1,1,MIT_390,test,best.pt,,,,,,,
0.5,0.799901113,20,0,0,1,1,1,MIT_390,test,best.pt,,,,,,,
0.2,0.812725742,20,0,0,1,1,1,MIT_391,test,best.pt,,,,,,,
0.25,0.812725742,20,0,0,1,1,1,MIT_391,test,best.pt,,,,,,,
0.3,0.812725742,20,0,0,1,1,1,MIT_391,test,best.pt,,,,,,,
0.35,0.812725742,20,0,0,1,1,1,MIT_391,test,best.pt,,,,,,,
0.4,0.812725742,20,0,0,1,1,1,MIT_391,test,best.pt,,,,,,,
0.45,0.812725742,20,0,0,1,1,1,MIT_391,test,best.pt,,,,,,,
0.5,0.812725742,20,0,0,1,1,1,MIT_391,test,best.pt,,,,,,,
0.2,0.851166912,20,0,0,1,1,1,MIT_392,test,best.pt,,,,,,,
0.25,0.851166912,20,0,0,1,1,1,MIT_392,test,best.pt,,,,,,,
0.3,0.851166912,20,0,0,1,1,1,MIT_392,test,best.pt,,,,,,,
0.35,0.851166912,20,0,0,1,1,1,MIT_392,test,best.pt,,,,,,,
0.4,0.851166912,20,0,0,1,1,1,MIT_392,test,best.pt,,,,,,,
0.45,0.851166912,20,0,0,1,1,1,MIT_392,test,best.pt,,,,,,,
0.5,0.851166912,20,0,0,1,1,1,MIT_392,test,best.pt,,,,,,,
0.2,0.773901845,20,0,0,1,1,1,MIT_395,test,best.pt,,,,,,,
0.25,0.773901845,20,0,0,1,1,1,MIT_395,test,best.pt,,,,,,,
0.3,0.773901845,20,0,0,1,1,1,MIT_395,test,best.pt,,,,,,,
0.35,0.773901845,20,0,0,1,1,1,MIT_395,test,best.pt,,,,,,,
0.4,0.773901845,20,0,0,1,1,1,MIT_395,test,best.pt,,,,,,,
0.45,0.773901845,20,0,0,1,1,1,MIT_395,test,best.pt,,,,,,,
0.5,0.773901845,20,0,0,1,1,1,MIT_395,test,best.pt,,,,,,,
0.2,0.799147385,20,0,0,1,1,1,MIT_396,test,best.pt,,,,,,,
0.25,0.799147385,20,0,0,1,1,1,MIT_396,test,best.pt,,,,,,,
0.3,0.799147385,20,0,0,1,1,1,MIT_396,test,best.pt,,,,,,,
0.35,0.799147385,20,0,0,1,1,1,MIT_396,test,best.pt,,,,,,,
0.4,0.799147385,20,0,0,1,1,1,MIT_396,test,best.pt,,,,,,,
0.45,0.799147385,20,0,0,1,1,1,MIT_396,test,best.pt,,,,,,,
0.5,0.799147385,20,0,0,1,1,1,MIT_396,test,best.pt,,,,,,,
0.2,0.808830489,20,0,0,1,1,1,MIT_398,test,best.pt,,,,,,,
0.25,0.808830489,20,0,0,1,1,1,MIT_398,test,best.pt,,,,,,,
0.3,0.808830489,20,0,0,1,1,1,MIT_398,test,best.pt,,,,,,,
0.35,0.808830489,20,0,0,1,1,1,MIT_398,test,best.pt,,,,,,,
0.4,0.808830489,20,0,0,1,1,1,MIT_398,test,best.pt,,,,,,,
0.45,0.808830489,20,0,0,1,1,1,MIT_398,test,best.pt,,,,,,,
0.5,0.808830489,20,0,0,1,1,1,MIT_398,test,best.pt,,,,,,,
0.2,0.819289039,20,0,0,1,1,1,MIT_401,test,best.pt,,,,,,,
0.25,0.819289039,20,0,0,1,1,1,MIT_401,test,best.pt,,,,,,,
0.3,0.819289039,20,0,0,1,1,1,MIT_401,test,best.pt,,,,,,,
0.35,0.819289039,20,0,0,1,1,1,MIT_401,test,best.pt,,,,,,,
0.4,0.819289039,20,0,0,1,1,1,MIT_401,test,best.pt,,,,,,,
0.45,0.819289039,20,0,0,1,1,1,MIT_401,test,best.pt,,,,,,,
0.5,0.819289039,20,0,0,1,1,1,MIT_401,test,best.pt,,,,,,,
0.2,0.814912249,20,0,0,1,1,1,MIT_406,test,best.pt,,,,,,,
0.25,0.814912249,20,0,0,1,1,1,MIT_406,test,best.pt,,,,,,,
0.3,0.814912249,20,0,0,1,1,1,MIT_406,test,best.pt,,,,,,,
0.35,0.814912249,20,0,0,1,1,1,MIT_406,test,best.pt,,,,,,,
0.4,0.814912249,20,0,0,1,1,1,MIT_406,test,best.pt,,,,,,,
0.45,0.814912249,20,0,0,1,1,1,MIT_406,test,best.pt,,,,,,,
0.5,0.814912249,20,0,0,1,1,1,MIT_406,test,best.pt,,,,,,,
0.2,0.808742354,21,0,0,1,1,1,MIT_414,test,best.pt,,,,,,,
0.25,0.808742354,21,0,0,1,1,1,MIT_414,test,best.pt,,,,,,,
0.3,0.808742354,21,0,0,1,1,1,MIT_414,test,best.pt,,,,,,,
0.35,0.808742354,21,0,0,1,1,1,MIT_414,test,best.pt,,,,,,,
0.4,0.808742354,21,0,0,1,1,1,MIT_414,test,best.pt,,,,,,,
0.45,0.808742354,21,0,0,1,1,1,MIT_414,test,best.pt,,,,,,,
0.5,0.808742354,21,0,0,1,1,1,MIT_414,test,best.pt,,,,,,,
0.2,0.846487648,21,0,0,1,1,1,MIT_416,test,best.pt,,,,,,,
0.25,0.846487648,21,0,0,1,1,1,MIT_416,test,best.pt,,,,,,,
0.3,0.846487648,21,0,0,1,1,1,MIT_416,test,best.pt,,,,,,,
0.35,0.846487648,21,0,0,1,1,1,MIT_416,test,best.pt,,,,,,,
0.4,0.846487648,21,0,0,1,1,1,MIT_416,test,best.pt,,,,,,,
0.45,0.846487648,21,0,0,1,1,1,MIT_416,test,best.pt,,,,,,,
0.5,0.846487648,21,0,0,1,1,1,MIT_416,test,best.pt,,,,,,,
0.2,0.785287074,20,0,0,1,1,1,MIT_422,test,best.pt,,,,,,,
0.25,0.785287074,20,0,0,1,1,1,MIT_422,test,best.pt,,,,,,,
0.3,0.785287074,20,0,0,1,1,1,MIT_422,test,best.pt,,,,,,,
0.35,0.785287074,20,0,0,1,1,1,MIT_422,test,best.pt,,,,,,,
0.4,0.785287074,20,0,0,1,1,1,MIT_422,test,best.pt,,,,,,,
0.45,0.785287074,20,0,0,1,1,1,MIT_422,test,best.pt,,,,,,,
0.5,0.785287074,20,0,0,1,1,1,MIT_422,test,best.pt,,,,,,,
0.2,0.821694408,20,0,0,1,1,1,MIT_424,test,best.pt,,,,,,,
0.25,0.821694408,20,0,0,1,1,1,MIT_424,test,best.pt,,,,,,,
0.3,0.821694408,20,0,0,1,1,1,MIT_424,test,best.pt,,,,,,,
0.35,0.821694408,20,0,0,1,1,1,MIT_424,test,best.pt,,,,,,,
0.4,0.821694408,20,0,0,1,1,1,MIT_424,test,best.pt,,,,,,,
0.45,0.821694408,20,0,0,1,1,1,MIT_424,test,best.pt,,,,,,,
0.5,0.821694408,20,0,0,1,1,1,MIT_424,test,best.pt,,,,,,,
0.2,0.822808027,21,0,0,1,1,1,MIT_428,test,best.pt,,,,,,,
0.25,0.822808027,21,0,0,1,1,1,MIT_428,test,best.pt,,,,,,,
0.3,0.822808027,21,0,0,1,1,1,MIT_428,test,best.pt,,,,,,,
0.35,0.822808027,21,0,0,1,1,1,MIT_428,test,best.pt,,,,,,,
0.4,0.822808027,21,0,0,1,1,1,MIT_428,test,best.pt,,,,,,,
0.45,0.822808027,21,0,0,1,1,1,MIT_428,test,best.pt,,,,,,,
0.5,0.822808027,21,0,0,1,1,1,MIT_428,test,best.pt,,,,,,,
0.2,0.854616989,20,0,0,1,1,1,MIT_429,test,best.pt,,,,,,,
0.25,0.854616989,20,0,0,1,1,1,MIT_429,test,best.pt,,,,,,,
0.3,0.854616989,20,0,0,1,1,1,MIT_429,test,best.pt,,,,,,,
0.35,0.854616989,20,0,0,1,1,1,MIT_429,test,best.pt,,,,,,,
0.4,0.854616989,20,0,0,1,1,1,MIT_429,test,best.pt,,,,,,,
0.45,0.854616989,20,0,0,1,1,1,MIT_429,test,best.pt,,,,,,,
0.5,0.854616989,20,0,0,1,1,1,MIT_429,test,best.pt,,,,,,,
0.2,0.871979362,20,0,0,1,1,1,MIT_430,test,best.pt,,,,,,,
0.25,0.871979362,20,0,0,1,1,1,MIT_430,test,best.pt,,,,,,,
0.3,0.871979362,20,0,0,1,1,1,MIT_430,test,best.pt,,,,,,,
0.35,0.871979362,20,0,0,1,1,1,MIT_430,test,best.pt,,,,,,,
0.4,0.871979362,20,0,0,1,1,1,MIT_430,test,best.pt,,,,,,,
0.45,0.871979362,20,0,0,1,1,1,MIT_430,test,best.pt,,,,,,,
0.5,0.871979362,20,0,0,1,1,1,MIT_430,test,best.pt,,,,,,,
0.2,0.818364828,20,0,0,1,1,1,MIT_431,test,best.pt,,,,,,,
0.25,0.818364828,20,0,0,1,1,1,MIT_431,test,best.pt,,,,,,,
0.3,0.818364828,20,0,0,1,1,1,MIT_431,test,best.pt,,,,,,,
0.35,0.818364828,20,0,0,1,1,1,MIT_431,test,best.pt,,,,,,,
0.4,0.818364828,20,0,0,1,1,1,MIT_431,test,best.pt,,,,,,,
0.45,0.818364828,20,0,0,1,1,1,MIT_431,test,best.pt,,,,,,,
0.5,0.818364828,20,0,0,1,1,1,MIT_431,test,best.pt,,,,,,,
0.2,0.836668894,20,0,0,1,1,1,MIT_433,test,best.pt,,,,,,,
0.25,0.836668894,20,0,0,1,1,1,MIT_433,test,best.pt,,,,,,,
0.3,0.836668894,20,0,0,1,1,1,MIT_433,test,best.pt,,,,,,,
0.35,0.836668894,20,0,0,1,1,1,MIT_433,test,best.pt,,,,,,,
0.4,0.836668894,20,0,0,1,1,1,MIT_433,test,best.pt,,,,,,,
0.45,0.836668894,20,0,0,1,1,1,MIT_433,test,best.pt,,,,,,,
0.5,0.836668894,20,0,0,1,1,1,MIT_433,test,best.pt,,,,,,,
0.2,0.76103808,20,1,0,0.95,1,0.98,MIT_434,test,best.pt,,,,,,,
0.25,0.76103808,20,1,0,0.95,1,0.98,MIT_434,test,best.pt,,,,,,,
0.3,0.76103808,20,1,0,0.95,1,0.98,MIT_434,test,best.pt,,,,,,,
0.35,0.76103808,20,1,0,0.95,1,0.98,MIT_434,test,best.pt,,,,,,,
0.4,0.76103808,20,1,0,0.95,1,0.98,MIT_434,test,best.pt,,,,,,,
0.45,0.76103808,20,1,0,0.95,1,0.98,MIT_434,test,best.pt,,,,,,,
0.5,0.76103808,20,1,0,0.95,1,0.98,MIT_434,test,best.pt,,,,,,,
0.2,0.832748442,20,0,0,1,1,1,MIT_435,test,best.pt,,,,,,,
0.25,0.832748442,20,0,0,1,1,1,MIT_435,test,best.pt,,,,,,,
0.3,0.832748442,20,0,0,1,1,1,MIT_435,test,best.pt,,,,,,,
0.35,0.832748442,20,0,0,1,1,1,MIT_435,test,best.pt,,,,,,,
0.4,0.832748442,20,0,0,1,1,1,MIT_435,test,best.pt,,,,,,,
0.45,0.832748442,20,0,0,1,1,1,MIT_435,test,best.pt,,,,,,,
0.5,0.832748442,20,0,0,1,1,1,MIT_435,test,best.pt,,,,,,,
0.2,0.828628864,20,0,0,1,1,1,MIT_436,test,best.pt,,,,,,,
0.25,0.828628864,20,0,0,1,1,1,MIT_436,test,best.pt,,,,,,,
0.3,0.828628864,20,0,0,1,1,1,MIT_436,test,best.pt,,,,,,,
0.35,0.828628864,20,0,0,1,1,1,MIT_436,test,best.pt,,,,,,,
0.4,0.828628864,20,0,0,1,1,1,MIT_436,test,best.pt,,,,,,,
0.45,0.828628864,20,0,0,1,1,1,MIT_436,test,best.pt,,,,,,,
0.5,0.828628864,20,0,0,1,1,1,MIT_436,test,best.pt,,,,,,,
0.2,0.868696923,19,0,0,1,1,1,MIT_437,test,best.pt,,,,,,,
0.25,0.868696923,19,0,0,1,1,1,MIT_437,test,best.pt,,,,,,,
0.3,0.868696923,19,0,0,1,1,1,MIT_437,test,best.pt,,,,,,,
0.35,0.868696923,19,0,0,1,1,1,MIT_437,test,best.pt,,,,,,,
0.4,0.868696923,19,0,0,1,1,1,MIT_437,test,best.pt,,,,,,,
0.45,0.868696923,19,0,0,1,1,1,MIT_437,test,best.pt,,,,,,,
0.5,0.868696923,19,0,0,1,1,1,MIT_437,test,best.pt,,,,,,,
0.2,0.860083178,20,0,0,1,1,1,MIT_444,test,best.pt,,,,,,,
0.25,0.860083178,20,0,0,1,1,1,MIT_444,test,best.pt,,,,,,,
0.3,0.860083178,20,0,0,1,1,1,MIT_444,test,best.pt,,,,,,,
0.35,0.860083178,20,0,0,1,1,1,MIT_444,test,best.pt,,,,,,,
0.4,0.860083178,20,0,0,1,1,1,MIT_444,test,best.pt,,,,,,,
0.45,0.860083178,20,0,0,1,1,1,MIT_444,test,best.pt,,,,,,,
0.5,0.860083178,20,0,0,1,1,1,MIT_444,test,best.pt,,,,,,,
0.2,0.824366428,20,0,0,1,1,1,MIT_445,test,best.pt,,,,,,,
0.25,0.824366428,20,0,0,1,1,1,MIT_445,test,best.pt,,,,,,,
0.3,0.824366428,20,0,0,1,1,1,MIT_445,test,best.pt,,,,,,,
0.35,0.824366428,20,0,0,1,1,1,MIT_445,test,best.pt,,,,,,,
0.4,0.824366428,20,0,0,1,1,1,MIT_445,test,best.pt,,,,,,,
0.45,0.824366428,20,0,0,1,1,1,MIT_445,test,best.pt,,,,,,,
0.5,0.824366428,20,0,0,1,1,1,MIT_445,test,best.pt,,,,,,,
0.2,0.814721943,19,0,0,1,1,1,MIT_447,test,best.pt,,,,,,,
0.25,0.814721943,19,0,0,1,1,1,MIT_447,test,best.pt,,,,,,,
0.3,0.814721943,19,0,0,1,1,1,MIT_447,test,best.pt,,,,,,,
0.35,0.814721943,19,0,0,1,1,1,MIT_447,test,best.pt,,,,,,,
0.4,0.814721943,19,0,0,1,1,1,MIT_447,test,best.pt,,,,,,,
0.45,0.814721943,19,0,0,1,1,1,MIT_447,test,best.pt,,,,,,,
0.5,0.814721943,19,0,0,1,1,1,MIT_447,test,best.pt,,,,,,,
0.2,0.790916004,21,0,0,1,1,1,MIT_448,test,best.pt,,,,,,,
0.25,0.790916004,21,0,0,1,1,1,MIT_448,test,best.pt,,,,,,,
0.3,0.790916004,21,0,0,1,1,1,MIT_448,test,best.pt,,,,,,,
0.35,0.790916004,21,0,0,1,1,1,MIT_448,test,best.pt,,,,,,,
0.4,0.790916004,21,0,0,1,1,1,MIT_448,test,best.pt,,,,,,,
0.45,0.790916004,21,0,0,1,1,1,MIT_448,test,best.pt,,,,,,,
0.5,0.790916004,21,0,0,1,1,1,MIT_448,test,best.pt,,,,,,,
0.2,0.83696793,20,0,0,1,1,1,MIT_45,test,best.pt,,,,,,,
0.25,0.83696793,20,0,0,1,1,1,MIT_45,test,best.pt,,,,,,,
0.3,0.83696793,20,0,0,1,1,1,MIT_45,test,best.pt,,,,,,,
0.35,0.83696793,20,0,0,1,1,1,MIT_45,test,best.pt,,,,,,,
0.4,0.83696793,20,0,0,1,1,1,MIT_45,test,best.pt,,,,,,,
0.45,0.83696793,20,0,0,1,1,1,MIT_45,test,best.pt,,,,,,,
0.5,0.83696793,20,0,0,1,1,1,MIT_45,test,best.pt,,,,,,,
0.2,0.754247211,20,1,0,0.95,1,0.98,MIT_456,test,best.pt,,,,,,,
0.25,0.754247211,20,1,0,0.95,1,0.98,MIT_456,test,best.pt,,,,,,,
0.3,0.754247211,20,1,0,0.95,1,0.98,MIT_456,test,best.pt,,,,,,,
0.35,0.754247211,20,1,0,0.95,1,0.98,MIT_456,test,best.pt,,,,,,,
0.4,0.754247211,20,1,0,0.95,1,0.98,MIT_456,test,best.pt,,,,,,,
0.45,0.719963249,19,2,1,0.9,0.95,0.93,MIT_456,test,best.pt,,,,,,,
0.5,0.719963249,19,2,1,0.9,0.95,0.93,MIT_456,test,best.pt,,,,,,,
0.2,0.830793514,20,0,0,1,1,1,MIT_465,test,best.pt,,,,,,,
0.25,0.830793514,20,0,0,1,1,1,MIT_465,test,best.pt,,,,,,,
0.3,0.830793514,20,0,0,1,1,1,MIT_465,test,best.pt,,,,,,,
0.35,0.830793514,20,0,0,1,1,1,MIT_465,test,best.pt,,,,,,,
0.4,0.830793514,20,0,0,1,1,1,MIT_465,test,best.pt,,,,,,,
0.45,0.830793514,20,0,0,1,1,1,MIT_465,test,best.pt,,,,,,,
0.5,0.830793514,20,0,0,1,1,1,MIT_465,test,best.pt,,,,,,,
0.2,0.854363552,20,0,0,1,1,1,MIT_466,test,best.pt,,,,,,,
0.25,0.854363552,20,0,0,1,1,1,MIT_466,test,best.pt,,,,,,,
0.3,0.854363552,20,0,0,1,1,1,MIT_466,test,best.pt,,,,,,,
0.35,0.854363552,20,0,0,1,1,1,MIT_466,test,best.pt,,,,,,,
0.4,0.854363552,20,0,0,1,1,1,MIT_466,test,best.pt,,,,,,,
0.45,0.854363552,20,0,0,1,1,1,MIT_466,test,best.pt,,,,,,,
0.5,0.854363552,20,0,0,1,1,1,MIT_466,test,best.pt,,,,,,,
0.2,0.834329542,20,0,0,1,1,1,MIT_47,test,best.pt,,,,,,,
0.25,0.834329542,20,0,0,1,1,1,MIT_47,test,best.pt,,,,,,,
0.3,0.834329542,20,0,0,1,1,1,MIT_47,test,best.pt,,,,,,,
0.35,0.834329542,20,0,0,1,1,1,MIT_47,test,best.pt,,,,,,,
0.4,0.834329542,20,0,0,1,1,1,MIT_47,test,best.pt,,,,,,,
0.45,0.834329542,20,0,0,1,1,1,MIT_47,test,best.pt,,,,,,,
0.5,0.834329542,20,0,0,1,1,1,MIT_47,test,best.pt,,,,,,,
0.2,0.759599207,19,0,0,1,1,1,MIT_470,test,best.pt,,,,,,,
0.25,0.759599207,19,0,0,1,1,1,MIT_470,test,best.pt,,,,,,,
0.3,0.759599207,19,0,0,1,1,1,MIT_470,test,best.pt,,,,,,,
0.35,0.759599207,19,0,0,1,1,1,MIT_470,test,best.pt,,,,,,,
0.4,0.759599207,19,0,0,1,1,1,MIT_470,test,best.pt,,,,,,,
0.45,0.759599207,19,0,0,1,1,1,MIT_470,test,best.pt,,,,,,,
0.5,0.759599207,19,0,0,1,1,1,MIT_470,test,best.pt,,,,,,,
0.2,0.795268148,20,0,0,1,1,1,MIT_48,test,best.pt,,,,,,,
0.25,0.795268148,20,0,0,1,1,1,MIT_48,test,best.pt,,,,,,,
0.3,0.795268148,20,0,0,1,1,1,MIT_48,test,best.pt,,,,,,,
0.35,0.795268148,20,0,0,1,1,1,MIT_48,test,best.pt,,,,,,,
0.4,0.795268148,20,0,0,1,1,1,MIT_48,test,best.pt,,,,,,,
0.45,0.795268148,20,0,0,1,1,1,MIT_48,test,best.pt,,,,,,,
0.5,0.795268148,20,0,0,1,1,1,MIT_48,test,best.pt,,,,,,,
0.2,0.761541523,20,0,0,1,1,1,MIT_482,test,best.pt,,,,,,,
0.25,0.761541523,20,0,0,1,1,1,MIT_482,test,best.pt,,,,,,,
0.3,0.761541523,20,0,0,1,1,1,MIT_482,test,best.pt,,,,,,,
0.35,0.761541523,20,0,0,1,1,1,MIT_482,test,best.pt,,,,,,,
0.4,0.761541523,20,0,0,1,1,1,MIT_482,test,best.pt,,,,,,,
0.45,0.761541523,20,0,0,1,1,1,MIT_482,test,best.pt,,,,,,,
0.5,0.761541523,20,0,0,1,1,1,MIT_482,test,best.pt,,,,,,,
0.2,0.776709823,21,0,0,1,1,1,MIT_484,test,best.pt,,,,,,,
0.25,0.776709823,21,0,0,1,1,1,MIT_484,test,best.pt,,,,,,,
0.3,0.776709823,21,0,0,1,1,1,MIT_484,test,best.pt,,,,,,,
0.35,0.776709823,21,0,0,1,1,1,MIT_484,test,best.pt,,,,,,,
0.4,0.776709823,21,0,0,1,1,1,MIT_484,test,best.pt,,,,,,,
0.45,0.776709823,21,0,0,1,1,1,MIT_484,test,best.pt,,,,,,,
0.5,0.776709823,21,0,0,1,1,1,MIT_484,test,best.pt,,,,,,,
0.2,0.805784968,20,0,0,1,1,1,MIT_488,test,best.pt,,,,,,,
0.25,0.805784968,20,0,0,1,1,1,MIT_488,test,best.pt,,,,,,,
0.3,0.805784968,20,0,0,1,1,1,MIT_488,test,best.pt,,,,,,,
0.35,0.805784968,20,0,0,1,1,1,MIT_488,test,best.pt,,,,,,,
0.4,0.805784968,20,0,0,1,1,1,MIT_488,test,best.pt,,,,,,,
0.45,0.805784968,20,0,0,1,1,1,MIT_488,test,best.pt,,,,,,,
0.5,0.805784968,20,0,0,1,1,1,MIT_488,test,best.pt,,,,,,,
0.2,0.806931619,20,1,0,0.95,1,0.98,MIT_489,test,best.pt,,,,,,,
0.25,0.806931619,20,1,0,0.95,1,0.98,MIT_489,test,best.pt,,,,,,,
0.3,0.806931619,20,1,0,0.95,1,0.98,MIT_489,test,best.pt,,,,,,,
0.35,0.806931619,20,1,0,0.95,1,0.98,MIT_489,test,best.pt,,,,,,,
0.4,0.806931619,20,1,0,0.95,1,0.98,MIT_489,test,best.pt,,,,,,,
0.45,0.806931619,20,1,0,0.95,1,0.98,MIT_489,test,best.pt,,,,,,,
0.5,0.806931619,20,1,0,0.95,1,0.98,MIT_489,test,best.pt,,,,,,,
0.2,0.779019683,19,1,0,0.95,1,0.97,MIT_494,test,best.pt,,,,,,,
0.25,0.779019683,19,1,0,0.95,1,0.97,MIT_494,test,best.pt,,,,,,,
0.3,0.779019683,19,1,0,0.95,1,0.97,MIT_494,test,best.pt,,,,,,,
0.35,0.779019683,19,1,0,0.95,1,0.97,MIT_494,test,best.pt,,,,,,,
0.4,0.779019683,19,1,0,0.95,1,0.97,MIT_494,test,best.pt,,,,,,,
0.45,0.741923509,18,2,1,0.9,0.95,0.92,MIT_494,test,best.pt,,,,,,,
0.5,0.741923509,18,2,1,0.9,0.95,0.92,MIT_494,test,best.pt,,,,,,,
0.2,0.86648494,20,0,0,1,1,1,MIT_499,test,best.pt,,,,,,,
0.25,0.86648494,20,0,0,1,1,1,MIT_499,test,best.pt,,,,,,,
0.3,0.86648494,20,0,0,1,1,1,MIT_499,test,best.pt,,,,,,,
0.35,0.86648494,20,0,0,1,1,1,MIT_499,test,best.pt,,,,,,,
0.4,0.86648494,20,0,0,1,1,1,MIT_499,test,best.pt,,,,,,,
0.45,0.86648494,20,0,0,1,1,1,MIT_499,test,best.pt,,,,,,,
0.5,0.86648494,20,0,0,1,1,1,MIT_499,test,best.pt,,,,,,,
0.2,0.834243295,20,0,0,1,1,1,MIT_50,test,best.pt,,,,,,,
0.25,0.834243295,20,0,0,1,1,1,MIT_50,test,best.pt,,,,,,,
0.3,0.834243295,20,0,0,1,1,1,MIT_50,test,best.pt,,,,,,,
0.35,0.834243295,20,0,0,1,1,1,MIT_50,test,best.pt,,,,,,,
0.4,0.834243295,20,0,0,1,1,1,MIT_50,test,best.pt,,,,,,,
0.45,0.834243295,20,0,0,1,1,1,MIT_50,test,best.pt,,,,,,,
0.5,0.834243295,20,0,0,1,1,1,MIT_50,test,best.pt,,,,,,,
0.2,0.834265004,20,0,0,1,1,1,MIT_501,test,best.pt,,,,,,,
0.25,0.834265004,20,0,0,1,1,1,MIT_501,test,best.pt,,,,,,,
0.3,0.834265004,20,0,0,1,1,1,MIT_501,test,best.pt,,,,,,,
0.35,0.834265004,20,0,0,1,1,1,MIT_501,test,best.pt,,,,,,,
0.4,0.834265004,20,0,0,1,1,1,MIT_501,test,best.pt,,,,,,,
0.45,0.834265004,20,0,0,1,1,1,MIT_501,test,best.pt,,,,,,,
0.5,0.834265004,20,0,0,1,1,1,MIT_501,test,best.pt,,,,,,,
0.2,0.80408658,20,0,0,1,1,1,MIT_507,test,best.pt,,,,,,,
0.25,0.80408658,20,0,0,1,1,1,MIT_507,test,best.pt,,,,,,,
0.3,0.80408658,20,0,0,1,1,1,MIT_507,test,best.pt,,,,,,,
0.35,0.80408658,20,0,0,1,1,1,MIT_507,test,best.pt,,,,,,,
0.4,0.80408658,20,0,0,1,1,1,MIT_507,test,best.pt,,,,,,,
0.45,0.80408658,20,0,0,1,1,1,MIT_507,test,best.pt,,,,,,,
0.5,0.80408658,20,0,0,1,1,1,MIT_507,test,best.pt,,,,,,,
0.2,0.743699259,20,0,0,1,1,1,MIT_509,test,best.pt,,,,,,,
0.25,0.743699259,20,0,0,1,1,1,MIT_509,test,best.pt,,,,,,,
0.3,0.743699259,20,0,0,1,1,1,MIT_509,test,best.pt,,,,,,,
0.35,0.743699259,20,0,0,1,1,1,MIT_509,test,best.pt,,,,,,,
0.4,0.743699259,20,0,0,1,1,1,MIT_509,test,best.pt,,,,,,,
0.45,0.743699259,20,0,0,1,1,1,MIT_509,test,best.pt,,,,,,,
0.5,0.743699259,20,0,0,1,1,1,MIT_509,test,best.pt,,,,,,,
0.2,0.824661664,20,0,0,1,1,1,MIT_511,test,best.pt,,,,,,,
0.25,0.824661664,20,0,0,1,1,1,MIT_511,test,best.pt,,,,,,,
0.3,0.824661664,20,0,0,1,1,1,MIT_511,test,best.pt,,,,,,,
0.35,0.824661664,20,0,0,1,1,1,MIT_511,test,best.pt,,,,,,,
0.4,0.824661664,20,0,0,1,1,1,MIT_511,test,best.pt,,,,,,,
0.45,0.824661664,20,0,0,1,1,1,MIT_511,test,best.pt,,,,,,,
0.5,0.824661664,20,0,0,1,1,1,MIT_511,test,best.pt,,,,,,,
0.2,0.803076053,20,0,0,1,1,1,MIT_515,test,best.pt,,,,,,,
0.25,0.803076053,20,0,0,1,1,1,MIT_515,test,best.pt,,,,,,,
0.3,0.803076053,20,0,0,1,1,1,MIT_515,test,best.pt,,,,,,,
0.35,0.803076053,20,0,0,1,1,1,MIT_515,test,best.pt,,,,,,,
0.4,0.803076053,20,0,0,1,1,1,MIT_515,test,best.pt,,,,,,,
0.45,0.803076053,20,0,0,1,1,1,MIT_515,test,best.pt,,,,,,,
0.5,0.803076053,20,0,0,1,1,1,MIT_515,test,best.pt,,,,,,,
0.2,0.853726422,20,0,0,1,1,1,MIT_52,test,best.pt,,,,,,,
0.25,0.853726422,20,0,0,1,1,1,MIT_52,test,best.pt,,,,,,,
0.3,0.853726422,20,0,0,1,1,1,MIT_52,test,best.pt,,,,,,,
0.35,0.853726422,20,0,0,1,1,1,MIT_52,test,best.pt,,,,,,,
0.4,0.853726422,20,0,0,1,1,1,MIT_52,test,best.pt,,,,,,,
0.45,0.853726422,20,0,0,1,1,1,MIT_52,test,best.pt,,,,,,,
0.5,0.853726422,20,0,0,1,1,1,MIT_52,test,best.pt,,,,,,,
0.2,0.805223463,20,0,0,1,1,1,MIT_522,test,best.pt,,,,,,,
0.25,0.805223463,20,0,0,1,1,1,MIT_522,test,best.pt,,,,,,,
0.3,0.805223463,20,0,0,1,1,1,MIT_522,test,best.pt,,,,,,,
0.35,0.805223463,20,0,0,1,1,1,MIT_522,test,best.pt,,,,,,,
0.4,0.805223463,20,0,0,1,1,1,MIT_522,test,best.pt,,,,,,,
0.45,0.805223463,20,0,0,1,1,1,MIT_522,test,best.pt,,,,,,,
0.5,0.805223463,20,0,0,1,1,1,MIT_522,test,best.pt,,,,,,,
0.2,0.796884801,19,1,0,0.95,1,0.97,MIT_523,test,best.pt,,,,,,,
0.25,0.796884801,19,1,0,0.95,1,0.97,MIT_523,test,best.pt,,,,,,,
0.3,0.796884801,19,1,0,0.95,1,0.97,MIT_523,test,best.pt,,,,,,,
0.35,0.796884801,19,1,0,0.95,1,0.97,MIT_523,test,best.pt,,,,,,,
0.4,0.796884801,19,1,0,0.95,1,0.97,MIT_523,test,best.pt,,,,,,,
0.45,0.796884801,19,1,0,0.95,1,0.97,MIT_523,test,best.pt,,,,,,,
0.5,0.796884801,19,1,0,0.95,1,0.97,MIT_523,test,best.pt,,,,,,,
0.2,0.872919734,20,0,0,1,1,1,MIT_524,test,best.pt,,,,,,,
0.25,0.872919734,20,0,0,1,1,1,MIT_524,test,best.pt,,,,,,,
0.3,0.872919734,20,0,0,1,1,1,MIT_524,test,best.pt,,,,,,,
0.35,0.872919734,20,0,0,1,1,1,MIT_524,test,best.pt,,,,,,,
0.4,0.872919734,20,0,0,1,1,1,MIT_524,test,best.pt,,,,,,,
0.45,0.872919734,20,0,0,1,1,1,MIT_524,test,best.pt,,,,,,,
0.5,0.872919734,20,0,0,1,1,1,MIT_524,test,best.pt,,,,,,,
0.2,0.847325219,20,0,0,1,1,1,MIT_526,test,best.pt,,,,,,,
0.25,0.847325219,20,0,0,1,1,1,MIT_526,test,best.pt,,,,,,,
0.3,0.847325219,20,0,0,1,1,1,MIT_526,test,best.pt,,,,,,,
0.35,0.847325219,20,0,0,1,1,1,MIT_526,test,best.pt,,,,,,,
0.4,0.847325219,20,0,0,1,1,1,MIT_526,test,best.pt,,,,,,,
0.45,0.847325219,20,0,0,1,1,1,MIT_526,test,best.pt,,,,,,,
0.5,0.847325219,20,0,0,1,1,1,MIT_526,test,best.pt,,,,,,,
0.2,0.832212209,19,0,0,1,1,1,MIT_527,test,best.pt,,,,,,,
0.25,0.832212209,19,0,0,1,1,1,MIT_527,test,best.pt,,,,,,,
0.3,0.832212209,19,0,0,1,1,1,MIT_527,test,best.pt,,,,,,,
0.35,0.832212209,19,0,0,1,1,1,MIT_527,test,best.pt,,,,,,,
0.4,0.832212209,19,0,0,1,1,1,MIT_527,test,best.pt,,,,,,,
0.45,0.832212209,19,0,0,1,1,1,MIT_527,test,best.pt,,,,,,,
0.5,0.790601601,18,1,1,0.95,0.95,0.95,MIT_527,test,best.pt,,,,,,,
0.2,0.800502827,20,0,0,1,1,1,MIT_529,test,best.pt,,,,,,,
0.25,0.800502827,20,0,0,1,1,1,MIT_529,test,best.pt,,,,,,,
0.3,0.800502827,20,0,0,1,1,1,MIT_529,test,best.pt,,,,,,,
0.35,0.800502827,20,0,0,1,1,1,MIT_529,test,best.pt,,,,,,,
0.4,0.800502827,20,0,0,1,1,1,MIT_529,test,best.pt,,,,,,,
0.45,0.800502827,20,0,0,1,1,1,MIT_529,test,best.pt,,,,,,,
0.5,0.800502827,20,0,0,1,1,1,MIT_529,test,best.pt,,,,,,,
0.2,0.74118897,20,0,0,1,1,1,MIT_53,test,best.pt,,,,,,,
0.25,0.74118897,20,0,0,1,1,1,MIT_53,test,best.pt,,,,,,,
0.3,0.74118897,20,0,0,1,1,1,MIT_53,test,best.pt,,,,,,,
0.35,0.74118897,20,0,0,1,1,1,MIT_53,test,best.pt,,,,,,,
0.4,0.74118897,20,0,0,1,1,1,MIT_53,test,best.pt,,,,,,,
0.45,0.74118897,20,0,0,1,1,1,MIT_53,test,best.pt,,,,,,,
0.5,0.705894258,19,1,1,0.95,0.95,0.95,MIT_53,test,best.pt,,,,,,,
0.2,0.812705116,20,0,0,1,1,1,MIT_530,test,best.pt,,,,,,,
0.25,0.812705116,20,0,0,1,1,1,MIT_530,test,best.pt,,,,,,,
0.3,0.812705116,20,0,0,1,1,1,MIT_530,test,best.pt,,,,,,,
0.35,0.812705116,20,0,0,1,1,1,MIT_530,test,best.pt,,,,,,,
0.4,0.812705116,20,0,0,1,1,1,MIT_530,test,best.pt,,,,,,,
0.45,0.812705116,20,0,0,1,1,1,MIT_530,test,best.pt,,,,,,,
0.5,0.812705116,20,0,0,1,1,1,MIT_530,test,best.pt,,,,,,,
0.2,0.805732505,20,0,0,1,1,1,MIT_532,test,best.pt,,,,,,,
0.25,0.805732505,20,0,0,1,1,1,MIT_532,test,best.pt,,,,,,,
0.3,0.805732505,20,0,0,1,1,1,MIT_532,test,best.pt,,,,,,,
0.35,0.805732505,20,0,0,1,1,1,MIT_532,test,best.pt,,,,,,,
0.4,0.805732505,20,0,0,1,1,1,MIT_532,test,best.pt,,,,,,,
0.45,0.805732505,20,0,0,1,1,1,MIT_532,test,best.pt,,,,,,,
0.5,0.805732505,20,0,0,1,1,1,MIT_532,test,best.pt,,,,,,,
0.2,0.856347925,20,0,0,1,1,1,MIT_536,test,best.pt,,,,,,,
0.25,0.856347925,20,0,0,1,1,1,MIT_536,test,best.pt,,,,,,,
0.3,0.856347925,20,0,0,1,1,1,MIT_536,test,best.pt,,,,,,,
0.35,0.856347925,20,0,0,1,1,1,MIT_536,test,best.pt,,,,,,,
0.4,0.856347925,20,0,0,1,1,1,MIT_536,test,best.pt,,,,,,,
0.45,0.856347925,20,0,0,1,1,1,MIT_536,test,best.pt,,,,,,,
0.5,0.856347925,20,0,0,1,1,1,MIT_536,test,best.pt,,,,,,,
0.2,0.762933212,20,0,0,1,1,1,MIT_541,test,best.pt,,,,,,,
0.25,0.762933212,20,0,0,1,1,1,MIT_541,test,best.pt,,,,,,,
0.3,0.762933212,20,0,0,1,1,1,MIT_541,test,best.pt,,,,,,,
0.35,0.762933212,20,0,0,1,1,1,MIT_541,test,best.pt,,,,,,,
0.4,0.762933212,20,0,0,1,1,1,MIT_541,test,best.pt,,,,,,,
0.45,0.762933212,20,0,0,1,1,1,MIT_541,test,best.pt,,,,,,,
0.5,0.762933212,20,0,0,1,1,1,MIT_541,test,best.pt,,,,,,,
0.2,0.856036749,20,0,0,1,1,1,MIT_545,test,best.pt,,,,,,,
0.25,0.856036749,20,0,0,1,1,1,MIT_545,test,best.pt,,,,,,,
0.3,0.856036749,20,0,0,1,1,1,MIT_545,test,best.pt,,,,,,,
0.35,0.856036749,20,0,0,1,1,1,MIT_545,test,best.pt,,,,,,,
0.4,0.856036749,20,0,0,1,1,1,MIT_545,test,best.pt,,,,,,,
0.45,0.856036749,20,0,0,1,1,1,MIT_545,test,best.pt,,,,,,,
0.5,0.856036749,20,0,0,1,1,1,MIT_545,test,best.pt,,,,,,,
0.2,0.869838792,20,0,0,1,1,1,MIT_546,test,best.pt,,,,,,,
0.25,0.869838792,20,0,0,1,1,1,MIT_546,test,best.pt,,,,,,,
0.3,0.869838792,20,0,0,1,1,1,MIT_546,test,best.pt,,,,,,,
0.35,0.869838792,20,0,0,1,1,1,MIT_546,test,best.pt,,,,,,,
0.4,0.869838792,20,0,0,1,1,1,MIT_546,test,best.pt,,,,,,,
0.45,0.869838792,20,0,0,1,1,1,MIT_546,test,best.pt,,,,,,,
0.5,0.869838792,20,0,0,1,1,1,MIT_546,test,best.pt,,,,,,,
0.2,0.829639191,20,0,0,1,1,1,MIT_547,test,best.pt,,,,,,,
0.25,0.829639191,20,0,0,1,1,1,MIT_547,test,best.pt,,,,,,,
0.3,0.829639191,20,0,0,1,1,1,MIT_547,test,best.pt,,,,,,,
0.35,0.829639191,20,0,0,1,1,1,MIT_547,test,best.pt,,,,,,,
0.4,0.829639191,20,0,0,1,1,1,MIT_547,test,best.pt,,,,,,,
0.45,0.829639191,20,0,0,1,1,1,MIT_547,test,best.pt,,,,,,,
0.5,0.829639191,20,0,0,1,1,1,MIT_547,test,best.pt,,,,,,,
0.2,0.807689767,19,0,1,1,0.95,0.97,MIT_55,test,best.pt,,,,,,,
0.25,0.807689767,19,0,1,1,0.95,0.97,MIT_55,test,best.pt,,,,,,,
0.3,0.807689767,19,0,1,1,0.95,0.97,MIT_55,test,best.pt,,,,,,,
0.35,0.807689767,19,0,1,1,0.95,0.97,MIT_55,test,best.pt,,,,,,,
0.4,0.807689767,19,0,1,1,0.95,0.97,MIT_55,test,best.pt,,,,,,,
0.45,0.807689767,19,0,1,1,0.95,0.97,MIT_55,test,best.pt,,,,,,,
0.5,0.807689767,19,0,1,1,0.95,0.97,MIT_55,test,best.pt,,,,,,,
0.2,0.846029852,20,0,0,1,1,1,MIT_553,test,best.pt,,,,,,,
0.25,0.846029852,20,0,0,1,1,1,MIT_553,test,best.pt,,,,,,,
0.3,0.846029852,20,0,0,1,1,1,MIT_553,test,best.pt,,,,,,,
0.35,0.846029852,20,0,0,1,1,1,MIT_553,test,best.pt,,,,,,,
0.4,0.846029852,20,0,0,1,1,1,MIT_553,test,best.pt,,,,,,,
0.45,0.846029852,20,0,0,1,1,1,MIT_553,test,best.pt,,,,,,,
0.5,0.846029852,20,0,0,1,1,1,MIT_553,test,best.pt,,,,,,,
0.2,0.844666342,20,0,0,1,1,1,MIT_554,test,best.pt,,,,,,,
0.25,0.844666342,20,0,0,1,1,1,MIT_554,test,best.pt,,,,,,,
0.3,0.844666342,20,0,0,1,1,1,MIT_554,test,best.pt,,,,,,,
0.35,0.844666342,20,0,0,1,1,1,MIT_554,test,best.pt,,,,,,,
0.4,0.844666342,20,0,0,1,1,1,MIT_554,test,best.pt,,,,,,,
0.45,0.844666342,20,0,0,1,1,1,MIT_554,test,best.pt,,,,,,,
0.5,0.844666342,20,0,0,1,1,1,MIT_554,test,best.pt,,,,,,,
0.2,0.854941841,20,0,0,1,1,1,MIT_558,test,best.pt,,,,,,,
0.25,0.854941841,20,0,0,1,1,1,MIT_558,test,best.pt,,,,,,,
0.3,0.854941841,20,0,0,1,1,1,MIT_558,test,best.pt,,,,,,,
0.35,0.854941841,20,0,0,1,1,1,MIT_558,test,best.pt,,,,,,,
0.4,0.854941841,20,0,0,1,1,1,MIT_558,test,best.pt,,,,,,,
0.45,0.854941841,20,0,0,1,1,1,MIT_558,test,best.pt,,,,,,,
0.5,0.854941841,20,0,0,1,1,1,MIT_558,test,best.pt,,,,,,,
0.2,0.861472736,20,0,0,1,1,1,MIT_56,test,best.pt,,,,,,,
0.25,0.861472736,20,0,0,1,1,1,MIT_56,test,best.pt,,,,,,,
0.3,0.861472736,20,0,0,1,1,1,MIT_56,test,best.pt,,,,,,,
0.35,0.861472736,20,0,0,1,1,1,MIT_56,test,best.pt,,,,,,,
0.4,0.861472736,20,0,0,1,1,1,MIT_56,test,best.pt,,,,,,,
0.45,0.861472736,20,0,0,1,1,1,MIT_56,test,best.pt,,,,,,,
0.5,0.861472736,20,0,0,1,1,1,MIT_56,test,best.pt,,,,,,,
0.2,0.836495721,20,0,0,1,1,1,MIT_560,test,best.pt,,,,,,,
0.25,0.836495721,20,0,0,1,1,1,MIT_560,test,best.pt,,,,,,,
0.3,0.836495721,20,0,0,1,1,1,MIT_560,test,best.pt,,,,,,,
0.35,0.836495721,20,0,0,1,1,1,MIT_560,test,best.pt,,,,,,,
0.4,0.836495721,20,0,0,1,1,1,MIT_560,test,best.pt,,,,,,,
0.45,0.836495721,20,0,0,1,1,1,MIT_560,test,best.pt,,,,,,,
0.5,0.836495721,20,0,0,1,1,1,MIT_560,test,best.pt,,,,,,,
0.2,0.836189022,20,0,0,1,1,1,MIT_562,test,best.pt,,,,,,,
0.25,0.836189022,20,0,0,1,1,1,MIT_562,test,best.pt,,,,,,,
0.3,0.836189022,20,0,0,1,1,1,MIT_562,test,best.pt,,,,,,,
0.35,0.836189022,20,0,0,1,1,1,MIT_562,test,best.pt,,,,,,,
0.4,0.836189022,20,0,0,1,1,1,MIT_562,test,best.pt,,,,,,,
0.45,0.836189022,20,0,0,1,1,1,MIT_562,test,best.pt,,,,,,,
0.5,0.836189022,20,0,0,1,1,1,MIT_562,test,best.pt,,,,,,,
0.2,0.8314217,20,0,0,1,1,1,MIT_565,test,best.pt,,,,,,,
0.25,0.8314217,20,0,0,1,1,1,MIT_565,test,best.pt,,,,,,,
0.3,0.8314217,20,0,0,1,1,1,MIT_565,test,best.pt,,,,,,,
0.35,0.8314217,20,0,0,1,1,1,MIT_565,test,best.pt,,,,,,,
0.4,0.8314217,20,0,0,1,1,1,MIT_565,test,best.pt,,,,,,,
0.45,0.8314217,20,0,0,1,1,1,MIT_565,test,best.pt,,,,,,,
0.5,0.8314217,20,0,0,1,1,1,MIT_565,test,best.pt,,,,,,,
0.2,0.788793374,20,0,0,1,1,1,MIT_570,test,best.pt,,,,,,,
0.25,0.788793374,20,0,0,1,1,1,MIT_570,test,best.pt,,,,,,,
0.3,0.788793374,20,0,0,1,1,1,MIT_570,test,best.pt,,,,,,,
0.35,0.788793374,20,0,0,1,1,1,MIT_570,test,best.pt,,,,,,,
0.4,0.788793374,20,0,0,1,1,1,MIT_570,test,best.pt,,,,,,,
0.45,0.788793374,20,0,0,1,1,1,MIT_570,test,best.pt,,,,,,,
0.5,0.788793374,20,0,0,1,1,1,MIT_570,test,best.pt,,,,,,,
0.2,0.863930291,20,0,0,1,1,1,MIT_572,test,best.pt,,,,,,,
0.25,0.863930291,20,0,0,1,1,1,MIT_572,test,best.pt,,,,,,,
0.3,0.863930291,20,0,0,1,1,1,MIT_572,test,best.pt,,,,,,,
0.35,0.863930291,20,0,0,1,1,1,MIT_572,test,best.pt,,,,,,,
0.4,0.863930291,20,0,0,1,1,1,MIT_572,test,best.pt,,,,,,,
0.45,0.863930291,20,0,0,1,1,1,MIT_572,test,best.pt,,,,,,,
0.5,0.863930291,20,0,0,1,1,1,MIT_572,test,best.pt,,,,,,,
0.2,0.832464572,20,0,0,1,1,1,MIT_576,test,best.pt,,,,,,,
0.25,0.832464572,20,0,0,1,1,1,MIT_576,test,best.pt,,,,,,,
0.3,0.832464572,20,0,0,1,1,1,MIT_576,test,best.pt,,,,,,,
0.35,0.832464572,20,0,0,1,1,1,MIT_576,test,best.pt,,,,,,,
0.4,0.832464572,20,0,0,1,1,1,MIT_576,test,best.pt,,,,,,,
0.45,0.832464572,20,0,0,1,1,1,MIT_576,test,best.pt,,,,,,,
0.5,0.832464572,20,0,0,1,1,1,MIT_576,test,best.pt,,,,,,,
0.2,0.851668108,20,0,0,1,1,1,MIT_587,test,best.pt,,,,,,,
0.25,0.851668108,20,0,0,1,1,1,MIT_587,test,best.pt,,,,,,,
0.3,0.851668108,20,0,0,1,1,1,MIT_587,test,best.pt,,,,,,,
0.35,0.851668108,20,0,0,1,1,1,MIT_587,test,best.pt,,,,,,,
0.4,0.851668108,20,0,0,1,1,1,MIT_587,test,best.pt,,,,,,,
0.45,0.851668108,20,0,0,1,1,1,MIT_587,test,best.pt,,,,,,,
0.5,0.851668108,20,0,0,1,1,1,MIT_587,test,best.pt,,,,,,,
0.2,0.84605735,20,0,0,1,1,1,MIT_588,test,best.pt,,,,,,,
0.25,0.84605735,20,0,0,1,1,1,MIT_588,test,best.pt,,,,,,,
0.3,0.84605735,20,0,0,1,1,1,MIT_588,test,best.pt,,,,,,,
0.35,0.84605735,20,0,0,1,1,1,MIT_588,test,best.pt,,,,,,,
0.4,0.84605735,20,0,0,1,1,1,MIT_588,test,best.pt,,,,,,,
0.45,0.84605735,20,0,0,1,1,1,MIT_588,test,best.pt,,,,,,,
0.5,0.84605735,20,0,0,1,1,1,MIT_588,test,best.pt,,,,,,,
0.2,0.785080761,21,0,0,1,1,1,MIT_59,test,best.pt,,,,,,,
0.25,0.785080761,21,0,0,1,1,1,MIT_59,test,best.pt,,,,,,,
0.3,0.785080761,21,0,0,1,1,1,MIT_59,test,best.pt,,,,,,,
0.35,0.785080761,21,0,0,1,1,1,MIT_59,test,best.pt,,,,,,,
0.4,0.785080761,21,0,0,1,1,1,MIT_59,test,best.pt,,,,,,,
0.45,0.785080761,21,0,0,1,1,1,MIT_59,test,best.pt,,,,,,,
0.5,0.785080761,21,0,0,1,1,1,MIT_59,test,best.pt,,,,,,,
0.2,0.822739957,20,0,0,1,1,1,MIT_590,test,best.pt,,,,,,,
0.25,0.822739957,20,0,0,1,1,1,MIT_590,test,best.pt,,,,,,,
0.3,0.822739957,20,0,0,1,1,1,MIT_590,test,best.pt,,,,,,,
0.35,0.822739957,20,0,0,1,1,1,MIT_590,test,best.pt,,,,,,,
0.4,0.822739957,20,0,0,1,1,1,MIT_590,test,best.pt,,,,,,,
0.45,0.822739957,20,0,0,1,1,1,MIT_590,test,best.pt,,,,,,,
0.5,0.822739957,20,0,0,1,1,1,MIT_590,test,best.pt,,,,,,,
0.2,0.805078659,20,0,0,1,1,1,MIT_598,test,best.pt,,,,,,,
0.25,0.805078659,20,0,0,1,1,1,MIT_598,test,best.pt,,,,,,,
0.3,0.805078659,20,0,0,1,1,1,MIT_598,test,best.pt,,,,,,,
0.35,0.805078659,20,0,0,1,1,1,MIT_598,test,best.pt,,,,,,,
0.4,0.805078659,20,0,0,1,1,1,MIT_598,test,best.pt,,,,,,,
0.45,0.805078659,20,0,0,1,1,1,MIT_598,test,best.pt,,,,,,,
0.5,0.805078659,20,0,0,1,1,1,MIT_598,test,best.pt,,,,,,,
0.2,0.844504007,20,0,0,1,1,1,MIT_60,test,best.pt,,,,,,,
0.25,0.844504007,20,0,0,1,1,1,MIT_60,test,best.pt,,,,,,,
0.3,0.844504007,20,0,0,1,1,1,MIT_60,test,best.pt,,,,,,,
0.35,0.844504007,20,0,0,1,1,1,MIT_60,test,best.pt,,,,,,,
0.4,0.844504007,20,0,0,1,1,1,MIT_60,test,best.pt,,,,,,,
0.45,0.844504007,20,0,0,1,1,1,MIT_60,test,best.pt,,,,,,,
0.5,0.844504007,20,0,0,1,1,1,MIT_60,test,best.pt,,,,,,,
0.2,0.848760579,20,0,0,1,1,1,MIT_604,test,best.pt,,,,,,,
0.25,0.848760579,20,0,0,1,1,1,MIT_604,test,best.pt,,,,,,,
0.3,0.848760579,20,0,0,1,1,1,MIT_604,test,best.pt,,,,,,,
0.35,0.848760579,20,0,0,1,1,1,MIT_604,test,best.pt,,,,,,,
0.4,0.848760579,20,0,0,1,1,1,MIT_604,test,best.pt,,,,,,,
0.45,0.848760579,20,0,0,1,1,1,MIT_604,test,best.pt,,,,,,,
0.5,0.848760579,20,0,0,1,1,1,MIT_604,test,best.pt,,,,,,,
0.2,0.820352699,20,0,0,1,1,1,MIT_605,test,best.pt,,,,,,,
0.25,0.820352699,20,0,0,1,1,1,MIT_605,test,best.pt,,,,,,,
0.3,0.820352699,20,0,0,1,1,1,MIT_605,test,best.pt,,,,,,,
0.35,0.820352699,20,0,0,1,1,1,MIT_605,test,best.pt,,,,,,,
0.4,0.820352699,20,0,0,1,1,1,MIT_605,test,best.pt,,,,,,,
0.45,0.820352699,20,0,0,1,1,1,MIT_605,test,best.pt,,,,,,,
0.5,0.820352699,20,0,0,1,1,1,MIT_605,test,best.pt,,,,,,,
0.2,0.834068965,19,0,0,1,1,1,MIT_612,test,best.pt,,,,,,,
0.25,0.834068965,19,0,0,1,1,1,MIT_612,test,best.pt,,,,,,,
0.3,0.834068965,19,0,0,1,1,1,MIT_612,test,best.pt,,,,,,,
0.35,0.834068965,19,0,0,1,1,1,MIT_612,test,best.pt,,,,,,,
0.4,0.834068965,19,0,0,1,1,1,MIT_612,test,best.pt,,,,,,,
0.45,0.834068965,19,0,0,1,1,1,MIT_612,test,best.pt,,,,,,,
0.5,0.834068965,19,0,0,1,1,1,MIT_612,test,best.pt,,,,,,,
0.2,0.845371546,21,0,0,1,1,1,MIT_617,test,best.pt,,,,,,,
0.25,0.845371546,21,0,0,1,1,1,MIT_617,test,best.pt,,,,,,,
0.3,0.845371546,21,0,0,1,1,1,MIT_617,test,best.pt,,,,,,,
0.35,0.845371546,21,0,0,1,1,1,MIT_617,test,best.pt,,,,,,,
0.4,0.845371546,21,0,0,1,1,1,MIT_617,test,best.pt,,,,,,,
0.45,0.845371546,21,0,0,1,1,1,MIT_617,test,best.pt,,,,,,,
0.5,0.845371546,21,0,0,1,1,1,MIT_617,test,best.pt,,,,,,,
0.2,0.737178225,20,0,0,1,1,1,MIT_619,test,best.pt,,,,,,,
0.25,0.737178225,20,0,0,1,1,1,MIT_619,test,best.pt,,,,,,,
0.3,0.737178225,20,0,0,1,1,1,MIT_619,test,best.pt,,,,,,,
0.35,0.737178225,20,0,0,1,1,1,MIT_619,test,best.pt,,,,,,,
0.4,0.737178225,20,0,0,1,1,1,MIT_619,test,best.pt,,,,,,,
0.45,0.737178225,20,0,0,1,1,1,MIT_619,test,best.pt,,,,,,,
0.5,0.737178225,20,0,0,1,1,1,MIT_619,test,best.pt,,,,,,,
0.2,0.850374909,20,0,0,1,1,1,MIT_632,test,best.pt,,,,,,,
0.25,0.850374909,20,0,0,1,1,1,MIT_632,test,best.pt,,,,,,,
0.3,0.850374909,20,0,0,1,1,1,MIT_632,test,best.pt,,,,,,,
0.35,0.850374909,20,0,0,1,1,1,MIT_632,test,best.pt,,,,,,,
0.4,0.850374909,20,0,0,1,1,1,MIT_632,test,best.pt,,,,,,,
0.45,0.850374909,20,0,0,1,1,1,MIT_632,test,best.pt,,,,,,,
0.5,0.850374909,20,0,0,1,1,1,MIT_632,test,best.pt,,,,,,,
0.2,0.819952503,21,0,0,1,1,1,MIT_637,test,best.pt,,,,,,,
0.25,0.819952503,21,0,0,1,1,1,MIT_637,test,best.pt,,,,,,,
0.3,0.819952503,21,0,0,1,1,1,MIT_637,test,best.pt,,,,,,,
0.35,0.819952503,21,0,0,1,1,1,MIT_637,test,best.pt,,,,,,,
0.4,0.819952503,21,0,0,1,1,1,MIT_637,test,best.pt,,,,,,,
0.45,0.819952503,21,0,0,1,1,1,MIT_637,test,best.pt,,,,,,,
0.5,0.819952503,21,0,0,1,1,1,MIT_637,test,best.pt,,,,,,,
0.2,0.847602666,20,0,0,1,1,1,MIT_642,test,best.pt,,,,,,,
0.25,0.847602666,20,0,0,1,1,1,MIT_642,test,best.pt,,,,,,,
0.3,0.847602666,20,0,0,1,1,1,MIT_642,test,best.pt,,,,,,,
0.35,0.847602666,20,0,0,1,1,1,MIT_642,test,best.pt,,,,,,,
0.4,0.847602666,20,0,0,1,1,1,MIT_642,test,best.pt,,,,,,,
0.45,0.847602666,20,0,0,1,1,1,MIT_642,test,best.pt,,,,,,,
0.5,0.847602666,20,0,0,1,1,1,MIT_642,test,best.pt,,,,,,,
0.2,0.8592279,20,0,0,1,1,1,MIT_643,test,best.pt,,,,,,,
0.25,0.8592279,20,0,0,1,1,1,MIT_643,test,best.pt,,,,,,,
0.3,0.8592279,20,0,0,1,1,1,MIT_643,test,best.pt,,,,,,,
0.35,0.8592279,20,0,0,1,1,1,MIT_643,test,best.pt,,,,,,,
0.4,0.8592279,20,0,0,1,1,1,MIT_643,test,best.pt,,,,,,,
0.45,0.8592279,20,0,0,1,1,1,MIT_643,test,best.pt,,,,,,,
0.5,0.8592279,20,0,0,1,1,1,MIT_643,test,best.pt,,,,,,,
0.2,0.844242314,20,0,0,1,1,1,MIT_647,test,best.pt,,,,,,,
0.25,0.844242314,20,0,0,1,1,1,MIT_647,test,best.pt,,,,,,,
0.3,0.844242314,20,0,0,1,1,1,MIT_647,test,best.pt,,,,,,,
0.35,0.844242314,20,0,0,1,1,1,MIT_647,test,best.pt,,,,,,,
0.4,0.844242314,20,0,0,1,1,1,MIT_647,test,best.pt,,,,,,,
0.45,0.844242314,20,0,0,1,1,1,MIT_647,test,best.pt,,,,,,,
0.5,0.844242314,20,0,0,1,1,1,MIT_647,test,best.pt,,,,,,,
0.2,0.836637973,20,0,0,1,1,1,MIT_648,test,best.pt,,,,,,,
0.25,0.836637973,20,0,0,1,1,1,MIT_648,test,best.pt,,,,,,,
0.3,0.836637973,20,0,0,1,1,1,MIT_648,test,best.pt,,,,,,,
0.35,0.836637973,20,0,0,1,1,1,MIT_648,test,best.pt,,,,,,,
0.4,0.836637973,20,0,0,1,1,1,MIT_648,test,best.pt,,,,,,,
0.45,0.836637973,20,0,0,1,1,1,MIT_648,test,best.pt,,,,,,,
0.5,0.836637973,20,0,0,1,1,1,MIT_648,test,best.pt,,,,,,,
0.2,0.835425856,20,0,0,1,1,1,MIT_653,test,best.pt,,,,,,,
0.25,0.835425856,20,0,0,1,1,1,MIT_653,test,best.pt,,,,,,,
0.3,0.835425856,20,0,0,1,1,1,MIT_653,test,best.pt,,,,,,,
0.35,0.835425856,20,0,0,1,1,1,MIT_653,test,best.pt,,,,,,,
0.4,0.835425856,20,0,0,1,1,1,MIT_653,test,best.pt,,,,,,,
0.45,0.835425856,20,0,0,1,1,1,MIT_653,test,best.pt,,,,,,,
0.5,0.835425856,20,0,0,1,1,1,MIT_653,test,best.pt,,,,,,,
0.2,0.815582022,21,0,0,1,1,1,MIT_657,test,best.pt,,,,,,,
0.25,0.815582022,21,0,0,1,1,1,MIT_657,test,best.pt,,,,,,,
0.3,0.815582022,21,0,0,1,1,1,MIT_657,test,best.pt,,,,,,,
0.35,0.815582022,21,0,0,1,1,1,MIT_657,test,best.pt,,,,,,,
0.4,0.815582022,21,0,0,1,1,1,MIT_657,test,best.pt,,,,,,,
0.45,0.815582022,21,0,0,1,1,1,MIT_657,test,best.pt,,,,,,,
0.5,0.815582022,21,0,0,1,1,1,MIT_657,test,best.pt,,,,,,,
0.2,0.767254814,20,0,0,1,1,1,MIT_658,test,best.pt,,,,,,,
0.25,0.767254814,20,0,0,1,1,1,MIT_658,test,best.pt,,,,,,,
0.3,0.767254814,20,0,0,1,1,1,MIT_658,test,best.pt,,,,,,,
0.35,0.767254814,20,0,0,1,1,1,MIT_658,test,best.pt,,,,,,,
0.4,0.767254814,20,0,0,1,1,1,MIT_658,test,best.pt,,,,,,,
0.45,0.767254814,20,0,0,1,1,1,MIT_658,test,best.pt,,,,,,,
0.5,0.767254814,20,0,0,1,1,1,MIT_658,test,best.pt,,,,,,,
0.2,0.826336461,20,0,0,1,1,1,MIT_659,test,best.pt,,,,,,,
0.25,0.826336461,20,0,0,1,1,1,MIT_659,test,best.pt,,,,,,,
0.3,0.826336461,20,0,0,1,1,1,MIT_659,test,best.pt,,,,,,,
0.35,0.826336461,20,0,0,1,1,1,MIT_659,test,best.pt,,,,,,,
0.4,0.826336461,20,0,0,1,1,1,MIT_659,test,best.pt,,,,,,,
0.45,0.826336461,20,0,0,1,1,1,MIT_659,test,best.pt,,,,,,,
0.5,0.826336461,20,0,0,1,1,1,MIT_659,test,best.pt,,,,,,,
0.2,0.805127519,21,0,0,1,1,1,MIT_662,test,best.pt,,,,,,,
0.25,0.805127519,21,0,0,1,1,1,MIT_662,test,best.pt,,,,,,,
0.3,0.805127519,21,0,0,1,1,1,MIT_662,test,best.pt,,,,,,,
0.35,0.805127519,21,0,0,1,1,1,MIT_662,test,best.pt,,,,,,,
0.4,0.805127519,21,0,0,1,1,1,MIT_662,test,best.pt,,,,,,,
0.45,0.805127519,21,0,0,1,1,1,MIT_662,test,best.pt,,,,,,,
0.5,0.805127519,21,0,0,1,1,1,MIT_662,test,best.pt,,,,,,,
0.2,0.770719133,20,0,0,1,1,1,MIT_668,test,best.pt,,,,,,,
0.25,0.770719133,20,0,0,1,1,1,MIT_668,test,best.pt,,,,,,,
0.3,0.770719133,20,0,0,1,1,1,MIT_668,test,best.pt,,,,,,,
0.35,0.770719133,20,0,0,1,1,1,MIT_668,test,best.pt,,,,,,,
0.4,0.770719133,20,0,0,1,1,1,MIT_668,test,best.pt,,,,,,,
0.45,0.770719133,20,0,0,1,1,1,MIT_668,test,best.pt,,,,,,,
0.5,0.770719133,20,0,0,1,1,1,MIT_668,test,best.pt,,,,,,,
0.2,0.735772942,20,0,0,1,1,1,MIT_675,test,best.pt,,,,,,,
0.25,0.735772942,20,0,0,1,1,1,MIT_675,test,best.pt,,,,,,,
0.3,0.735772942,20,0,0,1,1,1,MIT_675,test,best.pt,,,,,,,
0.35,0.735772942,20,0,0,1,1,1,MIT_675,test,best.pt,,,,,,,
0.4,0.700736137,19,1,1,0.95,0.95,0.95,MIT_675,test,best.pt,,,,,,,
0.45,0.700736137,19,1,1,0.95,0.95,0.95,MIT_675,test,best.pt,,,,,,,
0.5,0.700736137,19,1,1,0.95,0.95,0.95,MIT_675,test,best.pt,,,,,,,
0.2,0.795886168,20,0,0,1,1,1,MIT_676,test,best.pt,,,,,,,
0.25,0.795886168,20,0,0,1,1,1,MIT_676,test,best.pt,,,,,,,
0.3,0.795886168,20,0,0,1,1,1,MIT_676,test,best.pt,,,,,,,
0.35,0.795886168,20,0,0,1,1,1,MIT_676,test,best.pt,,,,,,,
0.4,0.795886168,20,0,0,1,1,1,MIT_676,test,best.pt,,,,,,,
0.45,0.795886168,20,0,0,1,1,1,MIT_676,test,best.pt,,,,,,,
0.5,0.795886168,20,0,0,1,1,1,MIT_676,test,best.pt,,,,,,,
0.2,0.8360192,20,0,0,1,1,1,MIT_677,test,best.pt,,,,,,,
0.25,0.8360192,20,0,0,1,1,1,MIT_677,test,best.pt,,,,,,,
0.3,0.8360192,20,0,0,1,1,1,MIT_677,test,best.pt,,,,,,,
0.35,0.8360192,20,0,0,1,1,1,MIT_677,test,best.pt,,,,,,,
0.4,0.8360192,20,0,0,1,1,1,MIT_677,test,best.pt,,,,,,,
0.45,0.8360192,20,0,0,1,1,1,MIT_677,test,best.pt,,,,,,,
0.5,0.8360192,20,0,0,1,1,1,MIT_677,test,best.pt,,,,,,,
0.2,0.836150762,20,0,0,1,1,1,MIT_68,test,best.pt,,,,,,,
0.25,0.836150762,20,0,0,1,1,1,MIT_68,test,best.pt,,,,,,,
0.3,0.836150762,20,0,0,1,1,1,MIT_68,test,best.pt,,,,,,,
0.35,0.836150762,20,0,0,1,1,1,MIT_68,test,best.pt,,,,,,,
0.4,0.836150762,20,0,0,1,1,1,MIT_68,test,best.pt,,,,,,,
0.45,0.836150762,20,0,0,1,1,1,MIT_68,test,best.pt,,,,,,,
0.5,0.836150762,20,0,0,1,1,1,MIT_68,test,best.pt,,,,,,,
0.2,0.811134399,21,0,0,1,1,1,MIT_680,test,best.pt,,,,,,,
0.25,0.811134399,21,0,0,1,1,1,MIT_680,test,best.pt,,,,,,,
0.3,0.811134399,21,0,0,1,1,1,MIT_680,test,best.pt,,,,,,,
0.35,0.811134399,21,0,0,1,1,1,MIT_680,test,best.pt,,,,,,,
0.4,0.811134399,21,0,0,1,1,1,MIT_680,test,best.pt,,,,,,,
0.45,0.811134399,21,0,0,1,1,1,MIT_680,test,best.pt,,,,,,,
0.5,0.811134399,21,0,0,1,1,1,MIT_680,test,best.pt,,,,,,,
0.2,0.787148068,20,0,0,1,1,1,MIT_681,test,best.pt,,,,,,,
0.25,0.787148068,20,0,0,1,1,1,MIT_681,test,best.pt,,,,,,,
0.3,0.787148068,20,0,0,1,1,1,MIT_681,test,best.pt,,,,,,,
0.35,0.787148068,20,0,0,1,1,1,MIT_681,test,best.pt,,,,,,,
0.4,0.787148068,20,0,0,1,1,1,MIT_681,test,best.pt,,,,,,,
0.45,0.787148068,20,0,0,1,1,1,MIT_681,test,best.pt,,,,,,,
0.5,0.787148068,20,0,0,1,1,1,MIT_681,test,best.pt,,,,,,,
0.2,0.821508987,20,0,0,1,1,1,MIT_687,test,best.pt,,,,,,,
0.25,0.821508987,20,0,0,1,1,1,MIT_687,test,best.pt,,,,,,,
0.3,0.821508987,20,0,0,1,1,1,MIT_687,test,best.pt,,,,,,,
0.35,0.821508987,20,0,0,1,1,1,MIT_687,test,best.pt,,,,,,,
0.4,0.821508987,20,0,0,1,1,1,MIT_687,test,best.pt,,,,,,,
0.45,0.821508987,20,0,0,1,1,1,MIT_687,test,best.pt,,,,,,,
0.5,0.821508987,20,0,0,1,1,1,MIT_687,test,best.pt,,,,,,,
0.2,0.813630575,21,0,0,1,1,1,MIT_691,test,best.pt,,,,,,,
0.25,0.813630575,21,0,0,1,1,1,MIT_691,test,best.pt,,,,,,,
0.3,0.813630575,21,0,0,1,1,1,MIT_691,test,best.pt,,,,,,,
0.35,0.813630575,21,0,0,1,1,1,MIT_691,test,best.pt,,,,,,,
0.4,0.813630575,21,0,0,1,1,1,MIT_691,test,best.pt,,,,,,,
0.45,0.813630575,21,0,0,1,1,1,MIT_691,test,best.pt,,,,,,,
0.5,0.813630575,21,0,0,1,1,1,MIT_691,test,best.pt,,,,,,,
0.2,0.803024139,20,0,0,1,1,1,MIT_692,test,best.pt,,,,,,,
0.25,0.803024139,20,0,0,1,1,1,MIT_692,test,best.pt,,,,,,,
0.3,0.803024139,20,0,0,1,1,1,MIT_692,test,best.pt,,,,,,,
0.35,0.803024139,20,0,0,1,1,1,MIT_692,test,best.pt,,,,,,,
0.4,0.803024139,20,0,0,1,1,1,MIT_692,test,best.pt,,,,,,,
0.45,0.803024139,20,0,0,1,1,1,MIT_692,test,best.pt,,,,,,,
0.5,0.803024139,20,0,0,1,1,1,MIT_692,test,best.pt,,,,,,,
0.2,0.81161843,20,0,0,1,1,1,MIT_698,test,best.pt,,,,,,,
0.25,0.81161843,20,0,0,1,1,1,MIT_698,test,best.pt,,,,,,,
0.3,0.81161843,20,0,0,1,1,1,MIT_698,test,best.pt,,,,,,,
0.35,0.81161843,20,0,0,1,1,1,MIT_698,test,best.pt,,,,,,,
0.4,0.81161843,20,0,0,1,1,1,MIT_698,test,best.pt,,,,,,,
0.45,0.81161843,20,0,0,1,1,1,MIT_698,test,best.pt,,,,,,,
0.5,0.81161843,20,0,0,1,1,1,MIT_698,test,best.pt,,,,,,,
0.2,0.820180922,20,0,0,1,1,1,MIT_7,test,best.pt,,,,,,,
0.25,0.820180922,20,0,0,1,1,1,MIT_7,test,best.pt,,,,,,,
0.3,0.820180922,20,0,0,1,1,1,MIT_7,test,best.pt,,,,,,,
0.35,0.820180922,20,0,0,1,1,1,MIT_7,test,best.pt,,,,,,,
0.4,0.820180922,20,0,0,1,1,1,MIT_7,test,best.pt,,,,,,,
0.45,0.820180922,20,0,0,1,1,1,MIT_7,test,best.pt,,,,,,,
0.5,0.820180922,20,0,0,1,1,1,MIT_7,test,best.pt,,,,,,,
0.2,0.799618484,20,0,0,1,1,1,MIT_73,test,best.pt,,,,,,,
0.25,0.799618484,20,0,0,1,1,1,MIT_73,test,best.pt,,,,,,,
0.3,0.799618484,20,0,0,1,1,1,MIT_73,test,best.pt,,,,,,,
0.35,0.799618484,20,0,0,1,1,1,MIT_73,test,best.pt,,,,,,,
0.4,0.799618484,20,0,0,1,1,1,MIT_73,test,best.pt,,,,,,,
0.45,0.799618484,20,0,0,1,1,1,MIT_73,test,best.pt,,,,,,,
0.5,0.799618484,20,0,0,1,1,1,MIT_73,test,best.pt,,,,,,,
0.2,0.829022026,20,0,0,1,1,1,MIT_81,test,best.pt,,,,,,,
0.25,0.829022026,20,0,0,1,1,1,MIT_81,test,best.pt,,,,,,,
0.3,0.829022026,20,0,0,1,1,1,MIT_81,test,best.pt,,,,,,,
0.35,0.829022026,20,0,0,1,1,1,MIT_81,test,best.pt,,,,,,,
0.4,0.829022026,20,0,0,1,1,1,MIT_81,test,best.pt,,,,,,,
0.45,0.829022026,20,0,0,1,1,1,MIT_81,test,best.pt,,,,,,,
0.5,0.829022026,20,0,0,1,1,1,MIT_81,test,best.pt,,,,,,,
0.2,0.842964007,20,0,0,1,1,1,MIT_84,test,best.pt,,,,,,,
0.25,0.842964007,20,0,0,1,1,1,MIT_84,test,best.pt,,,,,,,
0.3,0.842964007,20,0,0,1,1,1,MIT_84,test,best.pt,,,,,,,
0.35,0.842964007,20,0,0,1,1,1,MIT_84,test,best.pt,,,,,,,
0.4,0.842964007,20,0,0,1,1,1,MIT_84,test,best.pt,,,,,,,
0.45,0.842964007,20,0,0,1,1,1,MIT_84,test,best.pt,,,,,,,
0.5,0.842964007,20,0,0,1,1,1,MIT_84,test,best.pt,,,,,,,
0.2,0.80917995,20,0,0,1,1,1,MIT_89,test,best.pt,,,,,,,
0.25,0.80917995,20,0,0,1,1,1,MIT_89,test,best.pt,,,,,,,
0.3,0.80917995,20,0,0,1,1,1,MIT_89,test,best.pt,,,,,,,
0.35,0.80917995,20,0,0,1,1,1,MIT_89,test,best.pt,,,,,,,
0.4,0.80917995,20,0,0,1,1,1,MIT_89,test,best.pt,,,,,,,
0.45,0.80917995,20,0,0,1,1,1,MIT_89,test,best.pt,,,,,,,
0.5,0.80917995,20,0,0,1,1,1,MIT_89,test,best.pt,,,,,,,
0.2,0.831941839,19,0,0,1,1,1,MIT_9,test,best.pt,,,,,,,
0.25,0.831941839,19,0,0,1,1,1,MIT_9,test,best.pt,,,,,,,
0.3,0.831941839,19,0,0,1,1,1,MIT_9,test,best.pt,,,,,,,
0.35,0.831941839,19,0,0,1,1,1,MIT_9,test,best.pt,,,,,,,
0.4,0.831941839,19,0,0,1,1,1,MIT_9,test,best.pt,,,,,,,
0.45,0.831941839,19,0,0,1,1,1,MIT_9,test,best.pt,,,,,,,
0.5,0.831941839,19,0,0,1,1,1,MIT_9,test,best.pt,,,,,,,
0.2,0.819801574,20,0,0,1,1,1,MIT_96,test,best.pt,,,,,,,
0.25,0.819801574,20,0,0,1,1,1,MIT_96,test,best.pt,,,,,,,
0.3,0.819801574,20,0,0,1,1,1,MIT_96,test,best.pt,,,,,,,
0.35,0.819801574,20,0,0,1,1,1,MIT_96,test,best.pt,,,,,,,
0.4,0.819801574,20,0,0,1,1,1,MIT_96,test,best.pt,,,,,,,
0.45,0.819801574,20,0,0,1,1,1,MIT_96,test,best.pt,,,,,,,
0.5,0.819801574,20,0,0,1,1,1,MIT_96,test,best.pt,,,,,,,
0.2,0.842218494,20,0,0,1,1,1,MIT_99,test,best.pt,,,,,,,
0.25,0.842218494,20,0,0,1,1,1,MIT_99,test,best.pt,,,,,,,
0.3,0.842218494,20,0,0,1,1,1,MIT_99,test,best.pt,,,,,,,
0.35,0.842218494,20,0,0,1,1,1,MIT_99,test,best.pt,,,,,,,
0.4,0.842218494,20,0,0,1,1,1,MIT_99,test,best.pt,,,,,,,
0.45,0.842218494,20,0,0,1,1,1,MIT_99,test,best.pt,,,,,,,
0.5,0.842218494,20,0,0,1,1,1,MIT_99,test,best.pt,,,,,,,
0.2,0.710423768,19,0,0,1,1,1,TCE_1006,test,best.pt,,,,,,,
0.25,0.710423768,19,0,0,1,1,1,TCE_1006,test,best.pt,,,,,,,
0.3,0.710423768,19,0,0,1,1,1,TCE_1006,test,best.pt,,,,,,,
0.35,0.710423768,19,0,0,1,1,1,TCE_1006,test,best.pt,,,,,,,
0.4,0.710423768,19,0,0,1,1,1,TCE_1006,test,best.pt,,,,,,,
0.45,0.710423768,19,0,0,1,1,1,TCE_1006,test,best.pt,,,,,,,
0.5,0.710423768,19,0,0,1,1,1,TCE_1006,test,best.pt,,,,,,,
0.2,0.735725597,19,0,0,1,1,1,TCE_1007,test,best.pt,,,,,,,
0.25,0.735725597,19,0,0,1,1,1,TCE_1007,test,best.pt,,,,,,,
0.3,0.735725597,19,0,0,1,1,1,TCE_1007,test,best.pt,,,,,,,
0.35,0.735725597,19,0,0,1,1,1,TCE_1007,test,best.pt,,,,,,,
0.4,0.735725597,19,0,0,1,1,1,TCE_1007,test,best.pt,,,,,,,
0.45,0.735725597,19,0,0,1,1,1,TCE_1007,test,best.pt,,,,,,,
0.5,0.698939319,18,1,1,0.95,0.95,0.95,TCE_1007,test,best.pt,,,,,,,
0.2,0.711746636,18,0,1,1,0.95,0.97,TCE_1008,test,best.pt,,,,,,,
0.25,0.711746636,18,0,1,1,0.95,0.97,TCE_1008,test,best.pt,,,,,,,
0.3,0.711746636,18,0,1,1,0.95,0.97,TCE_1008,test,best.pt,,,,,,,
0.35,0.711746636,18,0,1,1,0.95,0.97,TCE_1008,test,best.pt,,,,,,,
0.4,0.711746636,18,0,1,1,0.95,0.97,TCE_1008,test,best.pt,,,,,,,
0.45,0.711746636,18,0,1,1,0.95,0.97,TCE_1008,test,best.pt,,,,,,,
0.5,0.711746636,18,0,1,1,0.95,0.97,TCE_1008,test,best.pt,,,,,,,
0.2,0.708510452,19,0,0,1,1,1,TCE_1009,test,best.pt,,,,,,,
0.25,0.708510452,19,0,0,1,1,1,TCE_1009,test,best.pt,,,,,,,
0.3,0.708510452,19,0,0,1,1,1,TCE_1009,test,best.pt,,,,,,,
0.35,0.708510452,19,0,0,1,1,1,TCE_1009,test,best.pt,,,,,,,
0.4,0.708510452,19,0,0,1,1,1,TCE_1009,test,best.pt,,,,,,,
0.45,0.708510452,19,0,0,1,1,1,TCE_1009,test,best.pt,,,,,,,
0.5,0.708510452,19,0,0,1,1,1,TCE_1009,test,best.pt,,,,,,,
0.2,0.700844458,19,0,0,1,1,1,TCE_1010,test,best.pt,,,,,,,
0.25,0.700844458,19,0,0,1,1,1,TCE_1010,test,best.pt,,,,,,,
0.3,0.700844458,19,0,0,1,1,1,TCE_1010,test,best.pt,,,,,,,
0.35,0.700844458,19,0,0,1,1,1,TCE_1010,test,best.pt,,,,,,,
0.4,0.700844458,19,0,0,1,1,1,TCE_1010,test,best.pt,,,,,,,
0.45,0.665802237,18,1,1,0.95,0.95,0.95,TCE_1010,test,best.pt,,,,,,,
0.5,0.665802237,18,1,1,0.95,0.95,0.95,TCE_1010,test,best.pt,,,,,,,
0.2,0.720192687,19,0,0,1,1,1,TCE_1016,test,best.pt,,,,,,,
0.25,0.720192687,19,0,0,1,1,1,TCE_1016,test,best.pt,,,,,,,
0.3,0.720192687,19,0,0,1,1,1,TCE_1016,test,best.pt,,,,,,,
0.35,0.720192687,19,0,0,1,1,1,TCE_1016,test,best.pt,,,,,,,
0.4,0.720192687,19,0,0,1,1,1,TCE_1016,test,best.pt,,,,,,,
0.45,0.720192687,19,0,0,1,1,1,TCE_1016,test,best.pt,,,,,,,
0.5,0.684183054,18,1,1,0.95,0.95,0.95,TCE_1016,test,best.pt,,,,,,,
0.2,0.701322087,19,0,0,1,1,1,TCE_1023,test,best.pt,,,,,,,
0.25,0.701322087,19,0,0,1,1,1,TCE_1023,test,best.pt,,,,,,,
0.3,0.701322087,19,0,0,1,1,1,TCE_1023,test,best.pt,,,,,,,
0.35,0.701322087,19,0,0,1,1,1,TCE_1023,test,best.pt,,,,,,,
0.4,0.701322087,19,0,0,1,1,1,TCE_1023,test,best.pt,,,,,,,
0.45,0.701322087,19,0,0,1,1,1,TCE_1023,test,best.pt,,,,,,,
0.5,0.701322087,19,0,0,1,1,1,TCE_1023,test,best.pt,,,,,,,
0.2,0.748964359,19,0,0,1,1,1,TCE_1028,test,best.pt,,,,,,,
0.25,0.748964359,19,0,0,1,1,1,TCE_1028,test,best.pt,,,,,,,
0.3,0.748964359,19,0,0,1,1,1,TCE_1028,test,best.pt,,,,,,,
0.35,0.748964359,19,0,0,1,1,1,TCE_1028,test,best.pt,,,,,,,
0.4,0.748964359,19,0,0,1,1,1,TCE_1028,test,best.pt,,,,,,,
0.45,0.748964359,19,0,0,1,1,1,TCE_1028,test,best.pt,,,,,,,
0.5,0.748964359,19,0,0,1,1,1,TCE_1028,test,best.pt,,,,,,,
0.2,0.698662814,19,0,0,1,1,1,TCE_1029,test,best.pt,,,,,,,
0.25,0.698662814,19,0,0,1,1,1,TCE_1029,test,best.pt,,,,,,,
0.3,0.698662814,19,0,0,1,1,1,TCE_1029,test,best.pt,,,,,,,
0.35,0.698662814,19,0,0,1,1,1,TCE_1029,test,best.pt,,,,,,,
0.4,0.698662814,19,0,0,1,1,1,TCE_1029,test,best.pt,,,,,,,
0.45,0.698662814,19,0,0,1,1,1,TCE_1029,test,best.pt,,,,,,,
0.5,0.698662814,19,0,0,1,1,1,TCE_1029,test,best.pt,,,,,,,
0.2,0.703013735,18,0,1,1,0.95,0.97,TCE_1030,test,best.pt,,,,,,,
0.25,0.703013735,18,0,1,1,0.95,0.97,TCE_1030,test,best.pt,,,,,,,
0.3,0.703013735,18,0,1,1,0.95,0.97,TCE_1030,test,best.pt,,,,,,,
0.35,0.703013735,18,0,1,1,0.95,0.97,TCE_1030,test,best.pt,,,,,,,
0.4,0.703013735,18,0,1,1,0.95,0.97,TCE_1030,test,best.pt,,,,,,,
0.45,0.703013735,18,0,1,1,0.95,0.97,TCE_1030,test,best.pt,,,,,,,
0.5,0.703013735,18,0,1,1,0.95,0.97,TCE_1030,test,best.pt,,,,,,,
0.2,0.705125344,19,0,0,1,1,1,TCE_1034,test,best.pt,,,,,,,
0.25,0.705125344,19,0,0,1,1,1,TCE_1034,test,best.pt,,,,,,,
0.3,0.705125344,19,0,0,1,1,1,TCE_1034,test,best.pt,,,,,,,
0.35,0.705125344,19,0,0,1,1,1,TCE_1034,test,best.pt,,,,,,,
0.4,0.705125344,19,0,0,1,1,1,TCE_1034,test,best.pt,,,,,,,
0.45,0.669869079,18,1,1,0.95,0.95,0.95,TCE_1034,test,best.pt,,,,,,,
0.5,0.669869079,18,1,1,0.95,0.95,0.95,TCE_1034,test,best.pt,,,,,,,
0.2,0.589885057,17,0,2,1,0.89,0.94,TCE_1039,test,best.pt,,,,,,,
0.25,0.589885057,17,0,2,1,0.89,0.94,TCE_1039,test,best.pt,,,,,,,
0.3,0.589885057,17,0,2,1,0.89,0.94,TCE_1039,test,best.pt,,,,,,,
0.35,0.589885057,17,0,2,1,0.89,0.94,TCE_1039,test,best.pt,,,,,,,
0.4,0.589885057,17,0,2,1,0.89,0.94,TCE_1039,test,best.pt,,,,,,,
0.45,0.589885057,17,0,2,1,0.89,0.94,TCE_1039,test,best.pt,,,,,,,
0.5,0.533705531,15,2,4,0.88,0.79,0.83,TCE_1039,test,best.pt,,,,,,,
0.2,0.641590468,18,0,1,1,0.95,0.97,TCE_1041,test,best.pt,,,,,,,
0.25,0.641590468,18,0,1,1,0.95,0.97,TCE_1041,test,best.pt,,,,,,,
0.3,0.641590468,18,0,1,1,0.95,0.97,TCE_1041,test,best.pt,,,,,,,
0.35,0.641590468,18,0,1,1,0.95,0.97,TCE_1041,test,best.pt,,,,,,,
0.4,0.609510947,17,1,2,0.94,0.89,0.92,TCE_1041,test,best.pt,,,,,,,
0.45,0.609510947,17,1,2,0.94,0.89,0.92,TCE_1041,test,best.pt,,,,,,,
0.5,0.580486617,16,2,3,0.89,0.84,0.86,TCE_1041,test,best.pt,,,,,,,
0.2,0.777488043,19,0,0,1,1,1,TCE_1047,test,best.pt,,,,,,,
0.25,0.777488043,19,0,0,1,1,1,TCE_1047,test,best.pt,,,,,,,
0.3,0.777488043,19,0,0,1,1,1,TCE_1047,test,best.pt,,,,,,,
0.35,0.777488043,19,0,0,1,1,1,TCE_1047,test,best.pt,,,,,,,
0.4,0.777488043,19,0,0,1,1,1,TCE_1047,test,best.pt,,,,,,,
0.45,0.777488043,19,0,0,1,1,1,TCE_1047,test,best.pt,,,,,,,
0.5,0.777488043,19,0,0,1,1,1,TCE_1047,test,best.pt,,,,,,,
0.2,0.732742498,19,0,0,1,1,1,TCE_1050,test,best.pt,,,,,,,
0.25,0.732742498,19,0,0,1,1,1,TCE_1050,test,best.pt,,,,,,,
0.3,0.732742498,19,0,0,1,1,1,TCE_1050,test,best.pt,,,,,,,
0.35,0.732742498,19,0,0,1,1,1,TCE_1050,test,best.pt,,,,,,,
0.4,0.696105375,18,1,1,0.95,0.95,0.95,TCE_1050,test,best.pt,,,,,,,
0.45,0.696105375,18,1,1,0.95,0.95,0.95,TCE_1050,test,best.pt,,,,,,,
0.5,0.696105375,18,1,1,0.95,0.95,0.95,TCE_1050,test,best.pt,,,,,,,
0.2,0.748508885,19,0,0,1,1,1,TCE_1054,test,best.pt,,,,,,,
0.25,0.748508885,19,0,0,1,1,1,TCE_1054,test,best.pt,,,,,,,
0.3,0.748508885,19,0,0,1,1,1,TCE_1054,test,best.pt,,,,,,,
0.35,0.748508885,19,0,0,1,1,1,TCE_1054,test,best.pt,,,,,,,
0.4,0.748508885,19,0,0,1,1,1,TCE_1054,test,best.pt,,,,,,,
0.45,0.748508885,19,0,0,1,1,1,TCE_1054,test,best.pt,,,,,,,
0.5,0.748508885,19,0,0,1,1,1,TCE_1054,test,best.pt,,,,,,,
0.2,0.75130401,17,0,0,1,1,1,TCE_1058,test,best.pt,,,,,,,
0.25,0.75130401,17,0,0,1,1,1,TCE_1058,test,best.pt,,,,,,,
0.3,0.75130401,17,0,0,1,1,1,TCE_1058,test,best.pt,,,,,,,
0.35,0.75130401,17,0,0,1,1,1,TCE_1058,test,best.pt,,,,,,,
0.4,0.75130401,17,0,0,1,1,1,TCE_1058,test,best.pt,,,,,,,
0.45,0.75130401,17,0,0,1,1,1,TCE_1058,test,best.pt,,,,,,,
0.5,0.75130401,17,0,0,1,1,1,TCE_1058,test,best.pt,,,,,,,
0.2,0.718480748,18,0,1,1,0.95,0.97,TCE_1059,test,best.pt,,,,,,,
0.25,0.718480748,18,0,1,1,0.95,0.97,TCE_1059,test,best.pt,,,,,,,
0.3,0.718480748,18,0,1,1,0.95,0.97,TCE_1059,test,best.pt,,,,,,,
0.35,0.718480748,18,0,1,1,0.95,0.97,TCE_1059,test,best.pt,,,,,,,
0.4,0.718480748,18,0,1,1,0.95,0.97,TCE_1059,test,best.pt,,,,,,,
0.45,0.718480748,18,0,1,1,0.95,0.97,TCE_1059,test,best.pt,,,,,,,
0.5,0.718480748,18,0,1,1,0.95,0.97,TCE_1059,test,best.pt,,,,,,,
0.2,0.739010257,17,0,0,1,1,1,TCE_1062,test,best.pt,,,,,,,
0.25,0.739010257,17,0,0,1,1,1,TCE_1062,test,best.pt,,,,,,,
0.3,0.739010257,17,0,0,1,1,1,TCE_1062,test,best.pt,,,,,,,
0.35,0.739010257,17,0,0,1,1,1,TCE_1062,test,best.pt,,,,,,,
0.4,0.739010257,17,0,0,1,1,1,TCE_1062,test,best.pt,,,,,,,
0.45,0.739010257,17,0,0,1,1,1,TCE_1062,test,best.pt,,,,,,,
0.5,0.739010257,17,0,0,1,1,1,TCE_1062,test,best.pt,,,,,,,
0.2,0.784691145,17,0,0,1,1,1,TCE_1068,test,best.pt,,,,,,,
0.25,0.784691145,17,0,0,1,1,1,TCE_1068,test,best.pt,,,,,,,
0.3,0.784691145,17,0,0,1,1,1,TCE_1068,test,best.pt,,,,,,,
0.35,0.784691145,17,0,0,1,1,1,TCE_1068,test,best.pt,,,,,,,
0.4,0.784691145,17,0,0,1,1,1,TCE_1068,test,best.pt,,,,,,,
0.45,0.784691145,17,0,0,1,1,1,TCE_1068,test,best.pt,,,,,,,
0.5,0.784691145,17,0,0,1,1,1,TCE_1068,test,best.pt,,,,,,,
0.2,0.708078745,19,0,0,1,1,1,TCE_1071,test,best.pt,,,,,,,
0.25,0.708078745,19,0,0,1,1,1,TCE_1071,test,best.pt,,,,,,,
0.3,0.708078745,19,0,0,1,1,1,TCE_1071,test,best.pt,,,,,,,
0.35,0.708078745,19,0,0,1,1,1,TCE_1071,test,best.pt,,,,,,,
0.4,0.708078745,19,0,0,1,1,1,TCE_1071,test,best.pt,,,,,,,
0.45,0.672674809,18,1,1,0.95,0.95,0.95,TCE_1071,test,best.pt,,,,,,,
0.5,0.672674809,18,1,1,0.95,0.95,0.95,TCE_1071,test,best.pt,,,,,,,
0.2,0.735347162,19,0,0,1,1,1,TCE_1073,test,best.pt,,,,,,,
0.25,0.735347162,19,0,0,1,1,1,TCE_1073,test,best.pt,,,,,,,
0.3,0.735347162,19,0,0,1,1,1,TCE_1073,test,best.pt,,,,,,,
0.35,0.735347162,19,0,0,1,1,1,TCE_1073,test,best.pt,,,,,,,
0.4,0.735347162,19,0,0,1,1,1,TCE_1073,test,best.pt,,,,,,,
0.45,0.735347162,19,0,0,1,1,1,TCE_1073,test,best.pt,,,,,,,
0.5,0.698579805,18,1,1,0.95,0.95,0.95,TCE_1073,test,best.pt,,,,,,,
0.2,0.742621703,18,0,1,1,0.95,0.97,TCE_1074,test,best.pt,,,,,,,
0.25,0.742621703,18,0,1,1,0.95,0.97,TCE_1074,test,best.pt,,,,,,,
0.3,0.742621703,18,0,1,1,0.95,0.97,TCE_1074,test,best.pt,,,,,,,
0.35,0.742621703,18,0,1,1,0.95,0.97,TCE_1074,test,best.pt,,,,,,,
0.4,0.742621703,18,0,1,1,0.95,0.97,TCE_1074,test,best.pt,,,,,,,
0.45,0.742621703,18,0,1,1,0.95,0.97,TCE_1074,test,best.pt,,,,,,,
0.5,0.742621703,18,0,1,1,0.95,0.97,TCE_1074,test,best.pt,,,,,,,
0.2,0.76476231,19,0,0,1,1,1,TCE_1079,test,best.pt,,,,,,,
0.25,0.76476231,19,0,0,1,1,1,TCE_1079,test,best.pt,,,,,,,
0.3,0.76476231,19,0,0,1,1,1,TCE_1079,test,best.pt,,,,,,,
0.35,0.76476231,19,0,0,1,1,1,TCE_1079,test,best.pt,,,,,,,
0.4,0.76476231,19,0,0,1,1,1,TCE_1079,test,best.pt,,,,,,,
0.45,0.76476231,19,0,0,1,1,1,TCE_1079,test,best.pt,,,,,,,
0.5,0.76476231,19,0,0,1,1,1,TCE_1079,test,best.pt,,,,,,,
0.2,0.730573005,19,0,1,1,0.95,0.97,TCE_1083,test,best.pt,,,,,,,
0.25,0.730573005,19,0,1,1,0.95,0.97,TCE_1083,test,best.pt,,,,,,,
0.3,0.730573005,19,0,1,1,0.95,0.97,TCE_1083,test,best.pt,,,,,,,
0.35,0.730573005,19,0,1,1,0.95,0.97,TCE_1083,test,best.pt,,,,,,,
0.4,0.730573005,19,0,1,1,0.95,0.97,TCE_1083,test,best.pt,,,,,,,
0.45,0.730573005,19,0,1,1,0.95,0.97,TCE_1083,test,best.pt,,,,,,,
0.5,0.730573005,19,0,1,1,0.95,0.97,TCE_1083,test,best.pt,,,,,,,
0.2,0.699286783,19,0,0,1,1,1,TCE_1084,test,best.pt,,,,,,,
0.25,0.699286783,19,0,0,1,1,1,TCE_1084,test,best.pt,,,,,,,
0.3,0.699286783,19,0,0,1,1,1,TCE_1084,test,best.pt,,,,,,,
0.35,0.664322445,18,1,1,0.95,0.95,0.95,TCE_1084,test,best.pt,,,,,,,
0.4,0.664322445,18,1,1,0.95,0.95,0.95,TCE_1084,test,best.pt,,,,,,,
0.45,0.632688044,17,2,2,0.89,0.89,0.89,TCE_1084,test,best.pt,,,,,,,
0.5,0.632688044,17,2,2,0.89,0.89,0.89,TCE_1084,test,best.pt,,,,,,,
0.2,0.680339011,19,0,0,1,1,1,TCE_1085,test,best.pt,,,,,,,
0.25,0.680339011,19,0,0,1,1,1,TCE_1085,test,best.pt,,,,,,,
0.3,0.680339011,19,0,0,1,1,1,TCE_1085,test,best.pt,,,,,,,
0.35,0.680339011,19,0,0,1,1,1,TCE_1085,test,best.pt,,,,,,,
0.4,0.646322062,18,1,1,0.95,0.95,0.95,TCE_1085,test,best.pt,,,,,,,
0.45,0.646322062,18,1,1,0.95,0.95,0.95,TCE_1085,test,best.pt,,,,,,,
0.5,0.646322062,18,1,1,0.95,0.95,0.95,TCE_1085,test,best.pt,,,,,,,
0.2,0.745662815,19,0,0,1,1,1,TCE_1088,test,best.pt,,,,,,,
0.25,0.745662815,19,0,0,1,1,1,TCE_1088,test,best.pt,,,,,,,
0.3,0.745662815,19,0,0,1,1,1,TCE_1088,test,best.pt,,,,,,,
0.35,0.745662815,19,0,0,1,1,1,TCE_1088,test,best.pt,,,,,,,
0.4,0.745662815,19,0,0,1,1,1,TCE_1088,test,best.pt,,,,,,,
0.45,0.745662815,19,0,0,1,1,1,TCE_1088,test,best.pt,,,,,,,
0.5,0.745662815,19,0,0,1,1,1,TCE_1088,test,best.pt,,,,,,,
0.2,0.65269623,19,0,0,1,1,1,TCE_1091,test,best.pt,,,,,,,
0.25,0.65269623,19,0,0,1,1,1,TCE_1091,test,best.pt,,,,,,,
0.3,0.65269623,19,0,0,1,1,1,TCE_1091,test,best.pt,,,,,,,
0.35,0.65269623,19,0,0,1,1,1,TCE_1091,test,best.pt,,,,,,,
0.4,0.65269623,19,0,0,1,1,1,TCE_1091,test,best.pt,,,,,,,
0.45,0.65269623,19,0,0,1,1,1,TCE_1091,test,best.pt,,,,,,,
0.5,0.563692203,16,3,3,0.84,0.84,0.84,TCE_1091,test,best.pt,,,,,,,
0.2,0.699461815,19,0,0,1,1,1,TCE_1092,test,best.pt,,,,,,,
0.25,0.699461815,19,0,0,1,1,1,TCE_1092,test,best.pt,,,,,,,
0.3,0.699461815,19,0,0,1,1,1,TCE_1092,test,best.pt,,,,,,,
0.35,0.699461815,19,0,0,1,1,1,TCE_1092,test,best.pt,,,,,,,
0.4,0.699461815,19,0,0,1,1,1,TCE_1092,test,best.pt,,,,,,,
0.45,0.699461815,19,0,0,1,1,1,TCE_1092,test,best.pt,,,,,,,
0.5,0.664488726,18,1,1,0.95,0.95,0.95,TCE_1092,test,best.pt,,,,,,,
0.2,0.837473372,19,0,0,1,1,1,TCE_1096,test,best.pt,,,,,,,
0.25,0.837473372,19,0,0,1,1,1,TCE_1096,test,best.pt,,,,,,,
0.3,0.837473372,19,0,0,1,1,1,TCE_1096,test,best.pt,,,,,,,
0.35,0.837473372,19,0,0,1,1,1,TCE_1096,test,best.pt,,,,,,,
0.4,0.837473372,19,0,0,1,1,1,TCE_1096,test,best.pt,,,,,,,
0.45,0.837473372,19,0,0,1,1,1,TCE_1096,test,best.pt,,,,,,,
0.5,0.837473372,19,0,0,1,1,1,TCE_1096,test,best.pt,,,,,,,
0.2,0.672562823,19,0,0,1,1,1,TCE_1098,test,best.pt,,,,,,,
0.25,0.672562823,19,0,0,1,1,1,TCE_1098,test,best.pt,,,,,,,
0.3,0.672562823,19,0,0,1,1,1,TCE_1098,test,best.pt,,,,,,,
0.35,0.672562823,19,0,0,1,1,1,TCE_1098,test,best.pt,,,,,,,
0.4,0.638934683,18,1,1,0.95,0.95,0.95,TCE_1098,test,best.pt,,,,,,,
0.45,0.638934683,18,1,1,0.95,0.95,0.95,TCE_1098,test,best.pt,,,,,,,
0.5,0.608509224,17,2,2,0.89,0.89,0.89,TCE_1098,test,best.pt,,,,,,,
0.2,0.757577222,19,0,0,1,1,1,TCE_1100,test,best.pt,,,,,,,
0.25,0.757577222,19,0,0,1,1,1,TCE_1100,test,best.pt,,,,,,,
0.3,0.757577222,19,0,0,1,1,1,TCE_1100,test,best.pt,,,,,,,
0.35,0.757577222,19,0,0,1,1,1,TCE_1100,test,best.pt,,,,,,,
0.4,0.757577222,19,0,0,1,1,1,TCE_1100,test,best.pt,,,,,,,
0.45,0.757577222,19,0,0,1,1,1,TCE_1100,test,best.pt,,,,,,,
0.5,0.757577222,19,0,0,1,1,1,TCE_1100,test,best.pt,,,,,,,
0.2,0.75904951,19,0,0,1,1,1,TCE_1103,test,best.pt,,,,,,,
0.25,0.75904951,19,0,0,1,1,1,TCE_1103,test,best.pt,,,,,,,
0.3,0.75904951,19,0,0,1,1,1,TCE_1103,test,best.pt,,,,,,,
0.35,0.75904951,19,0,0,1,1,1,TCE_1103,test,best.pt,,,,,,,
0.4,0.75904951,19,0,0,1,1,1,TCE_1103,test,best.pt,,,,,,,
0.45,0.75904951,19,0,0,1,1,1,TCE_1103,test,best.pt,,,,,,,
0.5,0.75904951,19,0,0,1,1,1,TCE_1103,test,best.pt,,,,,,,
0.2,0.760119487,19,0,0,1,1,1,TCE_1104,test,best.pt,,,,,,,
0.25,0.760119487,19,0,0,1,1,1,TCE_1104,test,best.pt,,,,,,,
0.3,0.760119487,19,0,0,1,1,1,TCE_1104,test,best.pt,,,,,,,
0.35,0.760119487,19,0,0,1,1,1,TCE_1104,test,best.pt,,,,,,,
0.4,0.760119487,19,0,0,1,1,1,TCE_1104,test,best.pt,,,,,,,
0.45,0.760119487,19,0,0,1,1,1,TCE_1104,test,best.pt,,,,,,,
0.5,0.760119487,19,0,0,1,1,1,TCE_1104,test,best.pt,,,,,,,
0.2,0.726786374,18,0,1,1,0.95,0.97,TCE_1105,test,best.pt,,,,,,,
0.25,0.726786374,18,0,1,1,0.95,0.97,TCE_1105,test,best.pt,,,,,,,
0.3,0.726786374,18,0,1,1,0.95,0.97,TCE_1105,test,best.pt,,,,,,,
0.35,0.726786374,18,0,1,1,0.95,0.97,TCE_1105,test,best.pt,,,,,,,
0.4,0.726786374,18,0,1,1,0.95,0.97,TCE_1105,test,best.pt,,,,,,,
0.45,0.726786374,18,0,1,1,0.95,0.97,TCE_1105,test,best.pt,,,,,,,
0.5,0.726786374,18,0,1,1,0.95,0.97,TCE_1105,test,best.pt,,,,,,,
0.2,0.766263326,17,0,0,1,1,1,TCE_1106,test,best.pt,,,,,,,
0.25,0.766263326,17,0,0,1,1,1,TCE_1106,test,best.pt,,,,,,,
0.3,0.766263326,17,0,0,1,1,1,TCE_1106,test,best.pt,,,,,,,
0.35,0.766263326,17,0,0,1,1,1,TCE_1106,test,best.pt,,,,,,,
0.4,0.766263326,17,0,0,1,1,1,TCE_1106,test,best.pt,,,,,,,
0.45,0.766263326,17,0,0,1,1,1,TCE_1106,test,best.pt,,,,,,,
0.5,0.723693143,16,1,1,0.94,0.94,0.94,TCE_1106,test,best.pt,,,,,,,
0.2,0.827092688,19,0,0,1,1,1,TCE_1107,test,best.pt,,,,,,,
0.25,0.827092688,19,0,0,1,1,1,TCE_1107,test,best.pt,,,,,,,
0.3,0.827092688,19,0,0,1,1,1,TCE_1107,test,best.pt,,,,,,,
0.35,0.827092688,19,0,0,1,1,1,TCE_1107,test,best.pt,,,,,,,
0.4,0.827092688,19,0,0,1,1,1,TCE_1107,test,best.pt,,,,,,,
0.45,0.827092688,19,0,0,1,1,1,TCE_1107,test,best.pt,,,,,,,
0.5,0.827092688,19,0,0,1,1,1,TCE_1107,test,best.pt,,,,,,,
0.2,0.692659572,20,0,0,1,1,1,TCE_1108,test,best.pt,,,,,,,
0.25,0.692659572,20,0,0,1,1,1,TCE_1108,test,best.pt,,,,,,,
0.3,0.692659572,20,0,0,1,1,1,TCE_1108,test,best.pt,,,,,,,
0.35,0.692659572,20,0,0,1,1,1,TCE_1108,test,best.pt,,,,,,,
0.4,0.692659572,20,0,0,1,1,1,TCE_1108,test,best.pt,,,,,,,
0.45,0.659675784,19,1,1,0.95,0.95,0.95,TCE_1108,test,best.pt,,,,,,,
0.5,0.629690523,18,2,2,0.9,0.9,0.9,TCE_1108,test,best.pt,,,,,,,
0.2,0.793219896,19,0,0,1,1,1,TCE_1110,test,best.pt,,,,,,,
0.25,0.793219896,19,0,0,1,1,1,TCE_1110,test,best.pt,,,,,,,
0.3,0.793219896,19,0,0,1,1,1,TCE_1110,test,best.pt,,,,,,,
0.35,0.793219896,19,0,0,1,1,1,TCE_1110,test,best.pt,,,,,,,
0.4,0.793219896,19,0,0,1,1,1,TCE_1110,test,best.pt,,,,,,,
0.45,0.793219896,19,0,0,1,1,1,TCE_1110,test,best.pt,,,,,,,
0.5,0.793219896,19,0,0,1,1,1,TCE_1110,test,best.pt,,,,,,,
0.2,0.740167249,18,0,1,1,0.95,0.97,TCE_1112,test,best.pt,,,,,,,
0.25,0.740167249,18,0,1,1,0.95,0.97,TCE_1112,test,best.pt,,,,,,,
0.3,0.740167249,18,0,1,1,0.95,0.97,TCE_1112,test,best.pt,,,,,,,
0.35,0.740167249,18,0,1,1,0.95,0.97,TCE_1112,test,best.pt,,,,,,,
0.4,0.740167249,18,0,1,1,0.95,0.97,TCE_1112,test,best.pt,,,,,,,
0.45,0.740167249,18,0,1,1,0.95,0.97,TCE_1112,test,best.pt,,,,,,,
0.5,0.740167249,18,0,1,1,0.95,0.97,TCE_1112,test,best.pt,,,,,,,
0.2,0.787432352,15,0,0,1,1,1,TCE_1117,test,best.pt,,,,,,,
0.25,0.787432352,15,0,0,1,1,1,TCE_1117,test,best.pt,,,,,,,
0.3,0.787432352,15,0,0,1,1,1,TCE_1117,test,best.pt,,,,,,,
0.35,0.787432352,15,0,0,1,1,1,TCE_1117,test,best.pt,,,,,,,
0.4,0.787432352,15,0,0,1,1,1,TCE_1117,test,best.pt,,,,,,,
0.45,0.787432352,15,0,0,1,1,1,TCE_1117,test,best.pt,,,,,,,
0.5,0.787432352,15,0,0,1,1,1,TCE_1117,test,best.pt,,,,,,,
0.2,0.679836529,19,0,0,1,1,1,TCE_1126,test,best.pt,,,,,,,
0.25,0.679836529,19,0,0,1,1,1,TCE_1126,test,best.pt,,,,,,,
0.3,0.679836529,19,0,0,1,1,1,TCE_1126,test,best.pt,,,,,,,
0.35,0.679836529,19,0,0,1,1,1,TCE_1126,test,best.pt,,,,,,,
0.4,0.679836529,19,0,0,1,1,1,TCE_1126,test,best.pt,,,,,,,
0.45,0.679836529,19,0,0,1,1,1,TCE_1126,test,best.pt,,,,,,,
0.5,0.679836529,19,0,0,1,1,1,TCE_1126,test,best.pt,,,,,,,
0.2,0.746450034,16,0,1,1,0.94,0.97,TCE_1129,test,best.pt,,,,,,,
0.25,0.746450034,16,0,1,1,0.94,0.97,TCE_1129,test,best.pt,,,,,,,
0.3,0.746450034,16,0,1,1,0.94,0.97,TCE_1129,test,best.pt,,,,,,,
0.35,0.746450034,16,0,1,1,0.94,0.97,TCE_1129,test,best.pt,,,,,,,
0.4,0.746450034,16,0,1,1,0.94,0.97,TCE_1129,test,best.pt,,,,,,,
0.45,0.746450034,16,0,1,1,0.94,0.97,TCE_1129,test,best.pt,,,,,,,
0.5,0.70498059,15,1,2,0.94,0.88,0.91,TCE_1129,test,best.pt,,,,,,,
0.2,0.751843204,19,0,0,1,1,1,TCE_1131,test,best.pt,,,,,,,
0.25,0.751843204,19,0,0,1,1,1,TCE_1131,test,best.pt,,,,,,,
0.3,0.751843204,19,0,0,1,1,1,TCE_1131,test,best.pt,,,,,,,
0.35,0.751843204,19,0,0,1,1,1,TCE_1131,test,best.pt,,,,,,,
0.4,0.751843204,19,0,0,1,1,1,TCE_1131,test,best.pt,,,,,,,
0.45,0.751843204,19,0,0,1,1,1,TCE_1131,test,best.pt,,,,,,,
0.5,0.751843204,19,0,0,1,1,1,TCE_1131,test,best.pt,,,,,,,
0.2,0.767588577,19,0,0,1,1,1,TCE_1135,test,best.pt,,,,,,,
0.25,0.767588577,19,0,0,1,1,1,TCE_1135,test,best.pt,,,,,,,
0.3,0.767588577,19,0,0,1,1,1,TCE_1135,test,best.pt,,,,,,,
0.35,0.767588577,19,0,0,1,1,1,TCE_1135,test,best.pt,,,,,,,
0.4,0.767588577,19,0,0,1,1,1,TCE_1135,test,best.pt,,,,,,,
0.45,0.767588577,19,0,0,1,1,1,TCE_1135,test,best.pt,,,,,,,
0.5,0.767588577,19,0,0,1,1,1,TCE_1135,test,best.pt,,,,,,,
0.2,0.750545127,19,0,0,1,1,1,TCE_1136,test,best.pt,,,,,,,
0.25,0.750545127,19,0,0,1,1,1,TCE_1136,test,best.pt,,,,,,,
0.3,0.750545127,19,0,0,1,1,1,TCE_1136,test,best.pt,,,,,,,
0.35,0.750545127,19,0,0,1,1,1,TCE_1136,test,best.pt,,,,,,,
0.4,0.750545127,19,0,0,1,1,1,TCE_1136,test,best.pt,,,,,,,
0.45,0.750545127,19,0,0,1,1,1,TCE_1136,test,best.pt,,,,,,,
0.5,0.750545127,19,0,0,1,1,1,TCE_1136,test,best.pt,,,,,,,
0.2,0.741138643,19,0,0,1,1,1,TCE_1139,test,best.pt,,,,,,,
0.25,0.741138643,19,0,0,1,1,1,TCE_1139,test,best.pt,,,,,,,
0.3,0.741138643,19,0,0,1,1,1,TCE_1139,test,best.pt,,,,,,,
0.35,0.741138643,19,0,0,1,1,1,TCE_1139,test,best.pt,,,,,,,
0.4,0.741138643,19,0,0,1,1,1,TCE_1139,test,best.pt,,,,,,,
0.45,0.741138643,19,0,0,1,1,1,TCE_1139,test,best.pt,,,,,,,
0.5,0.704081713,18,1,1,0.95,0.95,0.95,TCE_1139,test,best.pt,,,,,,,
0.2,0.736940599,19,0,0,1,1,1,TCE_1142,test,best.pt,,,,,,,
0.25,0.736940599,19,0,0,1,1,1,TCE_1142,test,best.pt,,,,,,,
0.3,0.736940599,19,0,0,1,1,1,TCE_1142,test,best.pt,,,,,,,
0.35,0.736940599,19,0,0,1,1,1,TCE_1142,test,best.pt,,,,,,,
0.4,0.736940599,19,0,0,1,1,1,TCE_1142,test,best.pt,,,,,,,
0.45,0.736940599,19,0,0,1,1,1,TCE_1142,test,best.pt,,,,,,,
0.5,0.736940599,19,0,0,1,1,1,TCE_1142,test,best.pt,,,,,,,
0.2,0.7509033,19,0,0,1,1,1,TCE_1144,test,best.pt,,,,,,,
0.25,0.7509033,19,0,0,1,1,1,TCE_1144,test,best.pt,,,,,,,
0.3,0.7509033,19,0,0,1,1,1,TCE_1144,test,best.pt,,,,,,,
0.35,0.7509033,19,0,0,1,1,1,TCE_1144,test,best.pt,,,,,,,
0.4,0.7509033,19,0,0,1,1,1,TCE_1144,test,best.pt,,,,,,,
0.45,0.7509033,19,0,0,1,1,1,TCE_1144,test,best.pt,,,,,,,
0.5,0.7509033,19,0,0,1,1,1,TCE_1144,test,best.pt,,,,,,,
0.2,0.769369093,19,0,0,1,1,1,TCE_1145,test,best.pt,,,,,,,
0.25,0.769369093,19,0,0,1,1,1,TCE_1145,test,best.pt,,,,,,,
0.3,0.769369093,19,0,0,1,1,1,TCE_1145,test,best.pt,,,,,,,
0.35,0.769369093,19,0,0,1,1,1,TCE_1145,test,best.pt,,,,,,,
0.4,0.769369093,19,0,0,1,1,1,TCE_1145,test,best.pt,,,,,,,
0.45,0.769369093,19,0,0,1,1,1,TCE_1145,test,best.pt,,,,,,,
0.5,0.769369093,19,0,0,1,1,1,TCE_1145,test,best.pt,,,,,,,
0.2,0.730291702,19,0,0,1,1,1,TCE_1152,test,best.pt,,,,,,,
0.25,0.730291702,19,0,0,1,1,1,TCE_1152,test,best.pt,,,,,,,
0.3,0.730291702,19,0,0,1,1,1,TCE_1152,test,best.pt,,,,,,,
0.35,0.730291702,19,0,0,1,1,1,TCE_1152,test,best.pt,,,,,,,
0.4,0.730291702,19,0,0,1,1,1,TCE_1152,test,best.pt,,,,,,,
0.45,0.730291702,19,0,0,1,1,1,TCE_1152,test,best.pt,,,,,,,
0.5,0.730291702,19,0,0,1,1,1,TCE_1152,test,best.pt,,,,,,,
0.2,0.770129831,19,0,0,1,1,1,TCE_1156,test,best.pt,,,,,,,
0.25,0.770129831,19,0,0,1,1,1,TCE_1156,test,best.pt,,,,,,,
0.3,0.770129831,19,0,0,1,1,1,TCE_1156,test,best.pt,,,,,,,
0.35,0.770129831,19,0,0,1,1,1,TCE_1156,test,best.pt,,,,,,,
0.4,0.770129831,19,0,0,1,1,1,TCE_1156,test,best.pt,,,,,,,
0.45,0.770129831,19,0,0,1,1,1,TCE_1156,test,best.pt,,,,,,,
0.5,0.770129831,19,0,0,1,1,1,TCE_1156,test,best.pt,,,,,,,
0.2,0.750347621,19,0,0,1,1,1,TCE_1157,test,best.pt,,,,,,,
0.25,0.750347621,19,0,0,1,1,1,TCE_1157,test,best.pt,,,,,,,
0.3,0.750347621,19,0,0,1,1,1,TCE_1157,test,best.pt,,,,,,,
0.35,0.750347621,19,0,0,1,1,1,TCE_1157,test,best.pt,,,,,,,
0.4,0.750347621,19,0,0,1,1,1,TCE_1157,test,best.pt,,,,,,,
0.45,0.712830242,18,1,1,0.95,0.95,0.95,TCE_1157,test,best.pt,,,,,,,
0.5,0.712830242,18,1,1,0.95,0.95,0.95,TCE_1157,test,best.pt,,,,,,,
0.2,0.722225733,19,0,0,1,1,1,TCE_1158,test,best.pt,,,,,,,
0.25,0.722225733,19,0,0,1,1,1,TCE_1158,test,best.pt,,,,,,,
0.3,0.722225733,19,0,0,1,1,1,TCE_1158,test,best.pt,,,,,,,
0.35,0.722225733,19,0,0,1,1,1,TCE_1158,test,best.pt,,,,,,,
0.4,0.722225733,19,0,0,1,1,1,TCE_1158,test,best.pt,,,,,,,
0.45,0.722225733,19,0,0,1,1,1,TCE_1158,test,best.pt,,,,,,,
0.5,0.686114448,18,1,1,0.95,0.95,0.95,TCE_1158,test,best.pt,,,,,,,
0.2,0.790322249,18,0,1,1,0.95,0.97,TCE_1162,test,best.pt,,,,,,,
0.25,0.790322249,18,0,1,1,0.95,0.97,TCE_1162,test,best.pt,,,,,,,
0.3,0.790322249,18,0,1,1,0.95,0.97,TCE_1162,test,best.pt,,,,,,,
0.35,0.790322249,18,0,1,1,0.95,0.97,TCE_1162,test,best.pt,,,,,,,
0.4,0.790322249,18,0,1,1,0.95,0.97,TCE_1162,test,best.pt,,,,,,,
0.45,0.790322249,18,0,1,1,0.95,0.97,TCE_1162,test,best.pt,,,,,,,
0.5,0.790322249,18,0,1,1,0.95,0.97,TCE_1162,test,best.pt,,,,,,,
0.2,0.734942694,19,0,0,1,1,1,TCE_1165,test,best.pt,,,,,,,
0.25,0.734942694,19,0,0,1,1,1,TCE_1165,test,best.pt,,,,,,,
0.3,0.734942694,19,0,0,1,1,1,TCE_1165,test,best.pt,,,,,,,
0.35,0.734942694,19,0,0,1,1,1,TCE_1165,test,best.pt,,,,,,,
0.4,0.734942694,19,0,0,1,1,1,TCE_1165,test,best.pt,,,,,,,
0.45,0.734942694,19,0,0,1,1,1,TCE_1165,test,best.pt,,,,,,,
0.5,0.734942694,19,0,0,1,1,1,TCE_1165,test,best.pt,,,,,,,
0.2,0.748326558,18,0,1,1,0.95,0.97,TCE_1168,test,best.pt,,,,,,,
0.25,0.748326558,18,0,1,1,0.95,0.97,TCE_1168,test,best.pt,,,,,,,
0.3,0.748326558,18,0,1,1,0.95,0.97,TCE_1168,test,best.pt,,,,,,,
0.35,0.748326558,18,0,1,1,0.95,0.97,TCE_1168,test,best.pt,,,,,,,
0.4,0.748326558,18,0,1,1,0.95,0.97,TCE_1168,test,best.pt,,,,,,,
0.45,0.748326558,18,0,1,1,0.95,0.97,TCE_1168,test,best.pt,,,,,,,
0.5,0.710910232,17,1,2,0.94,0.89,0.92,TCE_1168,test,best.pt,,,,,,,
0.2,0.772814631,19,0,0,1,1,1,TCE_1172,test,best.pt,,,,,,,
0.25,0.772814631,19,0,0,1,1,1,TCE_1172,test,best.pt,,,,,,,
0.3,0.772814631,19,0,0,1,1,1,TCE_1172,test,best.pt,,,,,,,
0.35,0.772814631,19,0,0,1,1,1,TCE_1172,test,best.pt,,,,,,,
0.4,0.772814631,19,0,0,1,1,1,TCE_1172,test,best.pt,,,,,,,
0.45,0.772814631,19,0,0,1,1,1,TCE_1172,test,best.pt,,,,,,,
0.5,0.772814631,19,0,0,1,1,1,TCE_1172,test,best.pt,,,,,,,
0.2,0.80065241,19,0,0,1,1,1,TCE_1174,test,best.pt,,,,,,,
0.25,0.80065241,19,0,0,1,1,1,TCE_1174,test,best.pt,,,,,,,
0.3,0.80065241,19,0,0,1,1,1,TCE_1174,test,best.pt,,,,,,,
0.35,0.80065241,19,0,0,1,1,1,TCE_1174,test,best.pt,,,,,,,
0.4,0.80065241,19,0,0,1,1,1,TCE_1174,test,best.pt,,,,,,,
0.45,0.80065241,19,0,0,1,1,1,TCE_1174,test,best.pt,,,,,,,
0.5,0.80065241,19,0,0,1,1,1,TCE_1174,test,best.pt,,,,,,,
0.2,0.75678594,19,0,0,1,1,1,TCE_1179,test,best.pt,,,,,,,
0.25,0.75678594,19,0,0,1,1,1,TCE_1179,test,best.pt,,,,,,,
0.3,0.75678594,19,0,0,1,1,1,TCE_1179,test,best.pt,,,,,,,
0.35,0.75678594,19,0,0,1,1,1,TCE_1179,test,best.pt,,,,,,,
0.4,0.75678594,19,0,0,1,1,1,TCE_1179,test,best.pt,,,,,,,
0.45,0.718946645,18,1,1,0.95,0.95,0.95,TCE_1179,test,best.pt,,,,,,,
0.5,0.718946645,18,1,1,0.95,0.95,0.95,TCE_1179,test,best.pt,,,,,,,
0.2,0.732772595,19,0,0,1,1,1,TCE_1192,test,best.pt,,,,,,,
0.25,0.732772595,19,0,0,1,1,1,TCE_1192,test,best.pt,,,,,,,
0.3,0.732772595,19,0,0,1,1,1,TCE_1192,test,best.pt,,,,,,,
0.35,0.732772595,19,0,0,1,1,1,TCE_1192,test,best.pt,,,,,,,
0.4,0.696133967,18,1,1,0.95,0.95,0.95,TCE_1192,test,best.pt,,,,,,,
0.45,0.696133967,18,1,1,0.95,0.95,0.95,TCE_1192,test,best.pt,,,,,,,
0.5,0.696133967,18,1,1,0.95,0.95,0.95,TCE_1192,test,best.pt,,,,,,,
0.2,0.735000984,19,0,0,1,1,1,TCE_1193,test,best.pt,,,,,,,
0.25,0.735000984,19,0,0,1,1,1,TCE_1193,test,best.pt,,,,,,,
0.3,0.735000984,19,0,0,1,1,1,TCE_1193,test,best.pt,,,,,,,
0.35,0.735000984,19,0,0,1,1,1,TCE_1193,test,best.pt,,,,,,,
0.4,0.735000984,19,0,0,1,1,1,TCE_1193,test,best.pt,,,,,,,
0.45,0.735000984,19,0,0,1,1,1,TCE_1193,test,best.pt,,,,,,,
0.5,0.735000984,19,0,0,1,1,1,TCE_1193,test,best.pt,,,,,,,
0.2,0.708056369,18,0,1,1,0.95,0.97,TCE_1194,test,best.pt,,,,,,,
0.25,0.708056369,18,0,1,1,0.95,0.97,TCE_1194,test,best.pt,,,,,,,
0.3,0.708056369,18,0,1,1,0.95,0.97,TCE_1194,test,best.pt,,,,,,,
0.35,0.708056369,18,0,1,1,0.95,0.97,TCE_1194,test,best.pt,,,,,,,
0.4,0.708056369,18,0,1,1,0.95,0.97,TCE_1194,test,best.pt,,,,,,,
0.45,0.708056369,18,0,1,1,0.95,0.97,TCE_1194,test,best.pt,,,,,,,
0.5,0.708056369,18,0,1,1,0.95,0.97,TCE_1194,test,best.pt,,,,,,,
0.2,0.805264698,19,0,0,1,1,1,TCE_1201,test,best.pt,,,,,,,
0.25,0.805264698,19,0,0,1,1,1,TCE_1201,test,best.pt,,,,,,,
0.3,0.805264698,19,0,0,1,1,1,TCE_1201,test,best.pt,,,,,,,
0.35,0.805264698,19,0,0,1,1,1,TCE_1201,test,best.pt,,,,,,,
0.4,0.805264698,19,0,0,1,1,1,TCE_1201,test,best.pt,,,,,,,
0.45,0.805264698,19,0,0,1,1,1,TCE_1201,test,best.pt,,,,,,,
0.5,0.805264698,19,0,0,1,1,1,TCE_1201,test,best.pt,,,,,,,
0.2,0.816160886,19,0,0,1,1,1,TCE_1203,test,best.pt,,,,,,,
0.25,0.816160886,19,0,0,1,1,1,TCE_1203,test,best.pt,,,,,,,
0.3,0.816160886,19,0,0,1,1,1,TCE_1203,test,best.pt,,,,,,,
0.35,0.816160886,19,0,0,1,1,1,TCE_1203,test,best.pt,,,,,,,
0.4,0.816160886,19,0,0,1,1,1,TCE_1203,test,best.pt,,,,,,,
0.45,0.816160886,19,0,0,1,1,1,TCE_1203,test,best.pt,,,,,,,
0.5,0.816160886,19,0,0,1,1,1,TCE_1203,test,best.pt,,,,,,,
0.2,0.778461753,18,0,1,1,0.95,0.97,TCE_1206,test,best.pt,,,,,,,
0.25,0.778461753,18,0,1,1,0.95,0.97,TCE_1206,test,best.pt,,,,,,,
0.3,0.778461753,18,0,1,1,0.95,0.97,TCE_1206,test,best.pt,,,,,,,
0.35,0.778461753,18,0,1,1,0.95,0.97,TCE_1206,test,best.pt,,,,,,,
0.4,0.778461753,18,0,1,1,0.95,0.97,TCE_1206,test,best.pt,,,,,,,
0.45,0.778461753,18,0,1,1,0.95,0.97,TCE_1206,test,best.pt,,,,,,,
0.5,0.778461753,18,0,1,1,0.95,0.97,TCE_1206,test,best.pt,,,,,,,
0.2,0.792235766,19,0,0,1,1,1,TCE_1207,test,best.pt,,,,,,,
0.25,0.792235766,19,0,0,1,1,1,TCE_1207,test,best.pt,,,,,,,
0.3,0.792235766,19,0,0,1,1,1,TCE_1207,test,best.pt,,,,,,,
0.35,0.792235766,19,0,0,1,1,1,TCE_1207,test,best.pt,,,,,,,
0.4,0.792235766,19,0,0,1,1,1,TCE_1207,test,best.pt,,,,,,,
0.45,0.792235766,19,0,0,1,1,1,TCE_1207,test,best.pt,,,,,,,
0.5,0.792235766,19,0,0,1,1,1,TCE_1207,test,best.pt,,,,,,,
0.2,0.802644506,19,0,0,1,1,1,TCE_1217,test,best.pt,,,,,,,
0.25,0.802644506,19,0,0,1,1,1,TCE_1217,test,best.pt,,,,,,,
0.3,0.802644506,19,0,0,1,1,1,TCE_1217,test,best.pt,,,,,,,
0.35,0.802644506,19,0,0,1,1,1,TCE_1217,test,best.pt,,,,,,,
0.4,0.802644506,19,0,0,1,1,1,TCE_1217,test,best.pt,,,,,,,
0.45,0.802644506,19,0,0,1,1,1,TCE_1217,test,best.pt,,,,,,,
0.5,0.802644506,19,0,0,1,1,1,TCE_1217,test,best.pt,,,,,,,
0.2,0.762906848,18,0,1,1,0.95,0.97,TCE_1219,test,best.pt,,,,,,,
0.25,0.762906848,18,0,1,1,0.95,0.97,TCE_1219,test,best.pt,,,,,,,
0.3,0.762906848,18,0,1,1,0.95,0.97,TCE_1219,test,best.pt,,,,,,,
0.35,0.762906848,18,0,1,1,0.95,0.97,TCE_1219,test,best.pt,,,,,,,
0.4,0.762906848,18,0,1,1,0.95,0.97,TCE_1219,test,best.pt,,,,,,,
0.45,0.762906848,18,0,1,1,0.95,0.97,TCE_1219,test,best.pt,,,,,,,
0.5,0.762906848,18,0,1,1,0.95,0.97,TCE_1219,test,best.pt,,,,,,,
0.2,0.786198126,19,0,0,1,1,1,TCE_1223,test,best.pt,,,,,,,
0.25,0.786198126,19,0,0,1,1,1,TCE_1223,test,best.pt,,,,,,,
0.3,0.786198126,19,0,0,1,1,1,TCE_1223,test,best.pt,,,,,,,
0.35,0.786198126,19,0,0,1,1,1,TCE_1223,test,best.pt,,,,,,,
0.4,0.786198126,19,0,0,1,1,1,TCE_1223,test,best.pt,,,,,,,
0.45,0.786198126,19,0,0,1,1,1,TCE_1223,test,best.pt,,,,,,,
0.5,0.786198126,19,0,0,1,1,1,TCE_1223,test,best.pt,,,,,,,
0.2,0.773156496,19,0,0,1,1,1,TCE_1228,test,best.pt,,,,,,,
0.25,0.773156496,19,0,0,1,1,1,TCE_1228,test,best.pt,,,,,,,
0.3,0.773156496,19,0,0,1,1,1,TCE_1228,test,best.pt,,,,,,,
0.35,0.773156496,19,0,0,1,1,1,TCE_1228,test,best.pt,,,,,,,
0.4,0.773156496,19,0,0,1,1,1,TCE_1228,test,best.pt,,,,,,,
0.45,0.773156496,19,0,0,1,1,1,TCE_1228,test,best.pt,,,,,,,
0.5,0.773156496,19,0,0,1,1,1,TCE_1228,test,best.pt,,,,,,,
0.2,0.756920026,19,0,0,1,1,1,TCE_1230,test,best.pt,,,,,,,
0.25,0.756920026,19,0,0,1,1,1,TCE_1230,test,best.pt,,,,,,,
0.3,0.756920026,19,0,0,1,1,1,TCE_1230,test,best.pt,,,,,,,
0.35,0.756920026,19,0,0,1,1,1,TCE_1230,test,best.pt,,,,,,,
0.4,0.756920026,19,0,0,1,1,1,TCE_1230,test,best.pt,,,,,,,
0.45,0.756920026,19,0,0,1,1,1,TCE_1230,test,best.pt,,,,,,,
0.5,0.719074026,18,1,1,0.95,0.95,0.95,TCE_1230,test,best.pt,,,,,,,
0.2,0.761762178,19,0,0,1,1,1,TCE_1237,test,best.pt,,,,,,,
0.25,0.761762178,19,0,0,1,1,1,TCE_1237,test,best.pt,,,,,,,
0.3,0.761762178,19,0,0,1,1,1,TCE_1237,test,best.pt,,,,,,,
0.35,0.761762178,19,0,0,1,1,1,TCE_1237,test,best.pt,,,,,,,
0.4,0.761762178,19,0,0,1,1,1,TCE_1237,test,best.pt,,,,,,,
0.45,0.761762178,19,0,0,1,1,1,TCE_1237,test,best.pt,,,,,,,
0.5,0.761762178,19,0,0,1,1,1,TCE_1237,test,best.pt,,,,,,,
0.2,0.761937714,19,0,0,1,1,1,TCE_1238,test,best.pt,,,,,,,
0.25,0.761937714,19,0,0,1,1,1,TCE_1238,test,best.pt,,,,,,,
0.3,0.761937714,19,0,0,1,1,1,TCE_1238,test,best.pt,,,,,,,
0.35,0.761937714,19,0,0,1,1,1,TCE_1238,test,best.pt,,,,,,,
0.4,0.761937714,19,0,0,1,1,1,TCE_1238,test,best.pt,,,,,,,
0.45,0.761937714,19,0,0,1,1,1,TCE_1238,test,best.pt,,,,,,,
0.5,0.761937714,19,0,0,1,1,1,TCE_1238,test,best.pt,,,,,,,
0.2,0.771274554,19,0,0,1,1,1,TCE_1244,test,best.pt,,,,,,,
0.25,0.771274554,19,0,0,1,1,1,TCE_1244,test,best.pt,,,,,,,
0.3,0.771274554,19,0,0,1,1,1,TCE_1244,test,best.pt,,,,,,,
0.35,0.771274554,19,0,0,1,1,1,TCE_1244,test,best.pt,,,,,,,
0.4,0.771274554,19,0,0,1,1,1,TCE_1244,test,best.pt,,,,,,,
0.45,0.771274554,19,0,0,1,1,1,TCE_1244,test,best.pt,,,,,,,
0.5,0.771274554,19,0,0,1,1,1,TCE_1244,test,best.pt,,,,,,,
0.2,0.759981064,18,0,1,1,0.95,0.97,TCE_1246,test,best.pt,,,,,,,
0.25,0.759981064,18,0,1,1,0.95,0.97,TCE_1246,test,best.pt,,,,,,,
0.3,0.759981064,18,0,1,1,0.95,0.97,TCE_1246,test,best.pt,,,,,,,
0.35,0.759981064,18,0,1,1,0.95,0.97,TCE_1246,test,best.pt,,,,,,,
0.4,0.759981064,18,0,1,1,0.95,0.97,TCE_1246,test,best.pt,,,,,,,
0.45,0.759981064,18,0,1,1,0.95,0.97,TCE_1246,test,best.pt,,,,,,,
0.5,0.759981064,18,0,1,1,0.95,0.97,TCE_1246,test,best.pt,,,,,,,
0.2,0.760937678,19,0,0,1,1,1,TCE_1247,test,best.pt,,,,,,,
0.25,0.760937678,19,0,0,1,1,1,TCE_1247,test,best.pt,,,,,,,
0.3,0.760937678,19,0,0,1,1,1,TCE_1247,test,best.pt,,,,,,,
0.35,0.760937678,19,0,0,1,1,1,TCE_1247,test,best.pt,,,,,,,
0.4,0.760937678,19,0,0,1,1,1,TCE_1247,test,best.pt,,,,,,,
0.45,0.760937678,19,0,0,1,1,1,TCE_1247,test,best.pt,,,,,,,
0.5,0.760937678,19,0,0,1,1,1,TCE_1247,test,best.pt,,,,,,,
0.2,0.747920217,19,0,0,1,1,1,TCE_1248,test,best.pt,,,,,,,
0.25,0.747920217,19,0,0,1,1,1,TCE_1248,test,best.pt,,,,,,,
0.3,0.747920217,19,0,0,1,1,1,TCE_1248,test,best.pt,,,,,,,
0.35,0.747920217,19,0,0,1,1,1,TCE_1248,test,best.pt,,,,,,,
0.4,0.747920217,19,0,0,1,1,1,TCE_1248,test,best.pt,,,,,,,
0.45,0.747920217,19,0,0,1,1,1,TCE_1248,test,best.pt,,,,,,,
0.5,0.747920217,19,0,0,1,1,1,TCE_1248,test,best.pt,,,,,,,
0.2,0.720427169,19,0,0,1,1,1,TCE_1249,test,best.pt,,,,,,,
0.25,0.720427169,19,0,0,1,1,1,TCE_1249,test,best.pt,,,,,,,
0.3,0.720427169,19,0,0,1,1,1,TCE_1249,test,best.pt,,,,,,,
0.35,0.720427169,19,0,0,1,1,1,TCE_1249,test,best.pt,,,,,,,
0.4,0.720427169,19,0,0,1,1,1,TCE_1249,test,best.pt,,,,,,,
0.45,0.720427169,19,0,0,1,1,1,TCE_1249,test,best.pt,,,,,,,
0.5,0.720427169,19,0,0,1,1,1,TCE_1249,test,best.pt,,,,,,,
0.2,0.782870922,19,0,0,1,1,1,TCE_1251,test,best.pt,,,,,,,
0.25,0.782870922,19,0,0,1,1,1,TCE_1251,test,best.pt,,,,,,,
0.3,0.782870922,19,0,0,1,1,1,TCE_1251,test,best.pt,,,,,,,
0.35,0.782870922,19,0,0,1,1,1,TCE_1251,test,best.pt,,,,,,,
0.4,0.782870922,19,0,0,1,1,1,TCE_1251,test,best.pt,,,,,,,
0.45,0.782870922,19,0,0,1,1,1,TCE_1251,test,best.pt,,,,,,,
0.5,0.782870922,19,0,0,1,1,1,TCE_1251,test,best.pt,,,,,,,
0.2,0.774854468,19,0,0,1,1,1,TCE_1262,test,best.pt,,,,,,,
0.25,0.774854468,19,0,0,1,1,1,TCE_1262,test,best.pt,,,,,,,
0.3,0.774854468,19,0,0,1,1,1,TCE_1262,test,best.pt,,,,,,,
0.35,0.774854468,19,0,0,1,1,1,TCE_1262,test,best.pt,,,,,,,
0.4,0.774854468,19,0,0,1,1,1,TCE_1262,test,best.pt,,,,,,,
0.45,0.774854468,19,0,0,1,1,1,TCE_1262,test,best.pt,,,,,,,
0.5,0.774854468,19,0,0,1,1,1,TCE_1262,test,best.pt,,,,,,,
0.2,0.747181736,19,0,0,1,1,1,TCE_1265,test,best.pt,,,,,,,
0.25,0.747181736,19,0,0,1,1,1,TCE_1265,test,best.pt,,,,,,,
0.3,0.747181736,19,0,0,1,1,1,TCE_1265,test,best.pt,,,,,,,
0.35,0.747181736,19,0,0,1,1,1,TCE_1265,test,best.pt,,,,,,,
0.4,0.709822651,18,1,1,0.95,0.95,0.95,TCE_1265,test,best.pt,,,,,,,
0.45,0.709822651,18,1,1,0.95,0.95,0.95,TCE_1265,test,best.pt,,,,,,,
0.5,0.709822651,18,1,1,0.95,0.95,0.95,TCE_1265,test,best.pt,,,,,,,
0.2,0.68737703,18,1,1,0.95,0.95,0.95,TCE_1266,test,best.pt,,,,,,,
0.25,0.68737703,18,1,1,0.95,0.95,0.95,TCE_1266,test,best.pt,,,,,,,
0.3,0.68737703,18,1,1,0.95,0.95,0.95,TCE_1266,test,best.pt,,,,,,,
0.35,0.68737703,18,1,1,0.95,0.95,0.95,TCE_1266,test,best.pt,,,,,,,
0.4,0.68737703,18,1,1,0.95,0.95,0.95,TCE_1266,test,best.pt,,,,,,,
0.45,0.68737703,18,1,1,0.95,0.95,0.95,TCE_1266,test,best.pt,,,,,,,
0.5,0.68737703,18,1,1,0.95,0.95,0.95,TCE_1266,test,best.pt,,,,,,,
0.2,0.790432275,19,0,0,1,1,1,TCE_1270,test,best.pt,,,,,,,
0.25,0.790432275,19,0,0,1,1,1,TCE_1270,test,best.pt,,,,,,,
0.3,0.790432275,19,0,0,1,1,1,TCE_1270,test,best.pt,,,,,,,
0.35,0.790432275,19,0,0,1,1,1,TCE_1270,test,best.pt,,,,,,,
0.4,0.790432275,19,0,0,1,1,1,TCE_1270,test,best.pt,,,,,,,
0.45,0.790432275,19,0,0,1,1,1,TCE_1270,test,best.pt,,,,,,,
0.5,0.790432275,19,0,0,1,1,1,TCE_1270,test,best.pt,,,,,,,
0.2,0.792320748,20,0,0,1,1,1,TCE_1272,test,best.pt,,,,,,,
0.25,0.792320748,20,0,0,1,1,1,TCE_1272,test,best.pt,,,,,,,
0.3,0.792320748,20,0,0,1,1,1,TCE_1272,test,best.pt,,,,,,,
0.35,0.792320748,20,0,0,1,1,1,TCE_1272,test,best.pt,,,,,,,
0.4,0.792320748,20,0,0,1,1,1,TCE_1272,test,best.pt,,,,,,,
0.45,0.792320748,20,0,0,1,1,1,TCE_1272,test,best.pt,,,,,,,
0.5,0.792320748,20,0,0,1,1,1,TCE_1272,test,best.pt,,,,,,,
0.2,0.781844358,19,0,0,1,1,1,TCE_1278,test,best.pt,,,,,,,
0.25,0.781844358,19,0,0,1,1,1,TCE_1278,test,best.pt,,,,,,,
0.3,0.781844358,19,0,0,1,1,1,TCE_1278,test,best.pt,,,,,,,
0.35,0.781844358,19,0,0,1,1,1,TCE_1278,test,best.pt,,,,,,,
0.4,0.781844358,19,0,0,1,1,1,TCE_1278,test,best.pt,,,,,,,
0.45,0.781844358,19,0,0,1,1,1,TCE_1278,test,best.pt,,,,,,,
0.5,0.781844358,19,0,0,1,1,1,TCE_1278,test,best.pt,,,,,,,
0.2,0.708607756,18,0,1,1,0.95,0.97,TCE_1282,test,best.pt,,,,,,,
0.25,0.708607756,18,0,1,1,0.95,0.97,TCE_1282,test,best.pt,,,,,,,
0.3,0.708607756,18,0,1,1,0.95,0.97,TCE_1282,test,best.pt,,,,,,,
0.35,0.708607756,18,0,1,1,0.95,0.97,TCE_1282,test,best.pt,,,,,,,
0.4,0.708607756,18,0,1,1,0.95,0.97,TCE_1282,test,best.pt,,,,,,,
0.45,0.708607756,18,0,1,1,0.95,0.97,TCE_1282,test,best.pt,,,,,,,
0.5,0.708607756,18,0,1,1,0.95,0.97,TCE_1282,test,best.pt,,,,,,,
0.2,0.753522106,19,0,0,1,1,1,TCE_1293,test,best.pt,,,,,,,
0.25,0.753522106,19,0,0,1,1,1,TCE_1293,test,best.pt,,,,,,,
0.3,0.753522106,19,0,0,1,1,1,TCE_1293,test,best.pt,,,,,,,
0.35,0.753522106,19,0,0,1,1,1,TCE_1293,test,best.pt,,,,,,,
0.4,0.753522106,19,0,0,1,1,1,TCE_1293,test,best.pt,,,,,,,
0.45,0.753522106,19,0,0,1,1,1,TCE_1293,test,best.pt,,,,,,,
0.5,0.715846002,18,1,1,0.95,0.95,0.95,TCE_1293,test,best.pt,,,,,,,
0.2,0.751085047,19,0,0,1,1,1,TCE_1296,test,best.pt,,,,,,,
0.25,0.751085047,19,0,0,1,1,1,TCE_1296,test,best.pt,,,,,,,
0.3,0.751085047,19,0,0,1,1,1,TCE_1296,test,best.pt,,,,,,,
0.35,0.751085047,19,0,0,1,1,1,TCE_1296,test,best.pt,,,,,,,
0.4,0.751085047,19,0,0,1,1,1,TCE_1296,test,best.pt,,,,,,,
0.45,0.751085047,19,0,0,1,1,1,TCE_1296,test,best.pt,,,,,,,
0.5,0.751085047,19,0,0,1,1,1,TCE_1296,test,best.pt,,,,,,,
0.2,0.670763405,19,0,0,1,1,1,TCE_1303,test,best.pt,,,,,,,
0.25,0.670763405,19,0,0,1,1,1,TCE_1303,test,best.pt,,,,,,,
0.3,0.670763405,19,0,0,1,1,1,TCE_1303,test,best.pt,,,,,,,
0.35,0.670763405,19,0,0,1,1,1,TCE_1303,test,best.pt,,,,,,,
0.4,0.670763405,19,0,0,1,1,1,TCE_1303,test,best.pt,,,,,,,
0.45,0.670763405,19,0,0,1,1,1,TCE_1303,test,best.pt,,,,,,,
0.5,0.637225237,18,1,1,0.95,0.95,0.95,TCE_1303,test,best.pt,,,,,,,
0.2,0.705775059,19,0,0,1,1,1,TCE_1304,test,best.pt,,,,,,,
0.25,0.705775059,19,0,0,1,1,1,TCE_1304,test,best.pt,,,,,,,
0.3,0.705775059,19,0,0,1,1,1,TCE_1304,test,best.pt,,,,,,,
0.35,0.705775059,19,0,0,1,1,1,TCE_1304,test,best.pt,,,,,,,
0.4,0.705775059,19,0,0,1,1,1,TCE_1304,test,best.pt,,,,,,,
0.45,0.705775059,19,0,0,1,1,1,TCE_1304,test,best.pt,,,,,,,
0.5,0.705775059,19,0,0,1,1,1,TCE_1304,test,best.pt,,,,,,,
0.2,0.739924128,19,0,0,1,1,1,TCE_1305,test,best.pt,,,,,,,
0.25,0.739924128,19,0,0,1,1,1,TCE_1305,test,best.pt,,,,,,,
0.3,0.739924128,19,0,0,1,1,1,TCE_1305,test,best.pt,,,,,,,
0.35,0.739924128,19,0,0,1,1,1,TCE_1305,test,best.pt,,,,,,,
0.4,0.739924128,19,0,0,1,1,1,TCE_1305,test,best.pt,,,,,,,
0.45,0.739924128,19,0,0,1,1,1,TCE_1305,test,best.pt,,,,,,,
0.5,0.739924128,19,0,0,1,1,1,TCE_1305,test,best.pt,,,,,,,
0.2,0.731482493,19,0,0,1,1,1,TCE_1306,test,best.pt,,,,,,,
0.25,0.731482493,19,0,0,1,1,1,TCE_1306,test,best.pt,,,,,,,
0.3,0.731482493,19,0,0,1,1,1,TCE_1306,test,best.pt,,,,,,,
0.35,0.731482493,19,0,0,1,1,1,TCE_1306,test,best.pt,,,,,,,
0.4,0.731482493,19,0,0,1,1,1,TCE_1306,test,best.pt,,,,,,,
0.45,0.731482493,19,0,0,1,1,1,TCE_1306,test,best.pt,,,,,,,
0.5,0.731482493,19,0,0,1,1,1,TCE_1306,test,best.pt,,,,,,,
0.2,0.739140718,19,0,0,1,1,1,TCE_1310,test,best.pt,,,,,,,
0.25,0.739140718,19,0,0,1,1,1,TCE_1310,test,best.pt,,,,,,,
0.3,0.739140718,19,0,0,1,1,1,TCE_1310,test,best.pt,,,,,,,
0.35,0.739140718,19,0,0,1,1,1,TCE_1310,test,best.pt,,,,,,,
0.4,0.739140718,19,0,0,1,1,1,TCE_1310,test,best.pt,,,,,,,
0.45,0.739140718,19,0,0,1,1,1,TCE_1310,test,best.pt,,,,,,,
0.5,0.702183684,18,1,1,0.95,0.95,0.95,TCE_1310,test,best.pt,,,,,,,
0.2,0.765469456,19,0,0,1,1,1,TCE_1311,test,best.pt,,,,,,,
0.25,0.765469456,19,0,0,1,1,1,TCE_1311,test,best.pt,,,,,,,
0.3,0.765469456,19,0,0,1,1,1,TCE_1311,test,best.pt,,,,,,,
0.35,0.765469456,19,0,0,1,1,1,TCE_1311,test,best.pt,,,,,,,
0.4,0.765469456,19,0,0,1,1,1,TCE_1311,test,best.pt,,,,,,,
0.45,0.765469456,19,0,0,1,1,1,TCE_1311,test,best.pt,,,,,,,
0.5,0.765469456,19,0,0,1,1,1,TCE_1311,test,best.pt,,,,,,,
0.2,0.693189526,19,0,0,1,1,1,TCE_1314,test,best.pt,,,,,,,
0.25,0.693189526,19,0,0,1,1,1,TCE_1314,test,best.pt,,,,,,,
0.3,0.693189526,19,0,0,1,1,1,TCE_1314,test,best.pt,,,,,,,
0.35,0.693189526,19,0,0,1,1,1,TCE_1314,test,best.pt,,,,,,,
0.4,0.693189526,19,0,0,1,1,1,TCE_1314,test,best.pt,,,,,,,
0.45,0.693189526,19,0,0,1,1,1,TCE_1314,test,best.pt,,,,,,,
0.5,0.693189526,19,0,0,1,1,1,TCE_1314,test,best.pt,,,,,,,
0.2,0.723890302,19,0,0,1,1,1,TCE_1315,test,best.pt,,,,,,,
0.25,0.723890302,19,0,0,1,1,1,TCE_1315,test,best.pt,,,,,,,
0.3,0.723890302,19,0,0,1,1,1,TCE_1315,test,best.pt,,,,,,,
0.35,0.723890302,19,0,0,1,1,1,TCE_1315,test,best.pt,,,,,,,
0.4,0.723890302,19,0,0,1,1,1,TCE_1315,test,best.pt,,,,,,,
0.45,0.723890302,19,0,0,1,1,1,TCE_1315,test,best.pt,,,,,,,
0.5,0.723890302,19,0,0,1,1,1,TCE_1315,test,best.pt,,,,,,,
0.2,0.748377198,18,0,1,1,0.95,0.97,TCE_1318,test,best.pt,,,,,,,
0.25,0.748377198,18,0,1,1,0.95,0.97,TCE_1318,test,best.pt,,,,,,,
0.3,0.748377198,18,0,1,1,0.95,0.97,TCE_1318,test,best.pt,,,,,,,
0.35,0.748377198,18,0,1,1,0.95,0.97,TCE_1318,test,best.pt,,,,,,,
0.4,0.748377198,18,0,1,1,0.95,0.97,TCE_1318,test,best.pt,,,,,,,
0.45,0.748377198,18,0,1,1,0.95,0.97,TCE_1318,test,best.pt,,,,,,,
0.5,0.748377198,18,0,1,1,0.95,0.97,TCE_1318,test,best.pt,,,,,,,
0.2,0.729392827,18,0,0,1,1,1,TCE_1324,test,best.pt,,,,,,,
0.25,0.729392827,18,0,0,1,1,1,TCE_1324,test,best.pt,,,,,,,
0.3,0.729392827,18,0,0,1,1,1,TCE_1324,test,best.pt,,,,,,,
0.35,0.729392827,18,0,0,1,1,1,TCE_1324,test,best.pt,,,,,,,
0.4,0.691003733,17,1,1,0.94,0.94,0.94,TCE_1324,test,best.pt,,,,,,,
0.45,0.691003733,17,1,1,0.94,0.94,0.94,TCE_1324,test,best.pt,,,,,,,
0.5,0.691003733,17,1,1,0.94,0.94,0.94,TCE_1324,test,best.pt,,,,,,,
0.2,0.773063038,19,0,0,1,1,1,TCE_1331,test,best.pt,,,,,,,
0.25,0.773063038,19,0,0,1,1,1,TCE_1331,test,best.pt,,,,,,,
0.3,0.773063038,19,0,0,1,1,1,TCE_1331,test,best.pt,,,,,,,
0.35,0.773063038,19,0,0,1,1,1,TCE_1331,test,best.pt,,,,,,,
0.4,0.734409888,18,1,1,0.95,0.95,0.95,TCE_1331,test,best.pt,,,,,,,
0.45,0.734409888,18,1,1,0.95,0.95,0.95,TCE_1331,test,best.pt,,,,,,,
0.5,0.734409888,18,1,1,0.95,0.95,0.95,TCE_1331,test,best.pt,,,,,,,
0.2,0.690669598,19,0,0,1,1,1,TCE_1332,test,best.pt,,,,,,,
0.25,0.690669598,19,0,0,1,1,1,TCE_1332,test,best.pt,,,,,,,
0.3,0.690669598,19,0,0,1,1,1,TCE_1332,test,best.pt,,,,,,,
0.35,0.65613612,18,1,1,0.95,0.95,0.95,TCE_1332,test,best.pt,,,,,,,
0.4,0.65613612,18,1,1,0.95,0.95,0.95,TCE_1332,test,best.pt,,,,,,,
0.45,0.65613612,18,1,1,0.95,0.95,0.95,TCE_1332,test,best.pt,,,,,,,
0.5,0.65613612,18,1,1,0.95,0.95,0.95,TCE_1332,test,best.pt,,,,,,,
0.2,0.683310751,18,0,0,1,1,1,TCE_1333,test,best.pt,,,,,,,
0.25,0.683310751,18,0,0,1,1,1,TCE_1333,test,best.pt,,,,,,,
0.3,0.683310751,18,0,0,1,1,1,TCE_1333,test,best.pt,,,,,,,
0.35,0.683310751,18,0,0,1,1,1,TCE_1333,test,best.pt,,,,,,,
0.4,0.683310751,18,0,0,1,1,1,TCE_1333,test,best.pt,,,,,,,
0.45,0.683310751,18,0,0,1,1,1,TCE_1333,test,best.pt,,,,,,,
0.5,0.614979679,16,2,2,0.89,0.89,0.89,TCE_1333,test,best.pt,,,,,,,
0.2,0.71888212,18,0,1,1,0.95,0.97,TCE_1340,test,best.pt,,,,,,,
0.25,0.71888212,18,0,1,1,0.95,0.97,TCE_1340,test,best.pt,,,,,,,
0.3,0.71888212,18,0,1,1,0.95,0.97,TCE_1340,test,best.pt,,,,,,,
0.35,0.71888212,18,0,1,1,0.95,0.97,TCE_1340,test,best.pt,,,,,,,
0.4,0.71888212,18,0,1,1,0.95,0.97,TCE_1340,test,best.pt,,,,,,,
0.45,0.71888212,18,0,1,1,0.95,0.97,TCE_1340,test,best.pt,,,,,,,
0.5,0.71888212,18,0,1,1,0.95,0.97,TCE_1340,test,best.pt,,,,,,,
0.2,0.745421307,19,0,0,1,1,1,TCE_1341,test,best.pt,,,,,,,
0.25,0.745421307,19,0,0,1,1,1,TCE_1341,test,best.pt,,,,,,,
0.3,0.745421307,19,0,0,1,1,1,TCE_1341,test,best.pt,,,,,,,
0.35,0.745421307,19,0,0,1,1,1,TCE_1341,test,best.pt,,,,,,,
0.4,0.745421307,19,0,0,1,1,1,TCE_1341,test,best.pt,,,,,,,
0.45,0.745421307,19,0,0,1,1,1,TCE_1341,test,best.pt,,,,,,,
0.5,0.745421307,19,0,0,1,1,1,TCE_1341,test,best.pt,,,,,,,
0.2,0.768767584,19,0,0,1,1,1,TCE_1344,test,best.pt,,,,,,,
0.25,0.768767584,19,0,0,1,1,1,TCE_1344,test,best.pt,,,,,,,
0.3,0.768767584,19,0,0,1,1,1,TCE_1344,test,best.pt,,,,,,,
0.35,0.768767584,19,0,0,1,1,1,TCE_1344,test,best.pt,,,,,,,
0.4,0.768767584,19,0,0,1,1,1,TCE_1344,test,best.pt,,,,,,,
0.45,0.768767584,19,0,0,1,1,1,TCE_1344,test,best.pt,,,,,,,
0.5,0.768767584,19,0,0,1,1,1,TCE_1344,test,best.pt,,,,,,,
0.2,0.702248209,19,0,0,1,1,1,TCE_1346,test,best.pt,,,,,,,
0.25,0.702248209,19,0,0,1,1,1,TCE_1346,test,best.pt,,,,,,,
0.3,0.702248209,19,0,0,1,1,1,TCE_1346,test,best.pt,,,,,,,
0.35,0.702248209,19,0,0,1,1,1,TCE_1346,test,best.pt,,,,,,,
0.4,0.702248209,19,0,0,1,1,1,TCE_1346,test,best.pt,,,,,,,
0.45,0.667135801,18,1,1,0.95,0.95,0.95,TCE_1346,test,best.pt,,,,,,,
0.5,0.667135801,18,1,1,0.95,0.95,0.95,TCE_1346,test,best.pt,,,,,,,
0.2,0.694748983,19,0,0,1,1,1,TCE_1347,test,best.pt,,,,,,,
0.25,0.694748983,19,0,0,1,1,1,TCE_1347,test,best.pt,,,,,,,
0.3,0.694748983,19,0,0,1,1,1,TCE_1347,test,best.pt,,,,,,,
0.35,0.694748983,19,0,0,1,1,1,TCE_1347,test,best.pt,,,,,,,
0.4,0.694748983,19,0,0,1,1,1,TCE_1347,test,best.pt,,,,,,,
0.45,0.660011536,18,1,1,0.95,0.95,0.95,TCE_1347,test,best.pt,,,,,,,
0.5,0.660011536,18,1,1,0.95,0.95,0.95,TCE_1347,test,best.pt,,,,,,,
0.2,0.766729654,19,0,0,1,1,1,TCE_1357,test,best.pt,,,,,,,
0.25,0.766729654,19,0,0,1,1,1,TCE_1357,test,best.pt,,,,,,,
0.3,0.766729654,19,0,0,1,1,1,TCE_1357,test,best.pt,,,,,,,
0.35,0.766729654,19,0,0,1,1,1,TCE_1357,test,best.pt,,,,,,,
0.4,0.766729654,19,0,0,1,1,1,TCE_1357,test,best.pt,,,,,,,
0.45,0.766729654,19,0,0,1,1,1,TCE_1357,test,best.pt,,,,,,,
0.5,0.766729654,19,0,0,1,1,1,TCE_1357,test,best.pt,,,,,,,
0.2,0.751821932,19,0,0,1,1,1,TCE_1358,test,best.pt,,,,,,,
0.25,0.751821932,19,0,0,1,1,1,TCE_1358,test,best.pt,,,,,,,
0.3,0.751821932,19,0,0,1,1,1,TCE_1358,test,best.pt,,,,,,,
0.35,0.751821932,19,0,0,1,1,1,TCE_1358,test,best.pt,,,,,,,
0.4,0.751821932,19,0,0,1,1,1,TCE_1358,test,best.pt,,,,,,,
0.45,0.714230837,18,1,1,0.95,0.95,0.95,TCE_1358,test,best.pt,,,,,,,
0.5,0.714230837,18,1,1,0.95,0.95,0.95,TCE_1358,test,best.pt,,,,,,,
0.2,0.732035942,19,0,0,1,1,1,TCE_1360,test,best.pt,,,,,,,
0.25,0.732035942,19,0,0,1,1,1,TCE_1360,test,best.pt,,,,,,,
0.3,0.732035942,19,0,0,1,1,1,TCE_1360,test,best.pt,,,,,,,
0.35,0.732035942,19,0,0,1,1,1,TCE_1360,test,best.pt,,,,,,,
0.4,0.732035942,19,0,0,1,1,1,TCE_1360,test,best.pt,,,,,,,
0.45,0.732035942,19,0,0,1,1,1,TCE_1360,test,best.pt,,,,,,,
0.5,0.695434147,18,1,1,0.95,0.95,0.95,TCE_1360,test,best.pt,,,,,,,
0.2,0.717757284,19,0,0,1,1,1,TCE_1364,test,best.pt,,,,,,,
0.25,0.717757284,19,0,0,1,1,1,TCE_1364,test,best.pt,,,,,,,
0.3,0.717757284,19,0,0,1,1,1,TCE_1364,test,best.pt,,,,,,,
0.35,0.717757284,19,0,0,1,1,1,TCE_1364,test,best.pt,,,,,,,
0.4,0.717757284,19,0,0,1,1,1,TCE_1364,test,best.pt,,,,,,,
0.45,0.681869422,18,1,1,0.95,0.95,0.95,TCE_1364,test,best.pt,,,,,,,
0.5,0.681869422,18,1,1,0.95,0.95,0.95,TCE_1364,test,best.pt,,,,,,,
0.2,0.732070374,18,0,1,1,0.95,0.97,TCE_1368,test,best.pt,,,,,,,
0.25,0.732070374,18,0,1,1,0.95,0.97,TCE_1368,test,best.pt,,,,,,,
0.3,0.732070374,18,0,1,1,0.95,0.97,TCE_1368,test,best.pt,,,,,,,
0.35,0.732070374,18,0,1,1,0.95,0.97,TCE_1368,test,best.pt,,,,,,,
0.4,0.732070374,18,0,1,1,0.95,0.97,TCE_1368,test,best.pt,,,,,,,
0.45,0.732070374,18,0,1,1,0.95,0.97,TCE_1368,test,best.pt,,,,,,,
0.5,0.732070374,18,0,1,1,0.95,0.97,TCE_1368,test,best.pt,,,,,,,
0.2,0.706850239,19,0,0,1,1,1,TCE_1375,test,best.pt,,,,,,,
0.25,0.706850239,19,0,0,1,1,1,TCE_1375,test,best.pt,,,,,,,
0.3,0.706850239,19,0,0,1,1,1,TCE_1375,test,best.pt,,,,,,,
0.35,0.706850239,19,0,0,1,1,1,TCE_1375,test,best.pt,,,,,,,
0.4,0.706850239,19,0,0,1,1,1,TCE_1375,test,best.pt,,,,,,,
0.45,0.671507729,18,1,1,0.95,0.95,0.95,TCE_1375,test,best.pt,,,,,,,
0.5,0.671507729,18,1,1,0.95,0.95,0.95,TCE_1375,test,best.pt,,,,,,,
0.2,0.74222175,19,0,0,1,1,1,TCE_1381,test,best.pt,,,,,,,
0.25,0.74222175,19,0,0,1,1,1,TCE_1381,test,best.pt,,,,,,,
0.3,0.74222175,19,0,0,1,1,1,TCE_1381,test,best.pt,,,,,,,
0.35,0.74222175,19,0,0,1,1,1,TCE_1381,test,best.pt,,,,,,,
0.4,0.74222175,19,0,0,1,1,1,TCE_1381,test,best.pt,,,,,,,
0.45,0.74222175,19,0,0,1,1,1,TCE_1381,test,best.pt,,,,,,,
0.5,0.705110664,18,1,1,0.95,0.95,0.95,TCE_1381,test,best.pt,,,,,,,
0.2,0.80839778,19,0,0,1,1,1,TCE_1388,test,best.pt,,,,,,,
0.25,0.80839778,19,0,0,1,1,1,TCE_1388,test,best.pt,,,,,,,
0.3,0.80839778,19,0,0,1,1,1,TCE_1388,test,best.pt,,,,,,,
0.35,0.80839778,19,0,0,1,1,1,TCE_1388,test,best.pt,,,,,,,
0.4,0.80839778,19,0,0,1,1,1,TCE_1388,test,best.pt,,,,,,,
0.45,0.80839778,19,0,0,1,1,1,TCE_1388,test,best.pt,,,,,,,
0.5,0.80839778,19,0,0,1,1,1,TCE_1388,test,best.pt,,,,,,,
0.2,0.720009432,19,0,0,1,1,1,TCE_1390,test,best.pt,,,,,,,
0.25,0.720009432,19,0,0,1,1,1,TCE_1390,test,best.pt,,,,,,,
0.3,0.720009432,19,0,0,1,1,1,TCE_1390,test,best.pt,,,,,,,
0.35,0.720009432,19,0,0,1,1,1,TCE_1390,test,best.pt,,,,,,,
0.4,0.720009432,19,0,0,1,1,1,TCE_1390,test,best.pt,,,,,,,
0.45,0.720009432,19,0,0,1,1,1,TCE_1390,test,best.pt,,,,,,,
0.5,0.684008963,18,1,1,0.95,0.95,0.95,TCE_1390,test,best.pt,,,,,,,
0.2,0.759552697,20,0,0,1,1,1,TCE_1394,test,best.pt,,,,,,,
0.25,0.759552697,20,0,0,1,1,1,TCE_1394,test,best.pt,,,,,,,
0.3,0.759552697,20,0,0,1,1,1,TCE_1394,test,best.pt,,,,,,,
0.35,0.759552697,20,0,0,1,1,1,TCE_1394,test,best.pt,,,,,,,
0.4,0.759552697,20,0,0,1,1,1,TCE_1394,test,best.pt,,,,,,,
0.45,0.759552697,20,0,0,1,1,1,TCE_1394,test,best.pt,,,,,,,
0.5,0.759552697,20,0,0,1,1,1,TCE_1394,test,best.pt,,,,,,,
0.2,0.704203416,19,0,0,1,1,1,TCE_1400,test,best.pt,,,,,,,
0.25,0.704203416,19,0,0,1,1,1,TCE_1400,test,best.pt,,,,,,,
0.3,0.704203416,19,0,0,1,1,1,TCE_1400,test,best.pt,,,,,,,
0.35,0.704203416,19,0,0,1,1,1,TCE_1400,test,best.pt,,,,,,,
0.4,0.704203416,19,0,0,1,1,1,TCE_1400,test,best.pt,,,,,,,
0.45,0.704203416,19,0,0,1,1,1,TCE_1400,test,best.pt,,,,,,,
0.5,0.608175682,16,3,3,0.84,0.84,0.84,TCE_1400,test,best.pt,,,,,,,
0.2,0.717646073,19,0,0,1,1,1,TCE_1401,test,best.pt,,,,,,,
0.25,0.717646073,19,0,0,1,1,1,TCE_1401,test,best.pt,,,,,,,
0.3,0.717646073,19,0,0,1,1,1,TCE_1401,test,best.pt,,,,,,,
0.35,0.717646073,19,0,0,1,1,1,TCE_1401,test,best.pt,,,,,,,
0.4,0.717646073,19,0,0,1,1,1,TCE_1401,test,best.pt,,,,,,,
0.45,0.681763771,18,1,1,0.95,0.95,0.95,TCE_1401,test,best.pt,,,,,,,
0.5,0.681763771,18,1,1,0.95,0.95,0.95,TCE_1401,test,best.pt,,,,,,,
0.2,0.676130609,20,0,0,1,1,1,TCE_1402,test,best.pt,,,,,,,
0.25,0.676130609,20,0,0,1,1,1,TCE_1402,test,best.pt,,,,,,,
0.3,0.676130609,20,0,0,1,1,1,TCE_1402,test,best.pt,,,,,,,
0.35,0.676130609,20,0,0,1,1,1,TCE_1402,test,best.pt,,,,,,,
0.4,0.676130609,20,0,0,1,1,1,TCE_1402,test,best.pt,,,,,,,
0.45,0.643933915,19,1,1,0.95,0.95,0.95,TCE_1402,test,best.pt,,,,,,,
0.5,0.643933915,19,1,1,0.95,0.95,0.95,TCE_1402,test,best.pt,,,,,,,
0.2,0.654260096,19,0,0,1,1,1,TCE_1404,test,best.pt,,,,,,,
0.25,0.654260096,19,0,0,1,1,1,TCE_1404,test,best.pt,,,,,,,
0.3,0.654260096,19,0,0,1,1,1,TCE_1404,test,best.pt,,,,,,,
0.35,0.654260096,19,0,0,1,1,1,TCE_1404,test,best.pt,,,,,,,
0.4,0.621547093,18,1,1,0.95,0.95,0.95,TCE_1404,test,best.pt,,,,,,,
0.45,0.621547093,18,1,1,0.95,0.95,0.95,TCE_1404,test,best.pt,,,,,,,
0.5,0.565042814,16,3,3,0.84,0.84,0.84,TCE_1404,test,best.pt,,,,,,,
0.2,0.7319469,19,0,0,1,1,1,TCE_1407,test,best.pt,,,,,,,
0.25,0.7319469,19,0,0,1,1,1,TCE_1407,test,best.pt,,,,,,,
0.3,0.7319469,19,0,0,1,1,1,TCE_1407,test,best.pt,,,,,,,
0.35,0.7319469,19,0,0,1,1,1,TCE_1407,test,best.pt,,,,,,,
0.4,0.7319469,19,0,0,1,1,1,TCE_1407,test,best.pt,,,,,,,
0.45,0.7319469,19,0,0,1,1,1,TCE_1407,test,best.pt,,,,,,,
0.5,0.7319469,19,0,0,1,1,1,TCE_1407,test,best.pt,,,,,,,
0.2,0.720422481,19,0,0,1,1,1,TCE_1409,test,best.pt,,,,,,,
0.25,0.720422481,19,0,0,1,1,1,TCE_1409,test,best.pt,,,,,,,
0.3,0.720422481,19,0,0,1,1,1,TCE_1409,test,best.pt,,,,,,,
0.35,0.720422481,19,0,0,1,1,1,TCE_1409,test,best.pt,,,,,,,
0.4,0.720422481,19,0,0,1,1,1,TCE_1409,test,best.pt,,,,,,,
0.45,0.720422481,19,0,0,1,1,1,TCE_1409,test,best.pt,,,,,,,
0.5,0.720422481,19,0,0,1,1,1,TCE_1409,test,best.pt,,,,,,,
0.2,0.745343954,18,0,0,1,1,1,TCE_1413,test,best.pt,,,,,,,
0.25,0.745343954,18,0,0,1,1,1,TCE_1413,test,best.pt,,,,,,,
0.3,0.745343954,18,0,0,1,1,1,TCE_1413,test,best.pt,,,,,,,
0.35,0.745343954,18,0,0,1,1,1,TCE_1413,test,best.pt,,,,,,,
0.4,0.745343954,18,0,0,1,1,1,TCE_1413,test,best.pt,,,,,,,
0.45,0.745343954,18,0,0,1,1,1,TCE_1413,test,best.pt,,,,,,,
0.5,0.745343954,18,0,0,1,1,1,TCE_1413,test,best.pt,,,,,,,
0.2,0.650767477,20,0,0,1,1,1,TCE_1415,test,best.pt,,,,,,,
0.25,0.650767477,20,0,0,1,1,1,TCE_1415,test,best.pt,,,,,,,
0.3,0.650767477,20,0,0,1,1,1,TCE_1415,test,best.pt,,,,,,,
0.35,0.619778551,19,1,1,0.95,0.95,0.95,TCE_1415,test,best.pt,,,,,,,
0.4,0.5916068,18,2,2,0.9,0.9,0.9,TCE_1415,test,best.pt,,,,,,,
0.45,0.565884766,17,3,3,0.85,0.85,0.85,TCE_1415,test,best.pt,,,,,,,
0.5,0.565884766,17,3,3,0.85,0.85,0.85,TCE_1415,test,best.pt,,,,,,,
0.2,0.720418045,19,0,0,1,1,1,TCE_1418,test,best.pt,,,,,,,
0.25,0.720418045,19,0,0,1,1,1,TCE_1418,test,best.pt,,,,,,,
0.3,0.720418045,19,0,0,1,1,1,TCE_1418,test,best.pt,,,,,,,
0.35,0.720418045,19,0,0,1,1,1,TCE_1418,test,best.pt,,,,,,,
0.4,0.720418045,19,0,0,1,1,1,TCE_1418,test,best.pt,,,,,,,
0.45,0.684397145,18,1,1,0.95,0.95,0.95,TCE_1418,test,best.pt,,,,,,,
0.5,0.651806806,17,2,2,0.89,0.89,0.89,TCE_1418,test,best.pt,,,,,,,
0.2,0.653200225,19,0,0,1,1,1,TCE_1419,test,best.pt,,,,,,,
0.25,0.653200225,19,0,0,1,1,1,TCE_1419,test,best.pt,,,,,,,
0.3,0.653200225,19,0,0,1,1,1,TCE_1419,test,best.pt,,,,,,,
0.35,0.653200225,19,0,0,1,1,1,TCE_1419,test,best.pt,,,,,,,
0.4,0.653200225,19,0,0,1,1,1,TCE_1419,test,best.pt,,,,,,,
0.45,0.620540216,18,1,1,0.95,0.95,0.95,TCE_1419,test,best.pt,,,,,,,
0.5,0.564127471,16,3,3,0.84,0.84,0.84,TCE_1419,test,best.pt,,,,,,,
0.2,0.65500527,19,0,0,1,1,1,TCE_1420,test,best.pt,,,,,,,
0.25,0.65500527,19,0,0,1,1,1,TCE_1420,test,best.pt,,,,,,,
0.3,0.65500527,19,0,0,1,1,1,TCE_1420,test,best.pt,,,,,,,
0.35,0.622255008,18,1,1,0.95,0.95,0.95,TCE_1420,test,best.pt,,,,,,,
0.4,0.622255008,18,1,1,0.95,0.95,0.95,TCE_1420,test,best.pt,,,,,,,
0.45,0.622255008,18,1,1,0.95,0.95,0.95,TCE_1420,test,best.pt,,,,,,,
0.5,0.541091315,15,4,4,0.79,0.79,0.79,TCE_1420,test,best.pt,,,,,,,
0.2,0.73222273,19,0,0,1,1,1,TCE_1421,test,best.pt,,,,,,,
0.25,0.73222273,19,0,0,1,1,1,TCE_1421,test,best.pt,,,,,,,
0.3,0.73222273,19,0,0,1,1,1,TCE_1421,test,best.pt,,,,,,,
0.35,0.73222273,19,0,0,1,1,1,TCE_1421,test,best.pt,,,,,,,
0.4,0.73222273,19,0,0,1,1,1,TCE_1421,test,best.pt,,,,,,,
0.45,0.73222273,19,0,0,1,1,1,TCE_1421,test,best.pt,,,,,,,
0.5,0.695611595,18,1,1,0.95,0.95,0.95,TCE_1421,test,best.pt,,,,,,,
0.2,0.743630668,19,0,0,1,1,1,TCE_1428,test,best.pt,,,,,,,
0.25,0.743630668,19,0,0,1,1,1,TCE_1428,test,best.pt,,,,,,,
0.3,0.743630668,19,0,0,1,1,1,TCE_1428,test,best.pt,,,,,,,
0.35,0.743630668,19,0,0,1,1,1,TCE_1428,test,best.pt,,,,,,,
0.4,0.743630668,19,0,0,1,1,1,TCE_1428,test,best.pt,,,,,,,
0.45,0.743630668,19,0,0,1,1,1,TCE_1428,test,best.pt,,,,,,,
0.5,0.706449136,18,1,1,0.95,0.95,0.95,TCE_1428,test,best.pt,,,,,,,
0.2,0.700578736,19,0,0,1,1,1,TCE_1431,test,best.pt,,,,,,,
0.25,0.700578736,19,0,0,1,1,1,TCE_1431,test,best.pt,,,,,,,
0.3,0.700578736,19,0,0,1,1,1,TCE_1431,test,best.pt,,,,,,,
0.35,0.700578736,19,0,0,1,1,1,TCE_1431,test,best.pt,,,,,,,
0.4,0.700578736,19,0,0,1,1,1,TCE_1431,test,best.pt,,,,,,,
0.45,0.700578736,19,0,0,1,1,1,TCE_1431,test,best.pt,,,,,,,
0.5,0.633856955,17,2,2,0.89,0.89,0.89,TCE_1431,test,best.pt,,,,,,,
0.2,0.74060876,19,0,0,1,1,1,TCE_1435,test,best.pt,,,,,,,
0.25,0.74060876,19,0,0,1,1,1,TCE_1435,test,best.pt,,,,,,,
0.3,0.74060876,19,0,0,1,1,1,TCE_1435,test,best.pt,,,,,,,
0.35,0.74060876,19,0,0,1,1,1,TCE_1435,test,best.pt,,,,,,,
0.4,0.74060876,19,0,0,1,1,1,TCE_1435,test,best.pt,,,,,,,
0.45,0.74060876,19,0,0,1,1,1,TCE_1435,test,best.pt,,,,,,,
0.5,0.703578324,18,1,1,0.95,0.95,0.95,TCE_1435,test,best.pt,,,,,,,
0.2,0.724487654,19,0,0,1,1,1,TCE_1441,test,best.pt,,,,,,,
0.25,0.724487654,19,0,0,1,1,1,TCE_1441,test,best.pt,,,,,,,
0.3,0.724487654,19,0,0,1,1,1,TCE_1441,test,best.pt,,,,,,,
0.35,0.724487654,19,0,0,1,1,1,TCE_1441,test,best.pt,,,,,,,
0.4,0.724487654,19,0,0,1,1,1,TCE_1441,test,best.pt,,,,,,,
0.45,0.724487654,19,0,0,1,1,1,TCE_1441,test,best.pt,,,,,,,
0.5,0.724487654,19,0,0,1,1,1,TCE_1441,test,best.pt,,,,,,,
0.2,0.649634957,19,0,0,1,1,1,TCE_1442,test,best.pt,,,,,,,
0.25,0.649634957,19,0,0,1,1,1,TCE_1442,test,best.pt,,,,,,,
0.3,0.649634957,19,0,0,1,1,1,TCE_1442,test,best.pt,,,,,,,
0.35,0.649634957,19,0,0,1,1,1,TCE_1442,test,best.pt,,,,,,,
0.4,0.587764964,17,2,2,0.89,0.89,0.89,TCE_1442,test,best.pt,,,,,,,
0.45,0.587764964,17,2,2,0.89,0.89,0.89,TCE_1442,test,best.pt,,,,,,,
0.5,0.514294347,14,5,5,0.74,0.74,0.74,TCE_1442,test,best.pt,,,,,,,
0.2,0.736553252,19,0,0,1,1,1,TCE_1444,test,best.pt,,,,,,,
0.25,0.736553252,19,0,0,1,1,1,TCE_1444,test,best.pt,,,,,,,
0.3,0.736553252,19,0,0,1,1,1,TCE_1444,test,best.pt,,,,,,,
0.35,0.736553252,19,0,0,1,1,1,TCE_1444,test,best.pt,,,,,,,
0.4,0.736553252,19,0,0,1,1,1,TCE_1444,test,best.pt,,,,,,,
0.45,0.699725591,18,1,1,0.95,0.95,0.95,TCE_1444,test,best.pt,,,,,,,
0.5,0.699725591,18,1,1,0.95,0.95,0.95,TCE_1444,test,best.pt,,,,,,,
0.2,0.757731584,19,0,0,1,1,1,TCE_1456,test,best.pt,,,,,,,
0.25,0.757731584,19,0,0,1,1,1,TCE_1456,test,best.pt,,,,,,,
0.3,0.757731584,19,0,0,1,1,1,TCE_1456,test,best.pt,,,,,,,
0.35,0.757731584,19,0,0,1,1,1,TCE_1456,test,best.pt,,,,,,,
0.4,0.757731584,19,0,0,1,1,1,TCE_1456,test,best.pt,,,,,,,
0.45,0.719845007,18,1,1,0.95,0.95,0.95,TCE_1456,test,best.pt,,,,,,,
0.5,0.719845007,18,1,1,0.95,0.95,0.95,TCE_1456,test,best.pt,,,,,,,
0.2,0.763834621,19,0,0,1,1,1,TCE_1458,test,best.pt,,,,,,,
0.25,0.763834621,19,0,0,1,1,1,TCE_1458,test,best.pt,,,,,,,
0.3,0.763834621,19,0,0,1,1,1,TCE_1458,test,best.pt,,,,,,,
0.35,0.763834621,19,0,0,1,1,1,TCE_1458,test,best.pt,,,,,,,
0.4,0.763834621,19,0,0,1,1,1,TCE_1458,test,best.pt,,,,,,,
0.45,0.763834621,19,0,0,1,1,1,TCE_1458,test,best.pt,,,,,,,
0.5,0.763834621,19,0,0,1,1,1,TCE_1458,test,best.pt,,,,,,,
0.2,0.698414073,19,0,0,1,1,1,TCE_1461,test,best.pt,,,,,,,
0.25,0.698414073,19,0,0,1,1,1,TCE_1461,test,best.pt,,,,,,,
0.3,0.698414073,19,0,0,1,1,1,TCE_1461,test,best.pt,,,,,,,
0.35,0.698414073,19,0,0,1,1,1,TCE_1461,test,best.pt,,,,,,,
0.4,0.698414073,19,0,0,1,1,1,TCE_1461,test,best.pt,,,,,,,
0.45,0.663493371,18,1,1,0.95,0.95,0.95,TCE_1461,test,best.pt,,,,,,,
0.5,0.663493371,18,1,1,0.95,0.95,0.95,TCE_1461,test,best.pt,,,,,,,
0.2,0.67614492,17,0,2,1,0.89,0.94,TCE_1464,test,best.pt,,,,,,,
0.25,0.67614492,17,0,2,1,0.89,0.94,TCE_1464,test,best.pt,,,,,,,
0.3,0.67614492,17,0,2,1,0.89,0.94,TCE_1464,test,best.pt,,,,,,,
0.35,0.67614492,17,0,2,1,0.89,0.94,TCE_1464,test,best.pt,,,,,,,
0.4,0.67614492,17,0,2,1,0.89,0.94,TCE_1464,test,best.pt,,,,,,,
0.45,0.67614492,17,0,2,1,0.89,0.94,TCE_1464,test,best.pt,,,,,,,
0.5,0.67614492,17,0,2,1,0.89,0.94,TCE_1464,test,best.pt,,,,,,,
0.2,0.715021441,18,0,0,1,1,1,TCE_1465,test,best.pt,,,,,,,
0.25,0.715021441,18,0,0,1,1,1,TCE_1465,test,best.pt,,,,,,,
0.3,0.715021441,18,0,0,1,1,1,TCE_1465,test,best.pt,,,,,,,
0.35,0.677388735,17,1,1,0.94,0.94,0.94,TCE_1465,test,best.pt,,,,,,,
0.4,0.677388735,17,1,1,0.94,0.94,0.94,TCE_1465,test,best.pt,,,,,,,
0.45,0.6435193,16,2,2,0.89,0.89,0.89,TCE_1465,test,best.pt,,,,,,,
0.5,0.6435193,16,2,2,0.89,0.89,0.89,TCE_1465,test,best.pt,,,,,,,
0.2,0.73963718,19,0,0,1,1,1,TCE_1467,test,best.pt,,,,,,,
0.25,0.73963718,19,0,0,1,1,1,TCE_1467,test,best.pt,,,,,,,
0.3,0.73963718,19,0,0,1,1,1,TCE_1467,test,best.pt,,,,,,,
0.35,0.73963718,19,0,0,1,1,1,TCE_1467,test,best.pt,,,,,,,
0.4,0.73963718,19,0,0,1,1,1,TCE_1467,test,best.pt,,,,,,,
0.45,0.73963718,19,0,0,1,1,1,TCE_1467,test,best.pt,,,,,,,
0.5,0.702655323,18,1,1,0.95,0.95,0.95,TCE_1467,test,best.pt,,,,,,,
0.2,0.718327405,19,0,0,1,1,1,TCE_1468,test,best.pt,,,,,,,
0.25,0.718327405,19,0,0,1,1,1,TCE_1468,test,best.pt,,,,,,,
0.3,0.718327405,19,0,0,1,1,1,TCE_1468,test,best.pt,,,,,,,
0.35,0.682411036,18,1,1,0.95,0.95,0.95,TCE_1468,test,best.pt,,,,,,,
0.4,0.682411036,18,1,1,0.95,0.95,0.95,TCE_1468,test,best.pt,,,,,,,
0.45,0.682411036,18,1,1,0.95,0.95,0.95,TCE_1468,test,best.pt,,,,,,,
0.5,0.682411036,18,1,1,0.95,0.95,0.95,TCE_1468,test,best.pt,,,,,,,
0.2,0.749073113,19,0,0,1,1,1,TCE_1469,test,best.pt,,,,,,,
0.25,0.749073113,19,0,0,1,1,1,TCE_1469,test,best.pt,,,,,,,
0.3,0.749073113,19,0,0,1,1,1,TCE_1469,test,best.pt,,,,,,,
0.35,0.749073113,19,0,0,1,1,1,TCE_1469,test,best.pt,,,,,,,
0.4,0.749073113,19,0,0,1,1,1,TCE_1469,test,best.pt,,,,,,,
0.45,0.749073113,19,0,0,1,1,1,TCE_1469,test,best.pt,,,,,,,
0.5,0.749073113,19,0,0,1,1,1,TCE_1469,test,best.pt,,,,,,,
0.2,0.601249331,19,0,0,1,1,1,TCE_1472,test,best.pt,,,,,,,
0.25,0.601249331,19,0,0,1,1,1,TCE_1472,test,best.pt,,,,,,,
0.3,0.571186865,18,1,1,0.95,0.95,0.95,TCE_1472,test,best.pt,,,,,,,
0.35,0.571186865,18,1,1,0.95,0.95,0.95,TCE_1472,test,best.pt,,,,,,,
0.4,0.571186865,18,1,1,0.95,0.95,0.95,TCE_1472,test,best.pt,,,,,,,
0.45,0.519260789,16,3,3,0.84,0.84,0.84,TCE_1472,test,best.pt,,,,,,,
0.5,0.456949497,13,6,6,0.68,0.68,0.68,TCE_1472,test,best.pt,,,,,,,
0.2,0.702566329,19,0,0,1,1,1,TCE_1477,test,best.pt,,,,,,,
0.25,0.702566329,19,0,0,1,1,1,TCE_1477,test,best.pt,,,,,,,
0.3,0.702566329,19,0,0,1,1,1,TCE_1477,test,best.pt,,,,,,,
0.35,0.702566329,19,0,0,1,1,1,TCE_1477,test,best.pt,,,,,,,
0.4,0.667438015,18,1,1,0.95,0.95,0.95,TCE_1477,test,best.pt,,,,,,,
0.45,0.667438015,18,1,1,0.95,0.95,0.95,TCE_1477,test,best.pt,,,,,,,
0.5,0.667438015,18,1,1,0.95,0.95,0.95,TCE_1477,test,best.pt,,,,,,,
0.2,0.783707926,19,0,0,1,1,1,TCE_1478,test,best.pt,,,,,,,
0.25,0.783707926,19,0,0,1,1,1,TCE_1478,test,best.pt,,,,,,,
0.3,0.783707926,19,0,0,1,1,1,TCE_1478,test,best.pt,,,,,,,
0.35,0.783707926,19,0,0,1,1,1,TCE_1478,test,best.pt,,,,,,,
0.4,0.783707926,19,0,0,1,1,1,TCE_1478,test,best.pt,,,,,,,
0.45,0.783707926,19,0,0,1,1,1,TCE_1478,test,best.pt,,,,,,,
0.5,0.783707926,19,0,0,1,1,1,TCE_1478,test,best.pt,,,,,,,
0.2,0.721190623,19,0,0,1,1,1,TCE_1482,test,best.pt,,,,,,,
0.25,0.721190623,19,0,0,1,1,1,TCE_1482,test,best.pt,,,,,,,
0.3,0.721190623,19,0,0,1,1,1,TCE_1482,test,best.pt,,,,,,,
0.35,0.721190623,19,0,0,1,1,1,TCE_1482,test,best.pt,,,,,,,
0.4,0.721190623,19,0,0,1,1,1,TCE_1482,test,best.pt,,,,,,,
0.45,0.721190623,19,0,0,1,1,1,TCE_1482,test,best.pt,,,,,,,
0.5,0.685131094,18,1,1,0.95,0.95,0.95,TCE_1482,test,best.pt,,,,,,,
0.2,0.657656292,18,0,1,1,0.95,0.97,TCE_1485,test,best.pt,,,,,,,
0.25,0.657656292,18,0,1,1,0.95,0.97,TCE_1485,test,best.pt,,,,,,,
0.3,0.657656292,18,0,1,1,0.95,0.97,TCE_1485,test,best.pt,,,,,,,
0.35,0.657656292,18,0,1,1,0.95,0.97,TCE_1485,test,best.pt,,,,,,,
0.4,0.657656292,18,0,1,1,0.95,0.97,TCE_1485,test,best.pt,,,,,,,
0.45,0.624773479,17,1,2,0.94,0.89,0.92,TCE_1485,test,best.pt,,,,,,,
0.5,0.624773479,17,1,2,0.94,0.89,0.92,TCE_1485,test,best.pt,,,,,,,
0.2,0.705815715,19,0,0,1,1,1,TCE_1489,test,best.pt,,,,,,,
0.25,0.705815715,19,0,0,1,1,1,TCE_1489,test,best.pt,,,,,,,
0.3,0.705815715,19,0,0,1,1,1,TCE_1489,test,best.pt,,,,,,,
0.35,0.705815715,19,0,0,1,1,1,TCE_1489,test,best.pt,,,,,,,
0.4,0.705815715,19,0,0,1,1,1,TCE_1489,test,best.pt,,,,,,,
0.45,0.705815715,19,0,0,1,1,1,TCE_1489,test,best.pt,,,,,,,
0.5,0.670524931,18,1,1,0.95,0.95,0.95,TCE_1489,test,best.pt,,,,,,,
0.2,0.652249059,18,0,1,1,0.95,0.97,TCE_1490,test,best.pt,,,,,,,
0.25,0.652249059,18,0,1,1,0.95,0.97,TCE_1490,test,best.pt,,,,,,,
0.3,0.652249059,18,0,1,1,0.95,0.97,TCE_1490,test,best.pt,,,,,,,
0.35,0.652249059,18,0,1,1,0.95,0.97,TCE_1490,test,best.pt,,,,,,,
0.4,0.619636608,17,1,2,0.94,0.89,0.92,TCE_1490,test,best.pt,,,,,,,
0.45,0.56330601,15,3,4,0.83,0.79,0.81,TCE_1490,test,best.pt,,,,,,,
0.5,0.56330601,15,3,4,0.83,0.79,0.81,TCE_1490,test,best.pt,,,,,,,
0.2,0.675029734,19,0,0,1,1,1,TCE_1497,test,best.pt,,,,,,,
0.25,0.675029734,19,0,0,1,1,1,TCE_1497,test,best.pt,,,,,,,
0.3,0.675029734,19,0,0,1,1,1,TCE_1497,test,best.pt,,,,,,,
0.35,0.675029734,19,0,0,1,1,1,TCE_1497,test,best.pt,,,,,,,
0.4,0.675029734,19,0,0,1,1,1,TCE_1497,test,best.pt,,,,,,,
0.45,0.641278249,18,1,1,0.95,0.95,0.95,TCE_1497,test,best.pt,,,,,,,
0.5,0.610741191,17,2,2,0.89,0.89,0.89,TCE_1497,test,best.pt,,,,,,,
0.2,0.725719064,19,0,0,1,1,1,TCE_1498,test,best.pt,,,,,,,
0.25,0.725719064,19,0,0,1,1,1,TCE_1498,test,best.pt,,,,,,,
0.3,0.725719064,19,0,0,1,1,1,TCE_1498,test,best.pt,,,,,,,
0.35,0.689433113,18,1,1,0.95,0.95,0.95,TCE_1498,test,best.pt,,,,,,,
0.4,0.689433113,18,1,1,0.95,0.95,0.95,TCE_1498,test,best.pt,,,,,,,
0.45,0.689433113,18,1,1,0.95,0.95,0.95,TCE_1498,test,best.pt,,,,,,,
0.5,0.689433113,18,1,1,0.95,0.95,0.95,TCE_1498,test,best.pt,,,,,,,
0.2,0.767441186,21,0,0,1,1,1,VIT_1000,test,best.pt,,,,,,,
0.25,0.767441186,21,0,0,1,1,1,VIT_1000,test,best.pt,,,,,,,
0.3,0.767441186,21,0,0,1,1,1,VIT_1000,test,best.pt,,,,,,,
0.35,0.767441186,21,0,0,1,1,1,VIT_1000,test,best.pt,,,,,,,
0.4,0.767441186,21,0,0,1,1,1,VIT_1000,test,best.pt,,,,,,,
0.45,0.767441186,21,0,0,1,1,1,VIT_1000,test,best.pt,,,,,,,
0.5,0.767441186,21,0,0,1,1,1,VIT_1000,test,best.pt,,,,,,,
0.2,0.830414657,20,1,0,0.95,1,0.98,VIT_706,test,best.pt,,,,,,,
0.25,0.830414657,20,1,0,0.95,1,0.98,VIT_706,test,best.pt,,,,,,,
0.3,0.830414657,20,1,0,0.95,1,0.98,VIT_706,test,best.pt,,,,,,,
0.35,0.830414657,20,1,0,0.95,1,0.98,VIT_706,test,best.pt,,,,,,,
0.4,0.830414657,20,1,0,0.95,1,0.98,VIT_706,test,best.pt,,,,,,,
0.45,0.830414657,20,1,0,0.95,1,0.98,VIT_706,test,best.pt,,,,,,,
0.5,0.830414657,20,1,0,0.95,1,0.98,VIT_706,test,best.pt,,,,,,,
0.2,0.849772775,20,0,0,1,1,1,VIT_707,test,best.pt,,,,,,,
0.25,0.849772775,20,0,0,1,1,1,VIT_707,test,best.pt,,,,,,,
0.3,0.849772775,20,0,0,1,1,1,VIT_707,test,best.pt,,,,,,,
0.35,0.849772775,20,0,0,1,1,1,VIT_707,test,best.pt,,,,,,,
0.4,0.849772775,20,0,0,1,1,1,VIT_707,test,best.pt,,,,,,,
0.45,0.849772775,20,0,0,1,1,1,VIT_707,test,best.pt,,,,,,,
0.5,0.849772775,20,0,0,1,1,1,VIT_707,test,best.pt,,,,,,,
0.2,0.832231728,20,0,0,1,1,1,VIT_708,test,best.pt,,,,,,,
0.25,0.832231728,20,0,0,1,1,1,VIT_708,test,best.pt,,,,,,,
0.3,0.832231728,20,0,0,1,1,1,VIT_708,test,best.pt,,,,,,,
0.35,0.832231728,20,0,0,1,1,1,VIT_708,test,best.pt,,,,,,,
0.4,0.832231728,20,0,0,1,1,1,VIT_708,test,best.pt,,,,,,,
0.45,0.832231728,20,0,0,1,1,1,VIT_708,test,best.pt,,,,,,,
0.5,0.832231728,20,0,0,1,1,1,VIT_708,test,best.pt,,,,,,,
0.2,0.828832365,19,0,0,1,1,1,VIT_716,test,best.pt,,,,,,,
0.25,0.828832365,19,0,0,1,1,1,VIT_716,test,best.pt,,,,,,,
0.3,0.828832365,19,0,0,1,1,1,VIT_716,test,best.pt,,,,,,,
0.35,0.828832365,19,0,0,1,1,1,VIT_716,test,best.pt,,,,,,,
0.4,0.828832365,19,0,0,1,1,1,VIT_716,test,best.pt,,,,,,,
0.45,0.828832365,19,0,0,1,1,1,VIT_716,test,best.pt,,,,,,,
0.5,0.828832365,19,0,0,1,1,1,VIT_716,test,best.pt,,,,,,,
0.2,0.852119848,20,0,0,1,1,1,VIT_721,test,best.pt,,,,,,,
0.25,0.852119848,20,0,0,1,1,1,VIT_721,test,best.pt,,,,,,,
0.3,0.852119848,20,0,0,1,1,1,VIT_721,test,best.pt,,,,,,,
0.35,0.852119848,20,0,0,1,1,1,VIT_721,test,best.pt,,,,,,,
0.4,0.852119848,20,0,0,1,1,1,VIT_721,test,best.pt,,,,,,,
0.45,0.852119848,20,0,0,1,1,1,VIT_721,test,best.pt,,,,,,,
0.5,0.852119848,20,0,0,1,1,1,VIT_721,test,best.pt,,,,,,,
0.2,0.860754788,20,0,0,1,1,1,VIT_722,test,best.pt,,,,,,,
0.25,0.860754788,20,0,0,1,1,1,VIT_722,test,best.pt,,,,,,,
0.3,0.860754788,20,0,0,1,1,1,VIT_722,test,best.pt,,,,,,,
0.35,0.860754788,20,0,0,1,1,1,VIT_722,test,best.pt,,,,,,,
0.4,0.860754788,20,0,0,1,1,1,VIT_722,test,best.pt,,,,,,,
0.45,0.860754788,20,0,0,1,1,1,VIT_722,test,best.pt,,,,,,,
0.5,0.860754788,20,0,0,1,1,1,VIT_722,test,best.pt,,,,,,,
0.2,0.83511236,20,0,0,1,1,1,VIT_726,test,best.pt,,,,,,,
0.25,0.83511236,20,0,0,1,1,1,VIT_726,test,best.pt,,,,,,,
0.3,0.83511236,20,0,0,1,1,1,VIT_726,test,best.pt,,,,,,,
0.35,0.83511236,20,0,0,1,1,1,VIT_726,test,best.pt,,,,,,,
0.4,0.83511236,20,0,0,1,1,1,VIT_726,test,best.pt,,,,,,,
0.45,0.83511236,20,0,0,1,1,1,VIT_726,test,best.pt,,,,,,,
0.5,0.83511236,20,0,0,1,1,1,VIT_726,test,best.pt,,,,,,,
0.2,0.850606934,20,0,0,1,1,1,VIT_727,test,best.pt,,,,,,,
0.25,0.850606934,20,0,0,1,1,1,VIT_727,test,best.pt,,,,,,,
0.3,0.850606934,20,0,0,1,1,1,VIT_727,test,best.pt,,,,,,,
0.35,0.850606934,20,0,0,1,1,1,VIT_727,test,best.pt,,,,,,,
0.4,0.850606934,20,0,0,1,1,1,VIT_727,test,best.pt,,,,,,,
0.45,0.850606934,20,0,0,1,1,1,VIT_727,test,best.pt,,,,,,,
0.5,0.850606934,20,0,0,1,1,1,VIT_727,test,best.pt,,,,,,,
0.2,0.811179511,20,0,0,1,1,1,VIT_730,test,best.pt,,,,,,,
0.25,0.811179511,20,0,0,1,1,1,VIT_730,test,best.pt,,,,,,,
0.3,0.811179511,20,0,0,1,1,1,VIT_730,test,best.pt,,,,,,,
0.35,0.811179511,20,0,0,1,1,1,VIT_730,test,best.pt,,,,,,,
0.4,0.811179511,20,0,0,1,1,1,VIT_730,test,best.pt,,,,,,,
0.45,0.811179511,20,0,0,1,1,1,VIT_730,test,best.pt,,,,,,,
0.5,0.811179511,20,0,0,1,1,1,VIT_730,test,best.pt,,,,,,,
0.2,0.832321425,20,0,0,1,1,1,VIT_732,test,best.pt,,,,,,,
0.25,0.832321425,20,0,0,1,1,1,VIT_732,test,best.pt,,,,,,,
0.3,0.832321425,20,0,0,1,1,1,VIT_732,test,best.pt,,,,,,,
0.35,0.832321425,20,0,0,1,1,1,VIT_732,test,best.pt,,,,,,,
0.4,0.832321425,20,0,0,1,1,1,VIT_732,test,best.pt,,,,,,,
0.45,0.832321425,20,0,0,1,1,1,VIT_732,test,best.pt,,,,,,,
0.5,0.832321425,20,0,0,1,1,1,VIT_732,test,best.pt,,,,,,,
0.2,0.828285268,19,0,1,1,0.95,0.97,VIT_734,test,best.pt,,,,,,,
0.25,0.828285268,19,0,1,1,0.95,0.97,VIT_734,test,best.pt,,,,,,,
0.3,0.828285268,19,0,1,1,0.95,0.97,VIT_734,test,best.pt,,,,,,,
0.35,0.828285268,19,0,1,1,0.95,0.97,VIT_734,test,best.pt,,,,,,,
0.4,0.828285268,19,0,1,1,0.95,0.97,VIT_734,test,best.pt,,,,,,,
0.45,0.828285268,19,0,1,1,0.95,0.97,VIT_734,test,best.pt,,,,,,,
0.5,0.828285268,19,0,1,1,0.95,0.97,VIT_734,test,best.pt,,,,,,,
0.2,0.871804193,17,0,0,1,1,1,VIT_737,test,best.pt,,,,,,,
0.25,0.871804193,17,0,0,1,1,1,VIT_737,test,best.pt,,,,,,,
0.3,0.871804193,17,0,0,1,1,1,VIT_737,test,best.pt,,,,,,,
0.35,0.871804193,17,0,0,1,1,1,VIT_737,test,best.pt,,,,,,,
0.4,0.871804193,17,0,0,1,1,1,VIT_737,test,best.pt,,,,,,,
0.45,0.871804193,17,0,0,1,1,1,VIT_737,test,best.pt,,,,,,,
0.5,0.871804193,17,0,0,1,1,1,VIT_737,test,best.pt,,,,,,,
0.2,0.814516874,19,1,0,0.95,1,0.97,VIT_739,test,best.pt,,,,,,,
0.25,0.814516874,19,1,0,0.95,1,0.97,VIT_739,test,best.pt,,,,,,,
0.3,0.814516874,19,1,0,0.95,1,0.97,VIT_739,test,best.pt,,,,,,,
0.35,0.814516874,19,1,0,0.95,1,0.97,VIT_739,test,best.pt,,,,,,,
0.4,0.814516874,19,1,0,0.95,1,0.97,VIT_739,test,best.pt,,,,,,,
0.45,0.814516874,19,1,0,0.95,1,0.97,VIT_739,test,best.pt,,,,,,,
0.5,0.814516874,19,1,0,0.95,1,0.97,VIT_739,test,best.pt,,,,,,,
0.2,0.856383527,20,0,0,1,1,1,VIT_741,test,best.pt,,,,,,,
0.25,0.856383527,20,0,0,1,1,1,VIT_741,test,best.pt,,,,,,,
0.3,0.856383527,20,0,0,1,1,1,VIT_741,test,best.pt,,,,,,,
0.35,0.856383527,20,0,0,1,1,1,VIT_741,test,best.pt,,,,,,,
0.4,0.856383527,20,0,0,1,1,1,VIT_741,test,best.pt,,,,,,,
0.45,0.856383527,20,0,0,1,1,1,VIT_741,test,best.pt,,,,,,,
0.5,0.856383527,20,0,0,1,1,1,VIT_741,test,best.pt,,,,,,,
0.2,0.836831039,20,0,0,1,1,1,VIT_744,test,best.pt,,,,,,,
0.25,0.836831039,20,0,0,1,1,1,VIT_744,test,best.pt,,,,,,,
0.3,0.836831039,20,0,0,1,1,1,VIT_744,test,best.pt,,,,,,,
0.35,0.836831039,20,0,0,1,1,1,VIT_744,test,best.pt,,,,,,,
0.4,0.836831039,20,0,0,1,1,1,VIT_744,test,best.pt,,,,,,,
0.45,0.836831039,20,0,0,1,1,1,VIT_744,test,best.pt,,,,,,,
0.5,0.836831039,20,0,0,1,1,1,VIT_744,test,best.pt,,,,,,,
0.2,0.840871134,20,0,0,1,1,1,VIT_752,test,best.pt,,,,,,,
0.25,0.840871134,20,0,0,1,1,1,VIT_752,test,best.pt,,,,,,,
0.3,0.840871134,20,0,0,1,1,1,VIT_752,test,best.pt,,,,,,,
0.35,0.840871134,20,0,0,1,1,1,VIT_752,test,best.pt,,,,,,,
0.4,0.840871134,20,0,0,1,1,1,VIT_752,test,best.pt,,,,,,,
0.45,0.840871134,20,0,0,1,1,1,VIT_752,test,best.pt,,,,,,,
0.5,0.840871134,20,0,0,1,1,1,VIT_752,test,best.pt,,,,,,,
0.2,0.797920803,19,1,0,0.95,1,0.97,VIT_753,test,best.pt,,,,,,,
0.25,0.797920803,19,1,0,0.95,1,0.97,VIT_753,test,best.pt,,,,,,,
0.3,0.797920803,19,1,0,0.95,1,0.97,VIT_753,test,best.pt,,,,,,,
0.35,0.797920803,19,1,0,0.95,1,0.97,VIT_753,test,best.pt,,,,,,,
0.4,0.797920803,19,1,0,0.95,1,0.97,VIT_753,test,best.pt,,,,,,,
0.45,0.797920803,19,1,0,0.95,1,0.97,VIT_753,test,best.pt,,,,,,,
0.5,0.797920803,19,1,0,0.95,1,0.97,VIT_753,test,best.pt,,,,,,,
0.2,0.864700797,20,0,0,1,1,1,VIT_755,test,best.pt,,,,,,,
0.25,0.864700797,20,0,0,1,1,1,VIT_755,test,best.pt,,,,,,,
0.3,0.864700797,20,0,0,1,1,1,VIT_755,test,best.pt,,,,,,,
0.35,0.864700797,20,0,0,1,1,1,VIT_755,test,best.pt,,,,,,,
0.4,0.864700797,20,0,0,1,1,1,VIT_755,test,best.pt,,,,,,,
0.45,0.864700797,20,0,0,1,1,1,VIT_755,test,best.pt,,,,,,,
0.5,0.864700797,20,0,0,1,1,1,VIT_755,test,best.pt,,,,,,,
0.2,0.77680185,20,0,0,1,1,1,VIT_764,test,best.pt,,,,,,,
0.25,0.77680185,20,0,0,1,1,1,VIT_764,test,best.pt,,,,,,,
0.3,0.77680185,20,0,0,1,1,1,VIT_764,test,best.pt,,,,,,,
0.35,0.77680185,20,0,0,1,1,1,VIT_764,test,best.pt,,,,,,,
0.4,0.77680185,20,0,0,1,1,1,VIT_764,test,best.pt,,,,,,,
0.45,0.77680185,20,0,0,1,1,1,VIT_764,test,best.pt,,,,,,,
0.5,0.77680185,20,0,0,1,1,1,VIT_764,test,best.pt,,,,,,,
0.2,0.808771036,20,0,0,1,1,1,VIT_765,test,best.pt,,,,,,,
0.25,0.808771036,20,0,0,1,1,1,VIT_765,test,best.pt,,,,,,,
0.3,0.808771036,20,0,0,1,1,1,VIT_765,test,best.pt,,,,,,,
0.35,0.808771036,20,0,0,1,1,1,VIT_765,test,best.pt,,,,,,,
0.4,0.808771036,20,0,0,1,1,1,VIT_765,test,best.pt,,,,,,,
0.45,0.808771036,20,0,0,1,1,1,VIT_765,test,best.pt,,,,,,,
0.5,0.808771036,20,0,0,1,1,1,VIT_765,test,best.pt,,,,,,,
0.2,0.7945372,20,0,0,1,1,1,VIT_766,test,best.pt,,,,,,,
0.25,0.7945372,20,0,0,1,1,1,VIT_766,test,best.pt,,,,,,,
0.3,0.7945372,20,0,0,1,1,1,VIT_766,test,best.pt,,,,,,,
0.35,0.7945372,20,0,0,1,1,1,VIT_766,test,best.pt,,,,,,,
0.4,0.7945372,20,0,0,1,1,1,VIT_766,test,best.pt,,,,,,,
0.45,0.7945372,20,0,0,1,1,1,VIT_766,test,best.pt,,,,,,,
0.5,0.7945372,20,0,0,1,1,1,VIT_766,test,best.pt,,,,,,,
0.2,0.845337871,20,0,0,1,1,1,VIT_768,test,best.pt,,,,,,,
0.25,0.845337871,20,0,0,1,1,1,VIT_768,test,best.pt,,,,,,,
0.3,0.845337871,20,0,0,1,1,1,VIT_768,test,best.pt,,,,,,,
0.35,0.845337871,20,0,0,1,1,1,VIT_768,test,best.pt,,,,,,,
0.4,0.845337871,20,0,0,1,1,1,VIT_768,test,best.pt,,,,,,,
0.45,0.845337871,20,0,0,1,1,1,VIT_768,test,best.pt,,,,,,,
0.5,0.845337871,20,0,0,1,1,1,VIT_768,test,best.pt,,,,,,,
0.2,0.840032311,20,0,0,1,1,1,VIT_769,test,best.pt,,,,,,,
0.25,0.840032311,20,0,0,1,1,1,VIT_769,test,best.pt,,,,,,,
0.3,0.840032311,20,0,0,1,1,1,VIT_769,test,best.pt,,,,,,,
0.35,0.840032311,20,0,0,1,1,1,VIT_769,test,best.pt,,,,,,,
0.4,0.840032311,20,0,0,1,1,1,VIT_769,test,best.pt,,,,,,,
0.45,0.840032311,20,0,0,1,1,1,VIT_769,test,best.pt,,,,,,,
0.5,0.840032311,20,0,0,1,1,1,VIT_769,test,best.pt,,,,,,,
0.2,0.790042368,20,0,0,1,1,1,VIT_770,test,best.pt,,,,,,,
0.25,0.790042368,20,0,0,1,1,1,VIT_770,test,best.pt,,,,,,,
0.3,0.790042368,20,0,0,1,1,1,VIT_770,test,best.pt,,,,,,,
0.35,0.790042368,20,0,0,1,1,1,VIT_770,test,best.pt,,,,,,,
0.4,0.790042368,20,0,0,1,1,1,VIT_770,test,best.pt,,,,,,,
0.45,0.790042368,20,0,0,1,1,1,VIT_770,test,best.pt,,,,,,,
0.5,0.790042368,20,0,0,1,1,1,VIT_770,test,best.pt,,,,,,,
0.2,0.839624913,20,0,0,1,1,1,VIT_771,test,best.pt,,,,,,,
0.25,0.839624913,20,0,0,1,1,1,VIT_771,test,best.pt,,,,,,,
0.3,0.839624913,20,0,0,1,1,1,VIT_771,test,best.pt,,,,,,,
0.35,0.839624913,20,0,0,1,1,1,VIT_771,test,best.pt,,,,,,,
0.4,0.839624913,20,0,0,1,1,1,VIT_771,test,best.pt,,,,,,,
0.45,0.839624913,20,0,0,1,1,1,VIT_771,test,best.pt,,,,,,,
0.5,0.839624913,20,0,0,1,1,1,VIT_771,test,best.pt,,,,,,,
0.2,0.833579763,20,0,0,1,1,1,VIT_772,test,best.pt,,,,,,,
0.25,0.833579763,20,0,0,1,1,1,VIT_772,test,best.pt,,,,,,,
0.3,0.833579763,20,0,0,1,1,1,VIT_772,test,best.pt,,,,,,,
0.35,0.833579763,20,0,0,1,1,1,VIT_772,test,best.pt,,,,,,,
0.4,0.833579763,20,0,0,1,1,1,VIT_772,test,best.pt,,,,,,,
0.45,0.833579763,20,0,0,1,1,1,VIT_772,test,best.pt,,,,,,,
0.5,0.833579763,20,0,0,1,1,1,VIT_772,test,best.pt,,,,,,,
0.2,0.841025079,20,0,0,1,1,1,VIT_773,test,best.pt,,,,,,,
0.25,0.841025079,20,0,0,1,1,1,VIT_773,test,best.pt,,,,,,,
0.3,0.841025079,20,0,0,1,1,1,VIT_773,test,best.pt,,,,,,,
0.35,0.841025079,20,0,0,1,1,1,VIT_773,test,best.pt,,,,,,,
0.4,0.841025079,20,0,0,1,1,1,VIT_773,test,best.pt,,,,,,,
0.45,0.841025079,20,0,0,1,1,1,VIT_773,test,best.pt,,,,,,,
0.5,0.841025079,20,0,0,1,1,1,VIT_773,test,best.pt,,,,,,,
0.2,0.810135073,20,0,0,1,1,1,VIT_774,test,best.pt,,,,,,,
0.25,0.810135073,20,0,0,1,1,1,VIT_774,test,best.pt,,,,,,,
0.3,0.810135073,20,0,0,1,1,1,VIT_774,test,best.pt,,,,,,,
0.35,0.810135073,20,0,0,1,1,1,VIT_774,test,best.pt,,,,,,,
0.4,0.810135073,20,0,0,1,1,1,VIT_774,test,best.pt,,,,,,,
0.45,0.810135073,20,0,0,1,1,1,VIT_774,test,best.pt,,,,,,,
0.5,0.810135073,20,0,0,1,1,1,VIT_774,test,best.pt,,,,,,,
0.2,0.847298586,20,0,0,1,1,1,VIT_776,test,best.pt,,,,,,,
0.25,0.847298586,20,0,0,1,1,1,VIT_776,test,best.pt,,,,,,,
0.3,0.847298586,20,0,0,1,1,1,VIT_776,test,best.pt,,,,,,,
0.35,0.847298586,20,0,0,1,1,1,VIT_776,test,best.pt,,,,,,,
0.4,0.847298586,20,0,0,1,1,1,VIT_776,test,best.pt,,,,,,,
0.45,0.847298586,20,0,0,1,1,1,VIT_776,test,best.pt,,,,,,,
0.5,0.847298586,20,0,0,1,1,1,VIT_776,test,best.pt,,,,,,,
0.2,0.849286783,21,0,0,1,1,1,VIT_778,test,best.pt,,,,,,,
0.25,0.849286783,21,0,0,1,1,1,VIT_778,test,best.pt,,,,,,,
0.3,0.849286783,21,0,0,1,1,1,VIT_778,test,best.pt,,,,,,,
0.35,0.849286783,21,0,0,1,1,1,VIT_778,test,best.pt,,,,,,,
0.4,0.849286783,21,0,0,1,1,1,VIT_778,test,best.pt,,,,,,,
0.45,0.849286783,21,0,0,1,1,1,VIT_778,test,best.pt,,,,,,,
0.5,0.849286783,21,0,0,1,1,1,VIT_778,test,best.pt,,,,,,,
0.2,0.781872093,20,0,0,1,1,1,VIT_782,test,best.pt,,,,,,,
0.25,0.781872093,20,0,0,1,1,1,VIT_782,test,best.pt,,,,,,,
0.3,0.781872093,20,0,0,1,1,1,VIT_782,test,best.pt,,,,,,,
0.35,0.781872093,20,0,0,1,1,1,VIT_782,test,best.pt,,,,,,,
0.4,0.781872093,20,0,0,1,1,1,VIT_782,test,best.pt,,,,,,,
0.45,0.781872093,20,0,0,1,1,1,VIT_782,test,best.pt,,,,,,,
0.5,0.781872093,20,0,0,1,1,1,VIT_782,test,best.pt,,,,,,,
0.2,0.83547886,20,0,0,1,1,1,VIT_784,test,best.pt,,,,,,,
0.25,0.83547886,20,0,0,1,1,1,VIT_784,test,best.pt,,,,,,,
0.3,0.83547886,20,0,0,1,1,1,VIT_784,test,best.pt,,,,,,,
0.35,0.83547886,20,0,0,1,1,1,VIT_784,test,best.pt,,,,,,,
0.4,0.83547886,20,0,0,1,1,1,VIT_784,test,best.pt,,,,,,,
0.45,0.83547886,20,0,0,1,1,1,VIT_784,test,best.pt,,,,,,,
0.5,0.83547886,20,0,0,1,1,1,VIT_784,test,best.pt,,,,,,,
0.2,0.777185577,20,0,0,1,1,1,VIT_786,test,best.pt,,,,,,,
0.25,0.777185577,20,0,0,1,1,1,VIT_786,test,best.pt,,,,,,,
0.3,0.777185577,20,0,0,1,1,1,VIT_786,test,best.pt,,,,,,,
0.35,0.777185577,20,0,0,1,1,1,VIT_786,test,best.pt,,,,,,,
0.4,0.777185577,20,0,0,1,1,1,VIT_786,test,best.pt,,,,,,,
0.45,0.777185577,20,0,0,1,1,1,VIT_786,test,best.pt,,,,,,,
0.5,0.777185577,20,0,0,1,1,1,VIT_786,test,best.pt,,,,,,,
0.2,0.822049275,20,0,0,1,1,1,VIT_790,test,best.pt,,,,,,,
0.25,0.822049275,20,0,0,1,1,1,VIT_790,test,best.pt,,,,,,,
0.3,0.822049275,20,0,0,1,1,1,VIT_790,test,best.pt,,,,,,,
0.35,0.822049275,20,0,0,1,1,1,VIT_790,test,best.pt,,,,,,,
0.4,0.822049275,20,0,0,1,1,1,VIT_790,test,best.pt,,,,,,,
0.45,0.822049275,20,0,0,1,1,1,VIT_790,test,best.pt,,,,,,,
0.5,0.822049275,20,0,0,1,1,1,VIT_790,test,best.pt,,,,,,,
0.2,0.830541613,20,0,0,1,1,1,VIT_792,test,best.pt,,,,,,,
0.25,0.830541613,20,0,0,1,1,1,VIT_792,test,best.pt,,,,,,,
0.3,0.830541613,20,0,0,1,1,1,VIT_792,test,best.pt,,,,,,,
0.35,0.830541613,20,0,0,1,1,1,VIT_792,test,best.pt,,,,,,,
0.4,0.830541613,20,0,0,1,1,1,VIT_792,test,best.pt,,,,,,,
0.45,0.830541613,20,0,0,1,1,1,VIT_792,test,best.pt,,,,,,,
0.5,0.830541613,20,0,0,1,1,1,VIT_792,test,best.pt,,,,,,,
0.2,0.762271448,18,0,0,1,1,1,VIT_795,test,best.pt,,,,,,,
0.25,0.762271448,18,0,0,1,1,1,VIT_795,test,best.pt,,,,,,,
0.3,0.762271448,18,0,0,1,1,1,VIT_795,test,best.pt,,,,,,,
0.35,0.762271448,18,0,0,1,1,1,VIT_795,test,best.pt,,,,,,,
0.4,0.762271448,18,0,0,1,1,1,VIT_795,test,best.pt,,,,,,,
0.45,0.762271448,18,0,0,1,1,1,VIT_795,test,best.pt,,,,,,,
0.5,0.762271448,18,0,0,1,1,1,VIT_795,test,best.pt,,,,,,,
0.2,0.806396953,19,1,0,0.95,1,0.97,VIT_799,test,best.pt,,,,,,,
0.25,0.806396953,19,1,0,0.95,1,0.97,VIT_799,test,best.pt,,,,,,,
0.3,0.806396953,19,1,0,0.95,1,0.97,VIT_799,test,best.pt,,,,,,,
0.35,0.806396953,19,1,0,0.95,1,0.97,VIT_799,test,best.pt,,,,,,,
0.4,0.806396953,19,1,0,0.95,1,0.97,VIT_799,test,best.pt,,,,,,,
0.45,0.806396953,19,1,0,0.95,1,0.97,VIT_799,test,best.pt,,,,,,,
0.5,0.806396953,19,1,0,0.95,1,0.97,VIT_799,test,best.pt,,,,,,,
0.2,0.873419862,20,0,0,1,1,1,VIT_804,test,best.pt,,,,,,,
0.25,0.873419862,20,0,0,1,1,1,VIT_804,test,best.pt,,,,,,,
0.3,0.873419862,20,0,0,1,1,1,VIT_804,test,best.pt,,,,,,,
0.35,0.873419862,20,0,0,1,1,1,VIT_804,test,best.pt,,,,,,,
0.4,0.873419862,20,0,0,1,1,1,VIT_804,test,best.pt,,,,,,,
0.45,0.873419862,20,0,0,1,1,1,VIT_804,test,best.pt,,,,,,,
0.5,0.873419862,20,0,0,1,1,1,VIT_804,test,best.pt,,,,,,,
0.2,0.829935661,20,0,0,1,1,1,VIT_808,test,best.pt,,,,,,,
0.25,0.829935661,20,0,0,1,1,1,VIT_808,test,best.pt,,,,,,,
0.3,0.829935661,20,0,0,1,1,1,VIT_808,test,best.pt,,,,,,,
0.35,0.829935661,20,0,0,1,1,1,VIT_808,test,best.pt,,,,,,,
0.4,0.829935661,20,0,0,1,1,1,VIT_808,test,best.pt,,,,,,,
0.45,0.829935661,20,0,0,1,1,1,VIT_808,test,best.pt,,,,,,,
0.5,0.829935661,20,0,0,1,1,1,VIT_808,test,best.pt,,,,,,,
0.2,0.825156415,20,0,0,1,1,1,VIT_811,test,best.pt,,,,,,,
0.25,0.825156415,20,0,0,1,1,1,VIT_811,test,best.pt,,,,,,,
0.3,0.825156415,20,0,0,1,1,1,VIT_811,test,best.pt,,,,,,,
0.35,0.825156415,20,0,0,1,1,1,VIT_811,test,best.pt,,,,,,,
0.4,0.825156415,20,0,0,1,1,1,VIT_811,test,best.pt,,,,,,,
0.45,0.825156415,20,0,0,1,1,1,VIT_811,test,best.pt,,,,,,,
0.5,0.825156415,20,0,0,1,1,1,VIT_811,test,best.pt,,,,,,,
0.2,0.845891014,21,0,0,1,1,1,VIT_814,test,best.pt,,,,,,,
0.25,0.845891014,21,0,0,1,1,1,VIT_814,test,best.pt,,,,,,,
0.3,0.845891014,21,0,0,1,1,1,VIT_814,test,best.pt,,,,,,,
0.35,0.845891014,21,0,0,1,1,1,VIT_814,test,best.pt,,,,,,,
0.4,0.845891014,21,0,0,1,1,1,VIT_814,test,best.pt,,,,,,,
0.45,0.845891014,21,0,0,1,1,1,VIT_814,test,best.pt,,,,,,,
0.5,0.845891014,21,0,0,1,1,1,VIT_814,test,best.pt,,,,,,,
0.2,0.84864708,19,0,0,1,1,1,VIT_817,test,best.pt,,,,,,,
0.25,0.84864708,19,0,0,1,1,1,VIT_817,test,best.pt,,,,,,,
0.3,0.84864708,19,0,0,1,1,1,VIT_817,test,best.pt,,,,,,,
0.35,0.84864708,19,0,0,1,1,1,VIT_817,test,best.pt,,,,,,,
0.4,0.84864708,19,0,0,1,1,1,VIT_817,test,best.pt,,,,,,,
0.45,0.84864708,19,0,0,1,1,1,VIT_817,test,best.pt,,,,,,,
0.5,0.84864708,19,0,0,1,1,1,VIT_817,test,best.pt,,,,,,,
0.2,0.833062831,19,0,0,1,1,1,VIT_818,test,best.pt,,,,,,,
0.25,0.833062831,19,0,0,1,1,1,VIT_818,test,best.pt,,,,,,,
0.3,0.833062831,19,0,0,1,1,1,VIT_818,test,best.pt,,,,,,,
0.35,0.833062831,19,0,0,1,1,1,VIT_818,test,best.pt,,,,,,,
0.4,0.833062831,19,0,0,1,1,1,VIT_818,test,best.pt,,,,,,,
0.45,0.833062831,19,0,0,1,1,1,VIT_818,test,best.pt,,,,,,,
0.5,0.833062831,19,0,0,1,1,1,VIT_818,test,best.pt,,,,,,,
0.2,0.834337074,21,0,0,1,1,1,VIT_829,test,best.pt,,,,,,,
0.25,0.834337074,21,0,0,1,1,1,VIT_829,test,best.pt,,,,,,,
0.3,0.834337074,21,0,0,1,1,1,VIT_829,test,best.pt,,,,,,,
0.35,0.834337074,21,0,0,1,1,1,VIT_829,test,best.pt,,,,,,,
0.4,0.834337074,21,0,0,1,1,1,VIT_829,test,best.pt,,,,,,,
0.45,0.834337074,21,0,0,1,1,1,VIT_829,test,best.pt,,,,,,,
0.5,0.834337074,21,0,0,1,1,1,VIT_829,test,best.pt,,,,,,,
0.2,0.802817933,20,0,0,1,1,1,VIT_839,test,best.pt,,,,,,,
0.25,0.802817933,20,0,0,1,1,1,VIT_839,test,best.pt,,,,,,,
0.3,0.802817933,20,0,0,1,1,1,VIT_839,test,best.pt,,,,,,,
0.35,0.802817933,20,0,0,1,1,1,VIT_839,test,best.pt,,,,,,,
0.4,0.802817933,20,0,0,1,1,1,VIT_839,test,best.pt,,,,,,,
0.45,0.802817933,20,0,0,1,1,1,VIT_839,test,best.pt,,,,,,,
0.5,0.802817933,20,0,0,1,1,1,VIT_839,test,best.pt,,,,,,,
0.2,0.786440489,20,0,0,1,1,1,VIT_842,test,best.pt,,,,,,,
0.25,0.786440489,20,0,0,1,1,1,VIT_842,test,best.pt,,,,,,,
0.3,0.786440489,20,0,0,1,1,1,VIT_842,test,best.pt,,,,,,,
0.35,0.786440489,20,0,0,1,1,1,VIT_842,test,best.pt,,,,,,,
0.4,0.786440489,20,0,0,1,1,1,VIT_842,test,best.pt,,,,,,,
0.45,0.786440489,20,0,0,1,1,1,VIT_842,test,best.pt,,,,,,,
0.5,0.786440489,20,0,0,1,1,1,VIT_842,test,best.pt,,,,,,,
0.2,0.769631254,20,0,0,1,1,1,VIT_843,test,best.pt,,,,,,,
0.25,0.769631254,20,0,0,1,1,1,VIT_843,test,best.pt,,,,,,,
0.3,0.769631254,20,0,0,1,1,1,VIT_843,test,best.pt,,,,,,,
0.35,0.769631254,20,0,0,1,1,1,VIT_843,test,best.pt,,,,,,,
0.4,0.769631254,20,0,0,1,1,1,VIT_843,test,best.pt,,,,,,,
0.45,0.769631254,20,0,0,1,1,1,VIT_843,test,best.pt,,,,,,,
0.5,0.769631254,20,0,0,1,1,1,VIT_843,test,best.pt,,,,,,,
0.2,0.774770298,20,0,0,1,1,1,VIT_852,test,best.pt,,,,,,,
0.25,0.774770298,20,0,0,1,1,1,VIT_852,test,best.pt,,,,,,,
0.3,0.774770298,20,0,0,1,1,1,VIT_852,test,best.pt,,,,,,,
0.35,0.774770298,20,0,0,1,1,1,VIT_852,test,best.pt,,,,,,,
0.4,0.774770298,20,0,0,1,1,1,VIT_852,test,best.pt,,,,,,,
0.45,0.774770298,20,0,0,1,1,1,VIT_852,test,best.pt,,,,,,,
0.5,0.774770298,20,0,0,1,1,1,VIT_852,test,best.pt,,,,,,,
0.2,0.851422002,21,0,0,1,1,1,VIT_853,test,best.pt,,,,,,,
0.25,0.851422002,21,0,0,1,1,1,VIT_853,test,best.pt,,,,,,,
0.3,0.851422002,21,0,0,1,1,1,VIT_853,test,best.pt,,,,,,,
0.35,0.851422002,21,0,0,1,1,1,VIT_853,test,best.pt,,,,,,,
0.4,0.851422002,21,0,0,1,1,1,VIT_853,test,best.pt,,,,,,,
0.45,0.851422002,21,0,0,1,1,1,VIT_853,test,best.pt,,,,,,,
0.5,0.851422002,21,0,0,1,1,1,VIT_853,test,best.pt,,,,,,,
0.2,0.845567055,20,0,0,1,1,1,VIT_861,test,best.pt,,,,,,,
0.25,0.845567055,20,0,0,1,1,1,VIT_861,test,best.pt,,,,,,,
0.3,0.845567055,20,0,0,1,1,1,VIT_861,test,best.pt,,,,,,,
0.35,0.845567055,20,0,0,1,1,1,VIT_861,test,best.pt,,,,,,,
0.4,0.845567055,20,0,0,1,1,1,VIT_861,test,best.pt,,,,,,,
0.45,0.845567055,20,0,0,1,1,1,VIT_861,test,best.pt,,,,,,,
0.5,0.845567055,20,0,0,1,1,1,VIT_861,test,best.pt,,,,,,,
0.2,0.837937197,21,0,0,1,1,1,VIT_865,test,best.pt,,,,,,,
0.25,0.837937197,21,0,0,1,1,1,VIT_865,test,best.pt,,,,,,,
0.3,0.837937197,21,0,0,1,1,1,VIT_865,test,best.pt,,,,,,,
0.35,0.837937197,21,0,0,1,1,1,VIT_865,test,best.pt,,,,,,,
0.4,0.837937197,21,0,0,1,1,1,VIT_865,test,best.pt,,,,,,,
0.45,0.837937197,21,0,0,1,1,1,VIT_865,test,best.pt,,,,,,,
0.5,0.837937197,21,0,0,1,1,1,VIT_865,test,best.pt,,,,,,,
0.2,0.851453844,20,0,0,1,1,1,VIT_866,test,best.pt,,,,,,,
0.25,0.851453844,20,0,0,1,1,1,VIT_866,test,best.pt,,,,,,,
0.3,0.851453844,20,0,0,1,1,1,VIT_866,test,best.pt,,,,,,,
0.35,0.851453844,20,0,0,1,1,1,VIT_866,test,best.pt,,,,,,,
0.4,0.851453844,20,0,0,1,1,1,VIT_866,test,best.pt,,,,,,,
0.45,0.851453844,20,0,0,1,1,1,VIT_866,test,best.pt,,,,,,,
0.5,0.851453844,20,0,0,1,1,1,VIT_866,test,best.pt,,,,,,,
0.2,0.804514482,20,0,0,1,1,1,VIT_867,test,best.pt,,,,,,,
0.25,0.804514482,20,0,0,1,1,1,VIT_867,test,best.pt,,,,,,,
0.3,0.804514482,20,0,0,1,1,1,VIT_867,test,best.pt,,,,,,,
0.35,0.804514482,20,0,0,1,1,1,VIT_867,test,best.pt,,,,,,,
0.4,0.804514482,20,0,0,1,1,1,VIT_867,test,best.pt,,,,,,,
0.45,0.804514482,20,0,0,1,1,1,VIT_867,test,best.pt,,,,,,,
0.5,0.804514482,20,0,0,1,1,1,VIT_867,test,best.pt,,,,,,,
0.2,0.85581088,20,0,0,1,1,1,VIT_868,test,best.pt,,,,,,,
0.25,0.85581088,20,0,0,1,1,1,VIT_868,test,best.pt,,,,,,,
0.3,0.85581088,20,0,0,1,1,1,VIT_868,test,best.pt,,,,,,,
0.35,0.85581088,20,0,0,1,1,1,VIT_868,test,best.pt,,,,,,,
0.4,0.85581088,20,0,0,1,1,1,VIT_868,test,best.pt,,,,,,,
0.45,0.85581088,20,0,0,1,1,1,VIT_868,test,best.pt,,,,,,,
0.5,0.85581088,20,0,0,1,1,1,VIT_868,test,best.pt,,,,,,,
0.2,0.849791285,20,0,0,1,1,1,VIT_870,test,best.pt,,,,,,,
0.25,0.849791285,20,0,0,1,1,1,VIT_870,test,best.pt,,,,,,,
0.3,0.849791285,20,0,0,1,1,1,VIT_870,test,best.pt,,,,,,,
0.35,0.849791285,20,0,0,1,1,1,VIT_870,test,best.pt,,,,,,,
0.4,0.849791285,20,0,0,1,1,1,VIT_870,test,best.pt,,,,,,,
0.45,0.849791285,20,0,0,1,1,1,VIT_870,test,best.pt,,,,,,,
0.5,0.849791285,20,0,0,1,1,1,VIT_870,test,best.pt,,,,,,,
0.2,0.836614557,20,0,0,1,1,1,VIT_875,test,best.pt,,,,,,,
0.25,0.836614557,20,0,0,1,1,1,VIT_875,test,best.pt,,,,,,,
0.3,0.836614557,20,0,0,1,1,1,VIT_875,test,best.pt,,,,,,,
0.35,0.836614557,20,0,0,1,1,1,VIT_875,test,best.pt,,,,,,,
0.4,0.836614557,20,0,0,1,1,1,VIT_875,test,best.pt,,,,,,,
0.45,0.836614557,20,0,0,1,1,1,VIT_875,test,best.pt,,,,,,,
0.5,0.836614557,20,0,0,1,1,1,VIT_875,test,best.pt,,,,,,,
0.2,0.81381485,19,1,0,0.95,1,0.97,VIT_876,test,best.pt,,,,,,,
0.25,0.81381485,19,1,0,0.95,1,0.97,VIT_876,test,best.pt,,,,,,,
0.3,0.81381485,19,1,0,0.95,1,0.97,VIT_876,test,best.pt,,,,,,,
0.35,0.81381485,19,1,0,0.95,1,0.97,VIT_876,test,best.pt,,,,,,,
0.4,0.81381485,19,1,0,0.95,1,0.97,VIT_876,test,best.pt,,,,,,,
0.45,0.81381485,19,1,0,0.95,1,0.97,VIT_876,test,best.pt,,,,,,,
0.5,0.81381485,19,1,0,0.95,1,0.97,VIT_876,test,best.pt,,,,,,,
0.2,0.783976859,20,0,0,1,1,1,VIT_877,test,best.pt,,,,,,,
0.25,0.783976859,20,0,0,1,1,1,VIT_877,test,best.pt,,,,,,,
0.3,0.783976859,20,0,0,1,1,1,VIT_877,test,best.pt,,,,,,,
0.35,0.783976859,20,0,0,1,1,1,VIT_877,test,best.pt,,,,,,,
0.4,0.783976859,20,0,0,1,1,1,VIT_877,test,best.pt,,,,,,,
0.45,0.783976859,20,0,0,1,1,1,VIT_877,test,best.pt,,,,,,,
0.5,0.783976859,20,0,0,1,1,1,VIT_877,test,best.pt,,,,,,,
0.2,0.843750335,20,0,0,1,1,1,VIT_878,test,best.pt,,,,,,,
0.25,0.843750335,20,0,0,1,1,1,VIT_878,test,best.pt,,,,,,,
0.3,0.843750335,20,0,0,1,1,1,VIT_878,test,best.pt,,,,,,,
0.35,0.843750335,20,0,0,1,1,1,VIT_878,test,best.pt,,,,,,,
0.4,0.843750335,20,0,0,1,1,1,VIT_878,test,best.pt,,,,,,,
0.45,0.843750335,20,0,0,1,1,1,VIT_878,test,best.pt,,,,,,,
0.5,0.843750335,20,0,0,1,1,1,VIT_878,test,best.pt,,,,,,,
0.2,0.841380924,20,0,0,1,1,1,VIT_879,test,best.pt,,,,,,,
0.25,0.841380924,20,0,0,1,1,1,VIT_879,test,best.pt,,,,,,,
0.3,0.841380924,20,0,0,1,1,1,VIT_879,test,best.pt,,,,,,,
0.35,0.841380924,20,0,0,1,1,1,VIT_879,test,best.pt,,,,,,,
0.4,0.841380924,20,0,0,1,1,1,VIT_879,test,best.pt,,,,,,,
0.45,0.841380924,20,0,0,1,1,1,VIT_879,test,best.pt,,,,,,,
0.5,0.841380924,20,0,0,1,1,1,VIT_879,test,best.pt,,,,,,,
0.2,0.783253523,20,0,0,1,1,1,VIT_882,test,best.pt,,,,,,,
0.25,0.783253523,20,0,0,1,1,1,VIT_882,test,best.pt,,,,,,,
0.3,0.783253523,20,0,0,1,1,1,VIT_882,test,best.pt,,,,,,,
0.35,0.783253523,20,0,0,1,1,1,VIT_882,test,best.pt,,,,,,,
0.4,0.783253523,20,0,0,1,1,1,VIT_882,test,best.pt,,,,,,,
0.45,0.783253523,20,0,0,1,1,1,VIT_882,test,best.pt,,,,,,,
0.5,0.783253523,20,0,0,1,1,1,VIT_882,test,best.pt,,,,,,,
0.2,0.821367992,20,0,0,1,1,1,VIT_883,test,best.pt,,,,,,,
0.25,0.821367992,20,0,0,1,1,1,VIT_883,test,best.pt,,,,,,,
0.3,0.821367992,20,0,0,1,1,1,VIT_883,test,best.pt,,,,,,,
0.35,0.821367992,20,0,0,1,1,1,VIT_883,test,best.pt,,,,,,,
0.4,0.821367992,20,0,0,1,1,1,VIT_883,test,best.pt,,,,,,,
0.45,0.821367992,20,0,0,1,1,1,VIT_883,test,best.pt,,,,,,,
0.5,0.821367992,20,0,0,1,1,1,VIT_883,test,best.pt,,,,,,,
0.2,0.777931729,19,0,1,1,0.95,0.97,VIT_894,test,best.pt,,,,,,,
0.25,0.777931729,19,0,1,1,0.95,0.97,VIT_894,test,best.pt,,,,,,,
0.3,0.777931729,19,0,1,1,0.95,0.97,VIT_894,test,best.pt,,,,,,,
0.35,0.777931729,19,0,1,1,0.95,0.97,VIT_894,test,best.pt,,,,,,,
0.4,0.777931729,19,0,1,1,0.95,0.97,VIT_894,test,best.pt,,,,,,,
0.45,0.777931729,19,0,1,1,0.95,0.97,VIT_894,test,best.pt,,,,,,,
0.5,0.777931729,19,0,1,1,0.95,0.97,VIT_894,test,best.pt,,,,,,,
0.2,0.808879472,19,1,0,0.95,1,0.97,VIT_895,test,best.pt,,,,,,,
0.25,0.808879472,19,1,0,0.95,1,0.97,VIT_895,test,best.pt,,,,,,,
0.3,0.808879472,19,1,0,0.95,1,0.97,VIT_895,test,best.pt,,,,,,,
0.35,0.808879472,19,1,0,0.95,1,0.97,VIT_895,test,best.pt,,,,,,,
0.4,0.808879472,19,1,0,0.95,1,0.97,VIT_895,test,best.pt,,,,,,,
0.45,0.808879472,19,1,0,0.95,1,0.97,VIT_895,test,best.pt,,,,,,,
0.5,0.808879472,19,1,0,0.95,1,0.97,VIT_895,test,best.pt,,,,,,,
0.2,0.852110793,20,0,0,1,1,1,VIT_902,test,best.pt,,,,,,,
0.25,0.852110793,20,0,0,1,1,1,VIT_902,test,best.pt,,,,,,,
0.3,0.852110793,20,0,0,1,1,1,VIT_902,test,best.pt,,,,,,,
0.35,0.852110793,20,0,0,1,1,1,VIT_902,test,best.pt,,,,,,,
0.4,0.852110793,20,0,0,1,1,1,VIT_902,test,best.pt,,,,,,,
0.45,0.852110793,20,0,0,1,1,1,VIT_902,test,best.pt,,,,,,,
0.5,0.852110793,20,0,0,1,1,1,VIT_902,test,best.pt,,,,,,,
0.2,0.850764562,21,0,0,1,1,1,VIT_906,test,best.pt,,,,,,,
0.25,0.850764562,21,0,0,1,1,1,VIT_906,test,best.pt,,,,,,,
0.3,0.850764562,21,0,0,1,1,1,VIT_906,test,best.pt,,,,,,,
0.35,0.850764562,21,0,0,1,1,1,VIT_906,test,best.pt,,,,,,,
0.4,0.850764562,21,0,0,1,1,1,VIT_906,test,best.pt,,,,,,,
0.45,0.850764562,21,0,0,1,1,1,VIT_906,test,best.pt,,,,,,,
0.5,0.850764562,21,0,0,1,1,1,VIT_906,test,best.pt,,,,,,,
0.2,0.692566321,19,0,1,1,0.95,0.97,VIT_914,test,best.pt,,,,,,,
0.25,0.692566321,19,0,1,1,0.95,0.97,VIT_914,test,best.pt,,,,,,,
0.3,0.692566321,19,0,1,1,0.95,0.97,VIT_914,test,best.pt,,,,,,,
0.35,0.692566321,19,0,1,1,0.95,0.97,VIT_914,test,best.pt,,,,,,,
0.4,0.692566321,19,0,1,1,0.95,0.97,VIT_914,test,best.pt,,,,,,,
0.45,0.692566321,19,0,1,1,0.95,0.97,VIT_914,test,best.pt,,,,,,,
0.5,0.659586974,18,1,2,0.95,0.9,0.92,VIT_914,test,best.pt,,,,,,,
0.2,0.760303415,20,0,0,1,1,1,VIT_915,test,best.pt,,,,,,,
0.25,0.760303415,20,0,0,1,1,1,VIT_915,test,best.pt,,,,,,,
0.3,0.760303415,20,0,0,1,1,1,VIT_915,test,best.pt,,,,,,,
0.35,0.760303415,20,0,0,1,1,1,VIT_915,test,best.pt,,,,,,,
0.4,0.760303415,20,0,0,1,1,1,VIT_915,test,best.pt,,,,,,,
0.45,0.760303415,20,0,0,1,1,1,VIT_915,test,best.pt,,,,,,,
0.5,0.760303415,20,0,0,1,1,1,VIT_915,test,best.pt,,,,,,,
0.2,0.788570239,20,0,0,1,1,1,VIT_921,test,best.pt,,,,,,,
0.25,0.788570239,20,0,0,1,1,1,VIT_921,test,best.pt,,,,,,,
0.3,0.788570239,20,0,0,1,1,1,VIT_921,test,best.pt,,,,,,,
0.35,0.788570239,20,0,0,1,1,1,VIT_921,test,best.pt,,,,,,,
0.4,0.788570239,20,0,0,1,1,1,VIT_921,test,best.pt,,,,,,,
0.45,0.788570239,20,0,0,1,1,1,VIT_921,test,best.pt,,,,,,,
0.5,0.788570239,20,0,0,1,1,1,VIT_921,test,best.pt,,,,,,,
0.2,0.740154358,19,0,0,1,1,1,VIT_922,test,best.pt,,,,,,,
0.25,0.740154358,19,0,0,1,1,1,VIT_922,test,best.pt,,,,,,,
0.3,0.740154358,19,0,0,1,1,1,VIT_922,test,best.pt,,,,,,,
0.35,0.740154358,19,0,0,1,1,1,VIT_922,test,best.pt,,,,,,,
0.4,0.740154358,19,0,0,1,1,1,VIT_922,test,best.pt,,,,,,,
0.45,0.740154358,19,0,0,1,1,1,VIT_922,test,best.pt,,,,,,,
0.5,0.740154358,19,0,0,1,1,1,VIT_922,test,best.pt,,,,,,,
0.2,0.778513222,20,0,0,1,1,1,VIT_924,test,best.pt,,,,,,,
0.25,0.778513222,20,0,0,1,1,1,VIT_924,test,best.pt,,,,,,,
0.3,0.778513222,20,0,0,1,1,1,VIT_924,test,best.pt,,,,,,,
0.35,0.778513222,20,0,0,1,1,1,VIT_924,test,best.pt,,,,,,,
0.4,0.778513222,20,0,0,1,1,1,VIT_924,test,best.pt,,,,,,,
0.45,0.778513222,20,0,0,1,1,1,VIT_924,test,best.pt,,,,,,,
0.5,0.778513222,20,0,0,1,1,1,VIT_924,test,best.pt,,,,,,,
0.2,0.835975882,19,0,0,1,1,1,VIT_927,test,best.pt,,,,,,,
0.25,0.835975882,19,0,0,1,1,1,VIT_927,test,best.pt,,,,,,,
0.3,0.835975882,19,0,0,1,1,1,VIT_927,test,best.pt,,,,,,,
0.35,0.835975882,19,0,0,1,1,1,VIT_927,test,best.pt,,,,,,,
0.4,0.835975882,19,0,0,1,1,1,VIT_927,test,best.pt,,,,,,,
0.45,0.835975882,19,0,0,1,1,1,VIT_927,test,best.pt,,,,,,,
0.5,0.835975882,19,0,0,1,1,1,VIT_927,test,best.pt,,,,,,,
0.2,0.770112366,19,0,0,1,1,1,VIT_938,test,best.pt,,,,,,,
0.25,0.770112366,19,0,0,1,1,1,VIT_938,test,best.pt,,,,,,,
0.3,0.770112366,19,0,0,1,1,1,VIT_938,test,best.pt,,,,,,,
0.35,0.770112366,19,0,0,1,1,1,VIT_938,test,best.pt,,,,,,,
0.4,0.770112366,19,0,0,1,1,1,VIT_938,test,best.pt,,,,,,,
0.45,0.770112366,19,0,0,1,1,1,VIT_938,test,best.pt,,,,,,,
0.5,0.770112366,19,0,0,1,1,1,VIT_938,test,best.pt,,,,,,,
0.2,0.7405115,20,0,0,1,1,1,VIT_939,test,best.pt,,,,,,,
0.25,0.7405115,20,0,0,1,1,1,VIT_939,test,best.pt,,,,,,,
0.3,0.7405115,20,0,0,1,1,1,VIT_939,test,best.pt,,,,,,,
0.35,0.7405115,20,0,0,1,1,1,VIT_939,test,best.pt,,,,,,,
0.4,0.7405115,20,0,0,1,1,1,VIT_939,test,best.pt,,,,,,,
0.45,0.7405115,20,0,0,1,1,1,VIT_939,test,best.pt,,,,,,,
0.5,0.7405115,20,0,0,1,1,1,VIT_939,test,best.pt,,,,,,,
0.2,0.812172416,20,0,0,1,1,1,VIT_942,test,best.pt,,,,,,,
0.25,0.812172416,20,0,0,1,1,1,VIT_942,test,best.pt,,,,,,,
0.3,0.812172416,20,0,0,1,1,1,VIT_942,test,best.pt,,,,,,,
0.35,0.812172416,20,0,0,1,1,1,VIT_942,test,best.pt,,,,,,,
0.4,0.812172416,20,0,0,1,1,1,VIT_942,test,best.pt,,,,,,,
0.45,0.812172416,20,0,0,1,1,1,VIT_942,test,best.pt,,,,,,,
0.5,0.812172416,20,0,0,1,1,1,VIT_942,test,best.pt,,,,,,,
0.2,0.757979026,19,0,0,1,1,1,VIT_943,test,best.pt,,,,,,,
0.25,0.757979026,19,0,0,1,1,1,VIT_943,test,best.pt,,,,,,,
0.3,0.757979026,19,0,0,1,1,1,VIT_943,test,best.pt,,,,,,,
0.35,0.757979026,19,0,0,1,1,1,VIT_943,test,best.pt,,,,,,,
0.4,0.757979026,19,0,0,1,1,1,VIT_943,test,best.pt,,,,,,,
0.45,0.757979026,19,0,0,1,1,1,VIT_943,test,best.pt,,,,,,,
0.5,0.757979026,19,0,0,1,1,1,VIT_943,test,best.pt,,,,,,,
0.2,0.727997808,20,0,0,1,1,1,VIT_945,test,best.pt,,,,,,,
0.25,0.727997808,20,0,0,1,1,1,VIT_945,test,best.pt,,,,,,,
0.3,0.727997808,20,0,0,1,1,1,VIT_945,test,best.pt,,,,,,,
0.35,0.727997808,20,0,0,1,1,1,VIT_945,test,best.pt,,,,,,,
0.4,0.727997808,20,0,0,1,1,1,VIT_945,test,best.pt,,,,,,,
0.45,0.727997808,20,0,0,1,1,1,VIT_945,test,best.pt,,,,,,,
0.5,0.693331247,19,1,1,0.95,0.95,0.95,VIT_945,test,best.pt,,,,,,,
0.2,0.827590301,20,0,0,1,1,1,VIT_946,test,best.pt,,,,,,,
0.25,0.827590301,20,0,0,1,1,1,VIT_946,test,best.pt,,,,,,,
0.3,0.827590301,20,0,0,1,1,1,VIT_946,test,best.pt,,,,,,,
0.35,0.827590301,20,0,0,1,1,1,VIT_946,test,best.pt,,,,,,,
0.4,0.827590301,20,0,0,1,1,1,VIT_946,test,best.pt,,,,,,,
0.45,0.827590301,20,0,0,1,1,1,VIT_946,test,best.pt,,,,,,,
0.5,0.827590301,20,0,0,1,1,1,VIT_946,test,best.pt,,,,,,,
0.2,0.776464189,20,0,0,1,1,1,VIT_947,test,best.pt,,,,,,,
0.25,0.776464189,20,0,0,1,1,1,VIT_947,test,best.pt,,,,,,,
0.3,0.776464189,20,0,0,1,1,1,VIT_947,test,best.pt,,,,,,,
0.35,0.776464189,20,0,0,1,1,1,VIT_947,test,best.pt,,,,,,,
0.4,0.776464189,20,0,0,1,1,1,VIT_947,test,best.pt,,,,,,,
0.45,0.776464189,20,0,0,1,1,1,VIT_947,test,best.pt,,,,,,,
0.5,0.776464189,20,0,0,1,1,1,VIT_947,test,best.pt,,,,,,,
0.2,0.848922265,20,0,0,1,1,1,VIT_949,test,best.pt,,,,,,,
0.25,0.848922265,20,0,0,1,1,1,VIT_949,test,best.pt,,,,,,,
0.3,0.848922265,20,0,0,1,1,1,VIT_949,test,best.pt,,,,,,,
0.35,0.848922265,20,0,0,1,1,1,VIT_949,test,best.pt,,,,,,,
0.4,0.848922265,20,0,0,1,1,1,VIT_949,test,best.pt,,,,,,,
0.45,0.848922265,20,0,0,1,1,1,VIT_949,test,best.pt,,,,,,,
0.5,0.848922265,20,0,0,1,1,1,VIT_949,test,best.pt,,,,,,,
0.2,0.775927034,21,0,0,1,1,1,VIT_952,test,best.pt,,,,,,,
0.25,0.775927034,21,0,0,1,1,1,VIT_952,test,best.pt,,,,,,,
0.3,0.775927034,21,0,0,1,1,1,VIT_952,test,best.pt,,,,,,,
0.35,0.775927034,21,0,0,1,1,1,VIT_952,test,best.pt,,,,,,,
0.4,0.775927034,21,0,0,1,1,1,VIT_952,test,best.pt,,,,,,,
0.45,0.775927034,21,0,0,1,1,1,VIT_952,test,best.pt,,,,,,,
0.5,0.775927034,21,0,0,1,1,1,VIT_952,test,best.pt,,,,,,,
0.2,0.795295519,20,0,0,1,1,1,VIT_956,test,best.pt,,,,,,,
0.25,0.795295519,20,0,0,1,1,1,VIT_956,test,best.pt,,,,,,,
0.3,0.795295519,20,0,0,1,1,1,VIT_956,test,best.pt,,,,,,,
0.35,0.795295519,20,0,0,1,1,1,VIT_956,test,best.pt,,,,,,,
0.4,0.795295519,20,0,0,1,1,1,VIT_956,test,best.pt,,,,,,,
0.45,0.795295519,20,0,0,1,1,1,VIT_956,test,best.pt,,,,,,,
0.5,0.795295519,20,0,0,1,1,1,VIT_956,test,best.pt,,,,,,,
0.2,0.80664723,20,0,0,1,1,1,VIT_957,test,best.pt,,,,,,,
0.25,0.80664723,20,0,0,1,1,1,VIT_957,test,best.pt,,,,,,,
0.3,0.80664723,20,0,0,1,1,1,VIT_957,test,best.pt,,,,,,,
0.35,0.80664723,20,0,0,1,1,1,VIT_957,test,best.pt,,,,,,,
0.4,0.80664723,20,0,0,1,1,1,VIT_957,test,best.pt,,,,,,,
0.45,0.80664723,20,0,0,1,1,1,VIT_957,test,best.pt,,,,,,,
0.5,0.80664723,20,0,0,1,1,1,VIT_957,test,best.pt,,,,,,,
0.2,0.798517928,20,0,0,1,1,1,VIT_961,test,best.pt,,,,,,,
0.25,0.798517928,20,0,0,1,1,1,VIT_961,test,best.pt,,,,,,,
0.3,0.798517928,20,0,0,1,1,1,VIT_961,test,best.pt,,,,,,,
0.35,0.798517928,20,0,0,1,1,1,VIT_961,test,best.pt,,,,,,,
0.4,0.798517928,20,0,0,1,1,1,VIT_961,test,best.pt,,,,,,,
0.45,0.798517928,20,0,0,1,1,1,VIT_961,test,best.pt,,,,,,,
0.5,0.798517928,20,0,0,1,1,1,VIT_961,test,best.pt,,,,,,,
0.2,0.760944588,20,0,0,1,1,1,VIT_966,test,best.pt,,,,,,,
0.25,0.760944588,20,0,0,1,1,1,VIT_966,test,best.pt,,,,,,,
0.3,0.760944588,20,0,0,1,1,1,VIT_966,test,best.pt,,,,,,,
0.35,0.760944588,20,0,0,1,1,1,VIT_966,test,best.pt,,,,,,,
0.4,0.760944588,20,0,0,1,1,1,VIT_966,test,best.pt,,,,,,,
0.45,0.760944588,20,0,0,1,1,1,VIT_966,test,best.pt,,,,,,,
0.5,0.760944588,20,0,0,1,1,1,VIT_966,test,best.pt,,,,,,,
0.2,0.807206127,20,0,0,1,1,1,VIT_972,test,best.pt,,,,,,,
0.25,0.807206127,20,0,0,1,1,1,VIT_972,test,best.pt,,,,,,,
0.3,0.807206127,20,0,0,1,1,1,VIT_972,test,best.pt,,,,,,,
0.35,0.807206127,20,0,0,1,1,1,VIT_972,test,best.pt,,,,,,,
0.4,0.807206127,20,0,0,1,1,1,VIT_972,test,best.pt,,,,,,,
0.45,0.807206127,20,0,0,1,1,1,VIT_972,test,best.pt,,,,,,,
0.5,0.807206127,20,0,0,1,1,1,VIT_972,test,best.pt,,,,,,,
0.2,0.775377726,20,0,0,1,1,1,VIT_973,test,best.pt,,,,,,,
0.25,0.775377726,20,0,0,1,1,1,VIT_973,test,best.pt,,,,,,,
0.3,0.775377726,20,0,0,1,1,1,VIT_973,test,best.pt,,,,,,,
0.35,0.775377726,20,0,0,1,1,1,VIT_973,test,best.pt,,,,,,,
0.4,0.775377726,20,0,0,1,1,1,VIT_973,test,best.pt,,,,,,,
0.45,0.775377726,20,0,0,1,1,1,VIT_973,test,best.pt,,,,,,,
0.5,0.775377726,20,0,0,1,1,1,VIT_973,test,best.pt,,,,,,,
0.2,0.74819982,20,1,0,0.95,1,0.98,VIT_974,test,best.pt,,,,,,,
0.25,0.74819982,20,1,0,0.95,1,0.98,VIT_974,test,best.pt,,,,,,,
0.3,0.74819982,20,1,0,0.95,1,0.98,VIT_974,test,best.pt,,,,,,,
0.35,0.74819982,20,1,0,0.95,1,0.98,VIT_974,test,best.pt,,,,,,,
0.4,0.74819982,20,1,0,0.95,1,0.98,VIT_974,test,best.pt,,,,,,,
0.45,0.74819982,20,1,0,0.95,1,0.98,VIT_974,test,best.pt,,,,,,,
0.5,0.74819982,20,1,0,0.95,1,0.98,VIT_974,test,best.pt,,,,,,,
0.2,0.794886985,20,0,0,1,1,1,VIT_976,test,best.pt,,,,,,,
0.25,0.794886985,20,0,0,1,1,1,VIT_976,test,best.pt,,,,,,,
0.3,0.794886985,20,0,0,1,1,1,VIT_976,test,best.pt,,,,,,,
0.35,0.794886985,20,0,0,1,1,1,VIT_976,test,best.pt,,,,,,,
0.4,0.794886985,20,0,0,1,1,1,VIT_976,test,best.pt,,,,,,,
0.45,0.794886985,20,0,0,1,1,1,VIT_976,test,best.pt,,,,,,,
0.5,0.794886985,20,0,0,1,1,1,VIT_976,test,best.pt,,,,,,,
0.2,0.795385832,20,0,0,1,1,1,VIT_981,test,best.pt,,,,,,,
0.25,0.795385832,20,0,0,1,1,1,VIT_981,test,best.pt,,,,,,,
0.3,0.795385832,20,0,0,1,1,1,VIT_981,test,best.pt,,,,,,,
0.35,0.795385832,20,0,0,1,1,1,VIT_981,test,best.pt,,,,,,,
0.4,0.795385832,20,0,0,1,1,1,VIT_981,test,best.pt,,,,,,,
0.45,0.795385832,20,0,0,1,1,1,VIT_981,test,best.pt,,,,,,,
0.5,0.795385832,20,0,0,1,1,1,VIT_981,test,best.pt,,,,,,,
0.2,0.775266792,20,0,0,1,1,1,VIT_995,test,best.pt,,,,,,,
0.25,0.775266792,20,0,0,1,1,1,VIT_995,test,best.pt,,,,,,,
0.3,0.775266792,20,0,0,1,1,1,VIT_995,test,best.pt,,,,,,,
0.35,0.775266792,20,0,0,1,1,1,VIT_995,test,best.pt,,,,,,,
0.4,0.775266792,20,0,0,1,1,1,VIT_995,test,best.pt,,,,,,,
0.45,0.775266792,20,0,0,1,1,1,VIT_995,test,best.pt,,,,,,,
0.5,0.775266792,20,0,0,1,1,1,VIT_995,test,best.pt,,,,,,,
0.2,0.753967513,20,0,1,1,0.95,0.98,VIT_996,test,best.pt,,,,,,,
0.25,0.753967513,20,0,1,1,0.95,0.98,VIT_996,test,best.pt,,,,,,,
0.3,0.753967513,20,0,1,1,0.95,0.98,VIT_996,test,best.pt,,,,,,,
0.35,0.753967513,20,0,1,1,0.95,0.98,VIT_996,test,best.pt,,,,,,,
0.4,0.753967513,20,0,1,1,0.95,0.98,VIT_996,test,best.pt,,,,,,,
0.45,0.753967513,20,0,1,1,0.95,0.98,VIT_996,test,best.pt,,,,,,,
0.5,0.753967513,20,0,1,1,0.95,0.98,VIT_996,test,best.pt,,,,,,,
